q_dimensionless,F0_CLASS_normalized,Fplus_CLASS_normalized,Fminus_CLASS_normalized
0.00000000000000000e+00,4.03144180414993693e-03,3.62547944654810538e-03,4.43740416175176806e-03
5.00125031257814441e-03,4.02136070037116024e-03,3.60438200097313362e-03,4.43833939976918685e-03
1.00025006251562888e-02,4.01127972266789729e-03,3.58314293863819201e-03,4.43941650669760299e-03
1.50037509377344332e-02,4.00119899710935437e-03,3.56176726444020625e-03,4.44063072977850248e-03
2.00050012503125776e-02,3.99111864975212807e-03,3.54026030562839015e-03,4.44197699387586555e-03
2.50062515628907203e-02,3.98103880663389174e-03,3.51862771473601330e-03,4.44344989853177018e-03
3.00075018754688665e-02,3.97095959376710366e-03,3.49687547203108434e-03,4.44504371550312298e-03
3.50087521880470126e-02,3.96088113713269872e-03,3.47500988746550585e-03,4.44675238679989159e-03
4.00100025006251553e-02,3.95080356267379397e-03,3.45303760210287965e-03,4.44856952324470829e-03
4.50112528132032980e-02,3.94072699628940110e-03,3.43096558900571943e-03,4.45048840357308278e-03
5.00125031257814406e-02,3.93065156382812596e-03,3.40880115356351036e-03,4.45250197409274157e-03
5.50137534383595903e-02,3.92057739108190185e-03,3.38655193324386783e-03,4.45460284891993543e-03
6.00150037509377329e-02,3.91050460377969939e-03,3.36422589674978921e-03,4.45678331080960957e-03
6.50162540635158825e-02,3.90043332758126379e-03,3.34183134256697562e-03,4.45903531259555196e-03
7.00175043760940252e-02,3.89036368807084941e-03,3.31937689688610853e-03,4.46135047925559029e-03
7.50187546886721679e-02,3.88029581075096915e-03,3.29687151088602429e-03,4.46372011061591401e-03
8.00200050012503106e-02,3.87022982103614075e-03,3.27432445736480782e-03,4.46613518470747369e-03
8.50212553138284532e-02,3.86016584424665916e-03,3.25174532670703112e-03,4.46858636178628765e-03
9.00225056264065959e-02,3.85010400560236192e-03,3.22914402217653294e-03,4.47106398902819089e-03
9.50237559389847386e-02,3.84004443021641927e-03,3.20653075452547202e-03,4.47355810590736695e-03
1.00025006251562881e-01,3.82998724308912693e-03,3.18391603591170044e-03,4.47605845026655385e-03
1.05026256564141038e-01,3.81993256910171308e-03,3.16131067311792692e-03,4.47855446508549880e-03
1.10027506876719181e-01,3.80988053301015714e-03,3.13872576006758632e-03,4.48103530595272796e-03
1.15028757189297323e-01,3.79983125943902759e-03,3.11617266963384138e-03,4.48348984924421337e-03
1.20030007501875466e-01,3.78978487287532327e-03,3.09366304473969672e-03,4.48590670101095025e-03
1.25031257814453622e-01,3.77974149766233721e-03,3.07120878874881037e-03,4.48827420657586362e-03
1.30032508127031765e-01,3.76970125799353526e-03,3.04882205514822114e-03,4.49058046083884894e-03
1.35033758439609908e-01,3.75966427790644635e-03,3.02651523652588874e-03,4.49281331928700397e-03
1.40035008752188050e-01,3.74963068127657107e-03,3.00430095284765549e-03,4.49496040970548665e-03
1.45036259064766193e-01,3.73960059181130920e-03,2.98219203903997898e-03,4.49700914458263899e-03
1.50037509377344336e-01,3.72957413304390384e-03,2.96020153188654303e-03,4.49894673420126422e-03
1.55038759689922478e-01,3.71955142832740022e-03,2.93834265624862319e-03,4.50076020040617725e-03
1.60040010002500621e-01,3.70953260082863183e-03,2.91662881062092509e-03,4.50243639103633901e-03
1.65041260315078764e-01,3.69951777352221659e-03,2.89507355203634737e-03,4.50396199500808624e-03
1.70042510627656906e-01,3.68950706918457763e-03,2.87369058033500871e-03,4.50532355803414698e-03
1.75043760940235049e-01,3.67950061038799020e-03,2.85249372181463649e-03,4.50650749896134434e-03
1.80045011252813192e-01,3.66949851949463805e-03,2.83149691228123165e-03,4.50750012670804445e-03
1.85046261565391335e-01,3.65950091865070411e-03,2.81071417952073483e-03,4.50828765778067339e-03
1.90047511877969477e-01,3.64950792978047068e-03,2.79015962521417292e-03,4.50885623434676801e-03
1.95048762190547620e-01,3.63951967458045911e-03,2.76984740632054208e-03,4.50919194284037615e-03
2.00050012503125763e-01,3.62953627451357728e-03,2.74979171595338785e-03,4.50928083307376715e-03
2.05051262815703933e-01,3.61955785080330435e-03,2.73000676377875735e-03,4.50910893782785135e-03
2.10052513128282076e-01,3.60958452442788772e-03,2.71050675596383938e-03,4.50866229289193648e-03
2.15053763440860218e-01,3.59961641611458065e-03,2.69130587470723824e-03,4.50792695752192264e-03
2.20055013753438361e-01,3.58965364633389000e-03,2.67241825738336438e-03,4.50688903528441605e-03
2.25056264066016504e-01,3.57969633529386412e-03,2.65385797533495681e-03,4.50553469525277143e-03
2.30057514378594646e-01,3.56974460293439958e-03,2.63563901234918326e-03,4.50385019351961548e-03
2.35058764691172789e-01,3.55979856892157942e-03,2.61777524285414925e-03,4.50182189498900959e-03
2.40060015003750932e-01,3.54985835264203919e-03,2.60028040987396155e-03,4.49943629541011726e-03
2.45061265316329074e-01,3.53992407319736165e-03,2.58316810278172654e-03,4.49668004361299632e-03
2.50062515628907245e-01,3.52999584939849703e-03,2.56645173489101000e-03,4.49353996390598406e-03
2.55063765941485388e-01,3.52007379976022492e-03,2.55014452092737313e-03,4.49000307859307671e-03
2.60065016254063530e-01,3.51015804249562918e-03,2.53425945442255305e-03,4.48605663056870531e-03
2.65066266566641673e-01,3.50024869551062226e-03,2.51880928507478268e-03,4.48168810594646184e-03
2.70067516879219816e-01,3.49034587639848780e-03,2.50380649611949002e-03,4.47688525667748558e-03
2.75068767191797958e-01,3.48044970243446133e-03,2.48926328175534065e-03,4.47163612311358202e-03
2.80070017504376101e-01,3.47056029057034050e-03,2.47519152467115446e-03,4.46592905646952653e-03
2.85071267816954244e-01,3.46067775742913124e-03,2.46160277371971267e-03,4.45975274113854982e-03
2.90072518129532386e-01,3.45080221929972833e-03,2.44850822178484077e-03,4.45309621681461588e-03
2.95073768442110529e-01,3.44093379213162524e-03,2.43591868388837694e-03,4.44594890037487353e-03
3.00075018754688672e-01,3.43107259152966278e-03,2.42384457558382895e-03,4.43830060747549618e-03
3.05076269067266814e-01,3.42121873274881276e-03,2.41229589168349620e-03,4.43014157381412931e-03
3.10077519379844957e-01,3.41137233068899330e-03,2.40128218536574557e-03,4.42146247601224104e-03
3.15078769692423100e-01,3.40153349988992501e-03,2.39081254770895238e-03,4.41225445207089721e-03
3.20080020005001242e-01,3.39170235452602130e-03,2.38089558769821177e-03,4.40250912135383039e-03
3.25081270317579385e-01,3.38187900840131520e-03,2.37153941275053924e-03,4.39221860405209115e-03
3.30082520630157528e-01,3.37206357494442563e-03,2.36275160980365610e-03,4.38137554008519517e-03
3.35083770942735670e-01,3.36225616720355882e-03,2.35453922701276503e-03,4.36997310739435305e-03
3.40085021255313813e-01,3.35245689784154826e-03,2.34690875609892390e-03,4.35800503958417261e-03
3.45086271567891956e-01,3.34266587913094023e-03,2.33986611539165838e-03,4.34546564287022208e-03
3.50087521880470098e-01,3.33288322294910495e-03,2.33341663360742482e-03,4.33234981229078508e-03
3.55088772193048241e-01,3.32310904077340059e-03,2.32756503440435672e-03,4.31865304714244488e-03
3.60090022505626384e-01,3.31334344367636979e-03,2.32231542175243607e-03,4.30437146560030352e-03
3.65091272818204526e-01,3.30358654232098094e-03,2.31767126615686726e-03,4.28950181848509506e-03
3.70092523130782669e-01,3.29383844695590230e-03,2.31363539177089272e-03,4.27404150214091144e-03
3.75093773443360812e-01,3.28409926741083085e-03,2.31020996443272826e-03,4.25798857038893301e-03
3.80095023755938954e-01,3.27436911309184802e-03,2.30739648065954707e-03,4.24134174552414853e-03
3.85096274068517097e-01,3.26464809297682653e-03,2.30519575762968935e-03,4.22410042832396370e-03
3.90097524381095240e-01,3.25493631561087852e-03,2.30360792418234268e-03,4.20626470703941435e-03
3.95098774693673382e-01,3.24523388910184394e-03,2.30263241286197875e-03,4.18783536534170914e-03
4.00100025006251525e-01,3.23554092111582193e-03,2.30226795303276575e-03,4.16881388919887810e-03
4.05101275318829723e-01,3.22585751887274983e-03,2.30251256508604615e-03,4.14920247265945352e-03
4.10102525631407866e-01,3.21618378914201612e-03,2.30336355576172842e-03,4.12900402252230382e-03
4.15103775943986009e-01,3.20651983823813528e-03,2.30481751460222695e-03,4.10822216187404360e-03
4.20105026256564151e-01,3.19686577201644352e-03,2.30687031155515573e-03,4.08686123247773130e-03
4.25106276569142294e-01,3.18722169586886173e-03,2.30951709573870350e-03,4.06492629599902039e-03
4.30107526881720437e-01,3.17758771471968572e-03,2.31275229538106548e-03,4.04242313405830597e-03
4.35108777194298579e-01,3.16796393302143505e-03,2.31656961894293693e-03,4.01935824709993318e-03
4.40110027506876722e-01,3.15835045475073911e-03,2.32096205742947023e-03,3.99573885207200798e-03
4.45111277819454865e-01,3.14874738340427222e-03,2.32592188789562237e-03,3.97157287891292208e-03
4.50112528132033007e-01,3.13915482199473520e-03,2.33144067814622640e-03,3.94686896584324400e-03
4.55113778444611150e-01,3.12957287304688192e-03,2.33750929262955360e-03,3.92163645346420980e-03
4.60115028757189293e-01,3.12000163859359626e-03,2.34411789952056367e-03,3.89588537766662885e-03
4.65116279069767435e-01,3.11044122017200848e-03,2.35125597898744277e-03,3.86962646135657418e-03
4.70117529382345578e-01,3.10089171881966974e-03,2.35891233263247789e-03,3.84287110500686159e-03
4.75118779694923721e-01,3.09135323507076345e-03,2.36707509409573701e-03,3.81563137604578988e-03
4.80120030007501863e-01,3.08182586895237214e-03,2.37573174080751327e-03,3.78791999709723100e-03
4.85121280320080006e-01,3.07230971998078816e-03,2.38486910687295836e-03,3.75975033308861796e-03
4.90122530632658149e-01,3.06280488715787551e-03,2.39447339706988331e-03,3.73113637724586771e-03
4.95123780945236291e-01,3.05331146896747375e-03,2.40453020193825279e-03,3.70209273599669472e-03
5.00125031257814490e-01,3.04382956337186268e-03,2.41502451393754789e-03,3.67263461280617747e-03
5.05126281570392632e-01,3.03435926780826074e-03,2.42594074464580218e-03,3.64277779097071930e-03
5.10127531882970775e-01,3.02490067918538769e-03,2.43726274297190529e-03,3.61253861539887009e-03
5.15128782195548918e-01,3.01545389388006282e-03,2.44897381435052117e-03,3.58193397340960448e-03
5.20130032508127060e-01,3.00601900773386213e-03,2.46105674088688406e-03,3.55098127458084020e-03
5.25131282820705203e-01,2.99659611604982277e-03,2.47349380241666068e-03,3.51969842968298486e-03
5.30132533133283346e-01,2.98718531358919135e-03,2.48626679844412982e-03,3.48810382873425287e-03
5.35133783445861488e-01,2.97778669456823372e-03,2.49935707092004350e-03,3.45621631821642393e-03
5.40135033758439631e-01,2.96840035265508520e-03,2.51274552781876378e-03,3.42405517749140662e-03
5.45136284071017774e-01,2.95902638096665060e-03,2.52641266747257939e-03,3.39164009446072182e-03
5.50137534383595916e-01,2.94966487206556587e-03,2.54033860361956325e-03,3.35899114051156850e-03
5.55138784696174059e-01,2.94031591795719353e-03,2.55450309111980708e-03,3.32612874479457999e-03
5.60140035008752202e-01,2.93097961008668539e-03,2.56888555229356974e-03,3.29307366787980104e-03
5.65141285321330344e-01,2.92165603933608464e-03,2.58346510383358242e-03,3.25984697483858686e-03
5.70142535633908487e-01,2.91234529602148098e-03,2.59822058424264823e-03,3.22647000780031373e-03
5.75143785946486630e-01,2.90304746989022023e-03,2.61313058174666166e-03,3.19296435803377880e-03
5.80145036259064772e-01,2.89376265011816397e-03,2.62817346263227291e-03,3.15935183760405504e-03
5.85146286571642915e-01,2.88449092530699289e-03,2.64332739995764166e-03,3.12565445065634412e-03
5.90147536884221058e-01,2.87523238348157606e-03,2.65857040258413472e-03,3.09189436437901739e-03
5.95148787196799200e-01,2.86598711208737537e-03,2.67388034447620928e-03,3.05809387969854145e-03
6.00150037509377343e-01,2.85675519798791371e-03,2.68923499421642532e-03,3.02427540175940210e-03
6.05151287821955486e-01,2.84753672746228606e-03,2.70461204468218450e-03,2.99046141024238762e-03
6.10152538134533629e-01,2.83833178620272655e-03,2.71998914283069727e-03,2.95667442957475582e-03
6.15153788447111771e-01,2.82914045931222883e-03,2.73534391953863436e-03,2.92293699908582330e-03
6.20155038759689914e-01,2.81996283130220770e-03,2.75065401944301919e-03,2.88927164316139622e-03
6.25156289072268057e-01,2.81079898609022747e-03,2.76589713073017865e-03,2.85570084145027629e-03
6.30157539384846199e-01,2.80164900699776632e-03,2.78105101481986548e-03,2.82224699917566716e-03
6.35158789697424342e-01,2.79251297674804793e-03,2.79609353589218255e-03,2.78893241760391330e-03
6.40160040010002485e-01,2.78339097746390773e-03,2.81100269020547475e-03,2.75577926472234070e-03
6.45161290322580627e-01,2.77428309066572384e-03,2.82575663515410207e-03,2.72280954617734562e-03
6.50162540635158770e-01,2.76518939726939569e-03,2.84033371801578009e-03,2.69004507652301130e-03
6.55163790947736913e-01,2.75610997758437030e-03,2.85471250433909016e-03,2.65750745082965045e-03
6.60165041260315055e-01,2.74704491131172414e-03,2.86887180592282961e-03,2.62521801670061866e-03
6.65166291572893198e-01,2.73799427754229828e-03,2.88279070833993368e-03,2.59319784674466288e-03
6.70167541885471341e-01,2.72895815475487609e-03,2.89644859795996738e-03,2.56146771154978480e-03
6.75168792198049483e-01,2.71993662081442336e-03,2.90982518842549005e-03,2.53004805320335667e-03
6.80170042510627626e-01,2.71092975297037306e-03,2.92290054653898635e-03,2.49895895940175977e-03
6.85171292823205769e-01,2.70193762785496134e-03,2.93565511751856054e-03,2.46822013819136214e-03
6.90172543135783911e-01,2.69296032148161725e-03,2.94806974958214830e-03,2.43785089338108621e-03
6.95173793448362054e-01,2.68399790924340326e-03,2.96012571782165159e-03,2.40787010066515492e-03
7.00175043760940197e-01,2.67505046591150469e-03,2.97180474733010989e-03,2.37829618449289949e-03
7.05176294073518339e-01,2.66611806563377216e-03,2.98308903554678597e-03,2.34914709572075836e-03
7.10177544386096482e-01,2.65720078193331386e-03,2.99396127378690792e-03,2.32044029007971980e-03
7.15178794698674625e-01,2.64829868770713808e-03,3.00440466792467002e-03,2.29219270748960615e-03
7.20180045011252767e-01,2.63941185522484920e-03,3.01440295820004905e-03,2.26442075224964935e-03
7.25181295323830910e-01,2.63054035612738995e-03,3.02394043812196723e-03,2.23714027413281268e-03
7.30182545636409053e-01,2.62168426142583800e-03,3.03300197244235712e-03,2.21036655040931888e-03
7.35183795948987195e-01,2.61284364150025060e-03,3.04157301417772551e-03,2.18411426882277569e-03
7.40185046261565338e-01,2.60401856609855696e-03,3.04963962065689072e-03,2.15839751154022321e-03
7.45186296574143481e-01,2.59520910433550965e-03,3.05718846857568885e-03,2.13322974009533045e-03
7.50187546886721623e-01,2.58641532469167535e-03,3.06420686804150660e-03,2.10862378134184410e-03
7.55188797199299766e-01,2.57763729501247997e-03,3.07068277559266944e-03,2.08459181443229049e-03
7.60190047511877909e-01,2.56887508250730609e-03,3.07660480617982877e-03,2.06114535883478341e-03
7.65191297824456051e-01,2.56012875374863431e-03,3.08196224409859349e-03,2.03829526339867513e-03
7.70192548137034194e-01,2.55139837467123660e-03,3.08674505286479946e-03,2.01605169647767375e-03
7.75193798449612337e-01,2.54268401057142213e-03,3.09094388402592502e-03,1.99442413711691923e-03
7.80195048762190480e-01,2.53398572610632295e-03,3.09455008490420709e-03,1.97342136730843882e-03
7.85196299074768622e-01,2.52530358529323880e-03,3.09755570526916001e-03,1.95305146531731737e-03
7.90197549387346765e-01,2.51663765150902463e-03,3.09995350293917372e-03,1.93332180007887576e-03
7.95198799699924908e-01,2.50798798748952563e-03,3.10173694831393119e-03,1.91423902666512007e-03
8.00200050012503050e-01,2.49935465532906452e-03,3.10290022784136385e-03,1.89580908281676520e-03
8.05201300325081304e-01,2.49073771647997499e-03,3.10343824642478772e-03,1.87803718653516204e-03
8.10202550637659447e-01,2.48213723175218009e-03,3.10334662877778146e-03,1.86092783472657872e-03
8.15203800950237589e-01,2.47355326131282281e-03,3.10262171973624224e-03,1.84448480288940337e-03
8.20205051262815732e-01,2.46498586468594204e-03,3.10126058353881948e-03,1.82871114583306460e-03
8.25206301575393875e-01,2.45643510075219422e-03,3.09926100208872662e-03,1.81360919941566160e-03
8.30207551887972017e-01,2.44790102774862300e-03,3.09662147221159657e-03,1.79918058328564943e-03
8.35208802200550160e-01,2.43938370326847757e-03,3.09334120192571605e-03,1.78542620461123909e-03
8.40210052513128303e-01,2.43088318426107385e-03,3.08942010574251875e-03,1.77234626277962895e-03
8.45211302825706445e-01,2.42239952703170386e-03,3.08485879901676486e-03,1.75994025504664286e-03
8.50212553138284588e-01,2.41393278724159237e-03,3.07965859136726189e-03,1.74820698311592285e-03
8.55213803450862731e-01,2.40548301990789210e-03,3.07382147919035712e-03,1.73714456062542709e-03
8.60215053763440873e-01,2.39705027940373882e-03,3.06735013728977844e-03,1.72675042151769899e-03
8.65216304076019016e-01,2.38863461945833418e-03,3.06024790964757503e-03,1.71702132926909333e-03
8.70217554388597159e-01,2.38023609315708576e-03,3.05251879936213697e-03,1.70795338695203434e-03
8.75218804701175301e-01,2.37185475294178884e-03,3.04416745778032620e-03,1.69954204810325127e-03
8.80220055013753444e-01,2.36349065061084752e-03,3.03519917285177210e-03,1.69178212836992295e-03
8.85221305326331587e-01,2.35514383731954885e-03,3.02561985673433561e-03,1.68466781790476208e-03
8.90222555638909729e-01,2.34681436358037156e-03,3.01543603268059892e-03,1.67819269448014419e-03
8.95223805951487872e-01,2.33850227926334564e-03,3.00465482123602606e-03,1.67234973729066521e-03
9.00225056264066015e-01,2.33020763359645172e-03,2.99328392578014635e-03,1.66713134141275709e-03
9.05226306576644157e-01,2.32193047516606084e-03,2.98133161744275777e-03,1.66252933288936369e-03
9.10227556889222300e-01,2.31367085191742450e-03,2.96880671942769802e-03,1.65853498440715098e-03
9.15228807201800443e-01,2.30542881115519899e-03,2.95571859077719363e-03,1.65513903153320435e-03
9.20230057514378585e-01,2.29720439954401610e-03,2.94207710961024056e-03,1.65233168947779186e-03
9.25231307826956728e-01,2.28899766310909462e-03,2.92789265586877170e-03,1.65010267034941755e-03
9.30232558139534871e-01,2.28080864723689564e-03,2.91317609360564186e-03,1.64844120086814943e-03
9.35233808452113013e-01,2.27263739667581165e-03,2.89793875284862640e-03,1.64733604050299669e-03
9.40235058764691156e-01,2.26448395553690597e-03,2.88219241107478532e-03,1.64677549999902662e-03
9.45236309077269299e-01,2.25634836729468645e-03,2.86594927432954477e-03,1.64674746025982813e-03
9.50237559389847442e-01,2.24823067478792122e-03,2.84922195802485767e-03,1.64723939155098477e-03
9.55238809702425584e-01,2.24013092022049345e-03,2.83202346745071564e-03,1.64823837299027127e-03
9.60240060015003727e-01,2.23204914516229695e-03,2.81436717803410993e-03,1.64973111229048375e-03
9.65241310327581870e-01,2.22398539055017113e-03,2.79626681537936943e-03,1.65170396572097283e-03
9.70242560640160012e-01,2.21593969668887163e-03,2.77773643512346530e-03,1.65414295825427795e-03
9.75243810952738155e-01,2.20791210325208377e-03,2.75879040263962445e-03,1.65703380386454310e-03
9.80245061265316298e-01,2.19990264928347215e-03,2.73944337262211918e-03,1.66036192594482533e-03
9.85246311577894440e-01,2.19191137319776777e-03,2.71971026858472366e-03,1.66411247781081189e-03
9.90247561890472583e-01,2.18393831278189095e-03,2.69960626230479790e-03,1.66827036325898400e-03
9.95248812203050726e-01,2.17598350519611740e-03,2.67914675324444672e-03,1.67282025714778808e-03
1.00025006251562898e+00,2.16804698697527481e-03,2.65834734797957368e-03,1.67774662597097593e-03
1.00525131282820701e+00,2.16012879402997793e-03,2.63722383966706261e-03,1.68303374839289324e-03
1.01025256314078526e+00,2.15222896164790102e-03,2.61579218757960639e-03,1.68866573571619565e-03
1.01525381345336330e+00,2.14434752449508539e-03,2.59406849673701973e-03,1.69462655225315105e-03
1.02025506376594155e+00,2.13648451661727990e-03,2.57206899766208776e-03,1.70090003557247225e-03
1.02525631407851958e+00,2.12863997144132223e-03,2.54981002628826541e-03,1.70746991659437883e-03
1.03025756439109784e+00,2.12081392177654706e-03,2.52730800404566899e-03,1.71431983950742512e-03
1.03525881470367587e+00,2.11300639981623585e-03,2.50457941815101365e-03,1.72143338148145805e-03
1.04026006501625412e+00,2.10521743713909569e-03,2.48164080212622809e-03,1.72879407215196330e-03
1.04526131532883215e+00,2.09744706471077418e-03,2.45850871656963423e-03,1.73638541285191434e-03
1.05026256564141041e+00,2.08969531288540674e-03,2.43519973020259184e-03,1.74419089556822164e-03
1.05526381595398844e+00,2.08196221140719701e-03,2.41173040121366988e-03,1.75219402160072435e-03
1.06026506626656669e+00,2.07424778941202792e-03,2.38811725892133439e-03,1.76037831990272144e-03
1.06526631657914472e+00,2.06655207542910929e-03,2.36437678577530340e-03,1.76872736508291517e-03
1.07026756689172298e+00,2.05887509738265136e-03,2.34052539971561042e-03,1.77722479504969231e-03
1.07526881720430101e+00,2.05121688259357485e-03,2.31657943690755184e-03,1.78585432827959808e-03
1.08027006751687926e+00,2.04357745778124822e-03,2.29255513486959243e-03,1.79459978069290379e-03
1.08527131782945729e+00,2.03595684906525973e-03,2.26846861601038554e-03,1.80344508212013413e-03
1.09027256814203555e+00,2.02835508196721201e-03,2.24433587158997475e-03,1.81237429234444927e-03
1.09527381845461358e+00,2.02077218141255826e-03,2.22017274611934932e-03,1.82137161670576720e-03
1.10027506876719183e+00,2.01320817173245578e-03,2.19599492221138164e-03,1.83042142125352993e-03
1.10527631907976986e+00,2.00566307666565687e-03,2.17181790589530705e-03,1.83950824743600691e-03
1.11027756939234812e+00,1.99813691936042391e-03,2.14765701240580672e-03,1.84861682631504089e-03
1.11527881970492615e+00,1.99062972237647618e-03,2.12352735245683244e-03,1.85773209229611993e-03
1.12028007001750440e+00,1.98314150768696268e-03,2.09944381900927044e-03,1.86683919636465492e-03
1.12528132033008244e+00,1.97567229668046225e-03,2.07542107454062848e-03,1.87592351882029580e-03
1.13028257064266069e+00,1.96822211016301147e-03,2.05147353882390721e-03,1.88497068150211573e-03
1.13528382095523872e+00,1.96079096836015813e-03,2.02761537722192077e-03,1.89396655949839571e-03
1.14028507126781697e+00,1.95337889091904597e-03,2.00386048950235802e-03,1.90289729233573414e-03
1.14528632158039501e+00,1.94598589691051776e-03,1.98022249917798173e-03,1.91174929464305358e-03
1.15028757189297326e+00,1.93861200483125078e-03,1.95671474337544065e-03,1.92050926628706091e-03
1.15528882220555129e+00,1.93125723260591329e-03,1.93335026323530196e-03,1.92916420197652462e-03
1.16029007251812954e+00,1.92392159758934941e-03,1.91014179484503524e-03,1.93770140033366358e-03
1.16529132283070758e+00,1.91660511656878483e-03,1.88710176070584399e-03,1.94610847243172568e-03
1.17029257314328583e+00,1.90930780576605832e-03,1.86424226173339787e-03,1.95437334979871877e-03
1.17529382345586386e+00,1.90202968083987836e-03,1.84157506979174923e-03,1.96248429188800727e-03
1.18029507376844212e+00,1.89477075688810215e-03,1.81911162075890044e-03,1.97042989301730387e-03
1.18529632408102015e+00,1.88753104845003654e-03,1.79686300812176986e-03,1.97819908877830321e-03
1.19029757439359840e+00,1.88031056950876030e-03,1.77483997709753662e-03,1.98578116191998420e-03
1.19529882470617643e+00,1.87310933349347673e-03,1.75305291927768800e-03,1.99316574770926546e-03
1.20030007501875469e+00,1.86592735328187345e-03,1.73151186779033983e-03,2.00034283877340707e-03
1.20530132533133272e+00,1.85876464120252115e-03,1.71022649297583942e-03,2.00730278942920287e-03
1.21030257564391097e+00,1.85162120903727698e-03,1.68920609856993212e-03,2.01403631950462184e-03
1.21530382595648900e+00,1.84449706802372214e-03,1.66845961838826048e-03,2.02053451765918379e-03
1.22030507626906726e+00,1.83739222885760970e-03,1.64799561350531878e-03,2.02678884420990062e-03
1.22530632658164529e+00,1.83030670169533798e-03,1.62782226992049125e-03,2.03279113347018450e-03
1.23030757689422354e+00,1.82324049615644238e-03,1.60794739670324337e-03,2.03853359560964139e-03
1.23530882720680157e+00,1.81619362132610560e-03,1.58837842460907196e-03,2.04400881804313924e-03
1.24031007751937983e+00,1.80916608575768770e-03,1.56912240515732267e-03,2.04920976635805272e-03
1.24531132783195786e+00,1.80215789747527268e-03,1.55018601016158148e-03,2.05412978478896387e-03
1.25031257814453611e+00,1.79516906397623522e-03,1.53157553170289685e-03,2.05876259624957359e-03
1.25531382845711414e+00,1.78819959223382478e-03,1.51329688253574513e-03,2.06310230193190464e-03
1.26031507876969240e+00,1.78124948869976614e-03,1.49535559691624698e-03,2.06714338048328509e-03
1.26531632908227043e+00,1.77431875930687735e-03,1.47775683184186773e-03,2.07088068677188696e-03
1.27031757939484868e+00,1.76740740947170321e-03,1.46050536869147011e-03,2.07430945025193630e-03
1.27531882970742672e+00,1.76051544409716902e-03,1.44360561525437320e-03,2.07742527293996483e-03
1.28032008002000497e+00,1.75364286757524225e-03,1.42706160813675024e-03,2.08022412701373404e-03
1.28532133033258322e+00,1.74678968378962052e-03,1.41087701553354781e-03,2.08270235204569346e-03
1.29032258064516125e+00,1.73995589611842410e-03,1.39505514035382868e-03,2.08485665188301930e-03
1.29532383095773951e+00,1.73314150743690944e-03,1.37959892368732574e-03,2.08668409118649336e-03
1.30032508127031754e+00,1.72634652012019574e-03,1.36451094859981305e-03,2.08818209164057843e-03
1.30532633158289579e+00,1.71957093604600429e-03,1.34979344424476983e-03,2.08934842784723896e-03
1.31032758189547383e+00,1.71281475659741515e-03,1.33544829027871961e-03,2.09018122291611090e-03
1.31532883220805208e+00,1.70607798266562971e-03,1.32147702156752158e-03,2.09067894376373763e-03
1.32033008252063011e+00,1.69936061465275601e-03,1.30788083317086821e-03,2.09084039613464381e-03
1.32533133283320836e+00,1.69266265247459882e-03,1.29466058559215267e-03,2.09066471935704518e-03
1.33033258314578640e+00,1.68598409556346487e-03,1.28181681028089042e-03,2.09015138084603933e-03
1.33533383345836465e+00,1.67932494287098099e-03,1.26934971537486104e-03,2.08930017036710073e-03
1.34033508377094268e+00,1.67268519287092207e-03,1.25725919166916030e-03,2.08811119407268384e-03
1.34533633408352093e+00,1.66606484356205059e-03,1.24554481879938866e-03,2.08658486832471231e-03
1.35033758439609897e+00,1.65946389247096878e-03,1.23420587162626806e-03,2.08472191331566950e-03
1.35533883470867722e+00,1.65288233665497651e-03,1.22324132680903482e-03,2.08252334650091799e-03
1.36034008502125525e+00,1.64632017270494838e-03,1.21264986955507974e-03,2.07999047585481680e-03
1.36534133533383351e+00,1.63977739674820745e-03,1.20242990053336411e-03,2.07712489296305080e-03
1.37034258564641154e+00,1.63325400445142339e-03,1.19257954293932548e-03,2.07392846596352130e-03
1.37534383595898979e+00,1.62674999102350743e-03,1.18309664969906106e-03,2.07040333234795359e-03
1.38034508627156782e+00,1.62026535121852309e-03,1.17397881080077743e-03,2.06655189163626896e-03
1.38534633658414608e+00,1.61380007933860196e-03,1.16522336074162858e-03,2.06237679793557557e-03
1.39034758689672411e+00,1.60735416923687285e-03,1.15682738607826140e-03,2.05788095239548430e-03
1.39534883720930236e+00,1.60092761432038930e-03,1.14878773306955131e-03,2.05306749557122728e-03
1.40035008752188039e+00,1.59452040755307537e-03,1.14110101540024862e-03,2.04793979970590212e-03
1.40535133783445865e+00,1.58813254145867100e-03,1.13376362197442236e-03,2.04250146094291964e-03
1.41035258814703668e+00,1.58176400812368840e-03,1.12677172476784550e-03,2.03675629147953129e-03
1.41535383845961493e+00,1.57541479920037170e-03,1.12012128672866855e-03,2.03070831167207486e-03
1.42035508877219296e+00,1.56908490590966705e-03,1.11380806971598601e-03,2.02436174210334809e-03
1.42535633908477122e+00,1.56277431904419260e-03,1.10782764246612135e-03,2.01772099562226364e-03
1.43035758939734925e+00,1.55648302897122255e-03,1.10217538857674364e-03,2.01079066936570147e-03
1.43535883970992750e+00,1.55021102563566667e-03,1.09684651449914127e-03,2.00357553677219229e-03
1.44036009002250553e+00,1.54395829856306490e-03,1.09183605752929068e-03,1.99608053959683934e-03
1.44536134033508379e+00,1.53772483686257606e-03,1.08713889378858532e-03,1.98831077993656680e-03
1.45036259064766182e+00,1.53151062922998195e-03,1.08274974618539866e-03,1.98027151227456524e-03
1.45536384096024007e+00,1.52531566395068541e-03,1.07866319234890427e-03,1.97196813555246655e-03
1.46036509127281811e+00,1.51913992890272153e-03,1.07487367252688364e-03,1.96340618527855943e-03
1.46536634158539636e+00,1.51298341155976226e-03,1.07137549743950610e-03,1.95459132568001842e-03
1.47036759189797439e+00,1.50684609899413434e-03,1.06816285608139143e-03,1.94552934190687725e-03
1.47536884221055264e+00,1.50072797787983363e-03,1.06522982346450969e-03,1.93622613229515756e-03
1.48037009252313068e+00,1.49462903449554328e-03,1.06257036829479493e-03,1.92668770069629163e-03
1.48537134283570893e+00,1.48854925472765567e-03,1.06017836057563028e-03,1.91692014887968106e-03
1.49037259314828696e+00,1.48248862407329555e-03,1.05804757913164011e-03,1.90692966901495099e-03
1.49537384346086522e+00,1.47644712764334542e-03,1.05617171904653917e-03,1.89672253624015167e-03
1.50037509377344325e+00,1.47042475016547131e-03,1.05454439900904600e-03,1.88630510132189663e-03
1.50537634408602150e+00,1.46442147598715034e-03,1.05315916856119226e-03,1.87568378341310842e-03
1.51037759439859953e+00,1.45843728907870079e-03,1.05200951524361775e-03,1.86486506291378383e-03
1.51537884471117779e+00,1.45247217303630903e-03,1.05108887163273706e-03,1.85385547443988100e-03
1.52038009502375582e+00,1.44652611108506352e-03,1.05039062226494661e-03,1.84266159990518043e-03
1.52538134533633407e+00,1.44059908608197909e-03,1.04990811044332181e-03,1.83129006172063637e-03
1.53038259564891210e+00,1.43469108051903229e-03,1.04963464492252643e-03,1.81974751611553814e-03
1.53538384596149036e+00,1.42880207652618671e-03,1.04956350646793128e-03,1.80804064658444215e-03
1.54038509627406839e+00,1.42293205587442468e-03,1.04968795428521432e-03,1.79617615746363504e-03
1.54538634658664664e+00,1.41708099997877365e-03,1.05000123231697409e-03,1.78416076764057320e-03
1.55038759689922467e+00,1.41124888990133398e-03,1.05049657540315128e-03,1.77200120439951667e-03
1.55538884721180293e+00,1.40543570635430319e-03,1.05116721530232045e-03,1.75970419740628593e-03
1.56039009752438096e+00,1.39964142970300156e-03,1.05200638657114865e-03,1.74727647283485447e-03
1.56539134783695921e+00,1.39386603996889268e-03,1.05300733229958554e-03,1.73472474763819982e-03
1.57039259814953724e+00,1.38810951683260428e-03,1.05416330969958141e-03,1.72205572396562714e-03
1.57539384846211550e+00,1.38237183963694447e-03,1.05546759554536588e-03,1.70927608372852305e-03
1.58039509877469353e+00,1.37665298738991909e-03,1.05691349146356714e-03,1.69639248331627103e-03
1.58539634908727178e+00,1.37095293876774100e-03,1.05849432907165718e-03,1.68341154846382481e-03
1.59039759939984982e+00,1.36527167211784178e-03,1.06020347496345096e-03,1.67033986927223261e-03
1.59539884971242807e+00,1.35960916546187501e-03,1.06203433554058892e-03,1.65718399538316110e-03
1.60040010002500610e+00,1.35396539649872117e-03,1.06398036168914994e-03,1.64395043130829239e-03
1.60540135033758435e+00,1.34834034260748379e-03,1.06603505330074219e-03,1.63064563191422538e-03
1.61040260065016261e+00,1.34273398085048659e-03,1.06819196363761872e-03,1.61727599806335445e-03
1.61540385096274064e+00,1.33714628797626219e-03,1.07044470354155578e-03,1.60384787241096860e-03
1.62040510127531889e+00,1.33157724042253802e-03,1.07278694548642054e-03,1.59036753535865549e-03
1.62540635158789692e+00,1.32602681431922046e-03,1.07521242747452895e-03,1.57684120116391197e-03
1.63040760190047518e+00,1.32049498549136751e-03,1.07771495677707208e-03,1.56327501420566294e-03
1.63540885221305321e+00,1.31498172946216516e-03,1.08028841351905970e-03,1.54967504540527061e-03
1.64041010252563146e+00,1.30948702145588960e-03,1.08292675410937922e-03,1.53604728880239998e-03
1.64541135283820950e+00,1.30401083640087215e-03,1.08562401451673838e-03,1.52239765828500592e-03
1.65041260315078775e+00,1.29855314893245147e-03,1.08837431339239583e-03,1.50873198447250712e-03
1.65541385346336578e+00,1.29311393339592634e-03,1.09117185504073151e-03,1.49505601175112116e-03
1.66041510377594403e+00,1.28769316384949703e-03,1.09401093223885216e-03,1.48137539546014190e-03
1.66541635408852207e+00,1.28229081406720465e-03,1.09688592890653603e-03,1.46769569922787328e-03
1.67041760440110032e+00,1.27690685754186105e-03,1.09979132262797829e-03,1.45402239245574381e-03
1.67541885471367835e+00,1.27154126748797421e-03,1.10272168702687883e-03,1.44036084794906959e-03
1.68042010502625661e+00,1.26619401684466672e-03,1.10567169399656564e-03,1.42671633969276780e-03
1.68542135533883464e+00,1.26086507827858512e-03,1.10863611578691334e-03,1.41309404077025690e-03
1.69042260565141289e+00,1.25555442418680599e-03,1.11160982694995854e-03,1.39949902142365344e-03
1.69542385596399092e+00,1.25026202669973035e-03,1.11458780614617130e-03,1.38593624725328940e-03
1.70042510627656918e+00,1.24498785768397476e-03,1.11756513781345948e-03,1.37241057755449003e-03
1.70542635658914721e+00,1.23973188874525273e-03,1.12053701370105202e-03,1.35892676378945344e-03
1.71042760690172546e+00,1.23449409123124699e-03,1.12349873427049001e-03,1.34548944819200397e-03
1.71542885721430349e+00,1.22927443623447761e-03,1.12644570996602803e-03,1.33210316250292719e-03
1.72043010752688175e+00,1.22407289459515846e-03,1.12937346235681942e-03,1.31877232683349751e-03
1.72543135783945978e+00,1.21888943690404714e-03,1.13227762515331334e-03,1.30550124865478094e-03
1.73043260815203803e+00,1.21372403350528623e-03,1.13515394510036545e-03,1.29229412191020701e-03
1.73543385846461606e+00,1.20857665449923611e-03,1.13799828274959770e-03,1.27915502624887452e-03
1.74043510877719432e+00,1.20344726974529778e-03,1.14080661311361030e-03,1.26608792637698526e-03
1.74543635908977235e+00,1.19833584886473027e-03,1.14357502620468098e-03,1.25309667152477956e-03
1.75043760940235060e+00,1.19324236124345351e-03,1.14629972746063051e-03,1.24018499502627651e-03
1.75543885971492863e+00,1.18816677603484863e-03,1.14897703806056818e-03,1.22735651400912907e-03
1.76044011002750689e+00,1.18310906216254194e-03,1.15160339513326482e-03,1.21461472919181905e-03
1.76544136034008492e+00,1.17806918832318638e-03,1.15417535186092312e-03,1.20196302478544964e-03
1.77044261065266317e+00,1.17304712298922816e-03,1.15668957748114149e-03,1.18940466849731482e-03
1.77544386096524121e+00,1.16804283441166628e-03,1.15914285718988325e-03,1.17694281163344930e-03
1.78044511127781946e+00,1.16305629062280185e-03,1.16153209194828802e-03,1.16458048929731568e-03
1.78544636159039749e+00,1.15808745943897637e-03,1.16385429819615416e-03,1.15232062068179857e-03
1.79044761190297574e+00,1.15313630846330213e-03,1.16610660747495996e-03,1.14016600945164429e-03
1.79544886221555378e+00,1.14820280508837950e-03,1.16828626596325548e-03,1.12811934421350353e-03
1.80045011252813203e+00,1.14328691649900633e-03,1.17039063392730702e-03,1.11618319907070564e-03
1.80545136284071006e+00,1.13838860967487672e-03,1.17241718508982393e-03,1.10436003425992951e-03
1.81045261315328831e+00,1.13350785139326661e-03,1.17436350591963810e-03,1.09265219686689513e-03
1.81545386346586635e+00,1.12864460823171222e-03,1.17622729484516495e-03,1.08106192161825949e-03
1.82045511377844460e+00,1.12379884657067626e-03,1.17800636139448996e-03,1.06959133174686256e-03
1.82545636409102263e+00,1.11897053259620103e-03,1.17969862526488595e-03,1.05824243992751611e-03
1.83045761440360089e+00,1.11415963230255513e-03,1.18130211532458318e-03,1.04701714928052709e-03
1.83545886471617892e+00,1.10936611149486551e-03,1.18281496854956295e-03,1.03591725444016807e-03
1.84046011502875717e+00,1.10458993579173816e-03,1.18423542889814818e-03,1.02494444268532814e-03
1.84546136534133520e+00,1.09983107062787064e-03,1.18556184612613369e-03,1.01410029512960759e-03
1.85046261565391346e+00,1.09508948125665003e-03,1.18679267454517567e-03,1.00338628796812438e-03
1.85546386596649149e+00,1.09036513275274092e-03,1.18792647172712693e-03,9.92803793778354897e-04
1.86046511627906974e+00,1.08565799001466082e-03,1.18896189715699267e-03,9.82354082872328961e-04
1.86546636659164777e+00,1.08096801776734648e-03,1.18989771083712666e-03,9.72038324697566299e-04
1.87046761690422603e+00,1.07629518056470371e-03,1.19073277184528073e-03,9.61857589284126802e-04
1.87546886721680406e+00,1.07163944279215070e-03,1.19146603684906565e-03,9.51812848735235752e-04
1.88047011752938231e+00,1.06700076866914485e-03,1.19209655857936453e-03,9.41904978758925063e-04
1.88547136784196034e+00,1.06237912225170140e-03,1.19262348426518467e-03,9.32134760238218125e-04
1.89047261815453860e+00,1.05777446743489617e-03,1.19304605403241300e-03,9.22502880837379339e-04
1.89547386846711663e+00,1.05318676795536012e-03,1.19336359926888822e-03,9.13009936641831911e-04
1.90047511877969488e+00,1.04861598739375761e-03,1.19357554095817094e-03,9.03656433829344379e-04
1.90547636909227291e+00,1.04406208917725662e-03,1.19368138798434239e-03,8.94442790370170854e-04
1.91047761940485117e+00,1.03952503658198193e-03,1.19368073541013223e-03,8.85369337753831630e-04
1.91547886971742920e+00,1.03500479273545948e-03,1.19357326273061555e-03,8.76436322740303526e-04
1.92048012003000745e+00,1.03050132061904744e-03,1.19335873210469766e-03,8.67643909133397227e-04
1.92548137034258571e+00,1.02601458307035329e-03,1.19303698656653069e-03,8.58992179574175887e-04
1.93048262065516374e+00,1.02154454278563923e-03,1.19260794821898818e-03,8.50481137352290285e-04
1.93548387096774199e+00,1.01709116232221440e-03,1.19207161641126215e-03,8.42110708233166638e-04
1.94048512128032002e+00,1.01265440410081638e-03,1.19142806590260045e-03,8.33880742299032197e-04
1.94548637159289828e+00,1.00823423040797568e-03,1.19067744501415921e-03,8.25791015801792256e-04
1.95048762190547631e+00,1.00383060339837254e-03,1.18981997377089503e-03,8.17841233025849951e-04
1.95548887221805456e+00,9.99443485097174919e-04,1.18885594203537413e-03,8.10031028158975704e-04
1.96049012253063260e+00,9.95072837402370377e-04,1.18778570763532275e-03,8.02359967169418006e-04
1.96549137284321085e+00,9.90718622087077188e-04,1.18660969448670158e-03,7.94827549687452902e-04
1.97049262315578888e+00,9.86380800801849988e-04,1.18532839071403017e-03,7.87433210889669694e-04
1.97549387346836713e+00,9.82059335076966144e-04,1.18394234676964458e-03,7.80176323384287711e-04
1.98049512378094517e+00,9.77754186324702578e-04,1.18245217355351278e-03,7.73056199095892380e-04
1.98549637409352342e+00,9.73465315841598173e-04,1.18085854053519984e-03,7.66072091147996506e-04
1.99049762440610145e+00,9.69192684810702733e-04,1.17916217387949922e-03,7.59223195741906142e-04
1.99549887471867970e+00,9.64936254303812497e-04,1.17736385457723023e-03,7.52508654030394769e-04
2.00050012503125796e+00,9.60695985283694168e-04,1.17546441658261821e-03,7.45927553984770128e-04
2.00550137534383577e+00,9.56471838606292994e-04,1.17346474495865264e-03,7.39478932253933349e-04
2.01050262565641402e+00,9.52263775022928064e-04,1.17136577403175422e-03,7.33161776014102013e-04
2.01550387596899228e+00,9.48071755182476324e-04,1.16916848555703463e-03,7.26975024807917911e-04
2.02050512628157053e+00,9.43895739633540220e-04,1.16687390689539506e-03,7.20917572371685376e-04
2.02550637659414834e+00,9.39735688826604182e-04,1.16448310920364288e-03,7.14988268449565372e-04
2.03050762690672659e+00,9.35591563116174724e-04,1.16199720563877804e-03,7.09185920593571406e-04
2.03550887721930485e+00,9.31463322762910904e-04,1.15941734957753905e-03,7.03509295948282756e-04
2.04051012753188310e+00,9.27350927935738194e-04,1.15674473285225926e-03,6.97957123019217127e-04
2.04551137784446091e+00,9.23254338713950314e-04,1.15398058400403391e-03,6.92528093423866713e-04
2.05051262815703916e+00,9.19173515089294802e-04,1.15112616655415343e-03,6.87220863624436284e-04
2.05551387846961742e+00,9.15108416968050020e-04,1.14818277729471663e-03,6.82034056641383515e-04
2.06051512878219567e+00,9.11059004173083624e-04,1.14515174459928681e-03,6.76966263746880330e-04
2.06551637909477348e+00,9.07025236445900399e-04,1.14203442675441446e-03,6.72016046137386336e-04
2.07051762940735173e+00,9.03007073448673517e-04,1.13883221031279972e-03,6.67181936584547420e-04
2.07551887971992999e+00,8.99004474766265812e-04,1.13554650846883938e-03,6.62462441063692243e-04
2.08052013003250824e+00,8.95017399908234904e-04,1.13217875945724098e-03,6.57856040359228829e-04
2.08552138034508605e+00,8.91045808310825531e-04,1.12873042497536316e-03,6.53361191646287904e-04
2.09052263065766430e+00,8.87089659338946047e-04,1.12520298862988418e-03,6.48976330048007806e-04
2.09552388097024256e+00,8.83148912288135818e-04,1.12159795440838045e-03,6.44699870167891181e-04
2.10052513128282081e+00,8.79223526386513853e-04,1.11791684517633218e-03,6.40530207596695634e-04
2.10552638159539862e+00,8.75313460796717799e-04,1.11416120120005967e-03,6.36465720393376041e-04
2.11052763190797688e+00,8.71418674617825250e-04,1.11033257869603565e-03,6.32504770539614848e-04
2.11552888222055513e+00,8.67539126887265089e-04,1.10643254840699719e-03,6.28645705367533096e-04
2.12053013253313338e+00,8.63674776582713647e-04,1.10246269420523194e-03,6.24886858960195350e-04
2.12553138284571119e+00,8.59825582623976125e-04,1.09842461172338763e-03,6.21226553524564622e-04
2.13053263315828945e+00,8.55991503874854883e-04,1.09431990701311073e-03,6.17663100736599033e-04
2.13553388347086770e+00,8.52172499145005817e-04,1.09015019523179689e-03,6.14194803058214743e-04
2.14053513378344595e+00,8.48368527191778465e-04,1.08591709935768879e-03,6.10819955025868034e-04
2.14553638409602376e+00,8.44579546722043647e-04,1.08162224893353651e-03,6.07536844510550783e-04
2.15053763440860202e+00,8.40805516394007007e-04,1.07726727883899901e-03,6.04343753949015115e-04
2.15553888472118027e+00,8.37046394819010420e-04,1.07285382809193565e-03,6.01238961546085300e-04
2.16054013503375852e+00,8.33302140563316803e-04,1.06838353867870516e-03,5.98220742447928442e-04
2.16554138534633633e+00,8.29572712149884411e-04,1.06385805441356522e-03,5.95287369886203597e-04
2.17054263565891459e+00,8.25858068060124112e-04,1.05927901982722926e-03,5.92437116293018963e-04
2.17554388597149284e+00,8.22158166735647341e-04,1.05464807908462518e-03,5.89668254386669613e-04
2.18054513628407109e+00,8.18472966579996590e-04,1.04996687493185336e-03,5.86979058228139926e-04
2.18554638659664890e+00,8.14802425960364633e-04,1.04523704767233556e-03,5.84367804248393709e-04
2.19054763690922716e+00,8.11146503209297150e-04,1.04046023417210661e-03,5.81832772246487686e-04
2.19554888722180541e+00,8.07505156626387235e-04,1.03563806689419544e-03,5.79372246358579026e-04
2.20055013753438367e+00,8.03878344479951133e-04,1.03077217296198989e-03,5.76984515997912262e-04
2.20555138784696148e+00,8.00266025008692814e-04,1.02586417325149239e-03,5.74667876765893237e-04
2.21055263815953973e+00,7.96668156423354029e-04,1.02091568151232211e-03,5.72420631334385945e-04
2.21555388847211798e+00,7.93084696908353181e-04,1.01592830351732405e-03,5.70241090299382315e-04
2.22055513878469624e+00,7.89515604623407729e-04,1.01090363624060172e-03,5.68127573006213743e-04
2.22555638909727405e+00,7.85960837705145638e-04,1.00584326706379184e-03,5.66078408346499433e-04
2.23055763940985230e+00,7.82420354268700672e-04,1.00074877301036848e-03,5.64091935527032866e-04
2.23555888972243055e+00,7.78894112409298151e-04,9.95621720007756677e-04,5.62166504810839626e-04
2.24056014003500881e+00,7.75382070203824332e-04,9.90463662177007908e-04,5.60300478230640756e-04
2.24556139034758706e+00,7.71884185712382780e-04,9.85276141149782824e-04,5.58492230274982735e-04
2.25056264066016487e+00,7.68400416979839467e-04,9.80060685412372738e-04,5.56740148547306304e-04
2.25556389097274312e+00,7.64930722037351495e-04,9.74818809676465323e-04,5.55042634398237667e-04
2.26056514128532138e+00,7.61475058903886173e-04,9.69552014276367892e-04,5.53398103531404454e-04
2.26556639159789963e+00,7.58033385587723939e-04,9.64261784592362328e-04,5.51804986583085549e-04
2.27056764191047744e+00,7.54605660087950434e-04,9.58949590499878117e-04,5.50261729676022751e-04
2.27556889222305569e+00,7.51191840395932110e-04,9.53616885844141109e-04,5.48766794947723111e-04
2.28057014253563395e+00,7.47791884496783687e-04,9.48265107939961550e-04,5.47318661053605823e-04
2.28557139284821220e+00,7.44405750370818174e-04,9.42895677096294198e-04,5.45915823645342149e-04
2.29057264316079001e+00,7.41033395994986359e-04,9.37509996165217154e-04,5.44556795824755564e-04
2.29557389347336827e+00,7.37674779344301237e-04,9.32109450114945400e-04,5.43240108573657073e-04
2.30057514378594652e+00,7.34329858393252891e-04,9.26695405626511170e-04,5.41964311159994611e-04
2.30557639409852477e+00,7.30998591117207005e-04,9.21269210713708910e-04,5.40727971520705100e-04
2.31057764441110258e+00,7.27680935493792104e-04,9.15832194365919731e-04,5.39529676621664477e-04
2.31557889472368084e+00,7.24376849504273558e-04,9.10385666213408325e-04,5.38368032795138790e-04
2.32058014503625909e+00,7.21086291134915886e-04,9.04930916214692843e-04,5.37241666055138928e-04
2.32558139534883734e+00,7.17809218378331177e-04,8.99469214365567469e-04,5.36149222391094885e-04
2.33058264566141515e+00,7.14545589234815044e-04,8.94001810429366581e-04,5.35089368040263507e-04
2.33558389597399341e+00,7.11295361713668917e-04,8.88529933688049609e-04,5.34060789739288226e-04
2.34058514628657166e+00,7.08058493834513446e-04,8.83054792713687639e-04,5.33062194955339253e-04
2.34558639659914991e+00,7.04834943628584228e-04,8.77577575159915182e-04,5.32092312097253274e-04
2.35058764691172772e+00,7.01624669140019845e-04,8.72099447572930201e-04,5.31149890707109489e-04
2.35558889722430598e+00,6.98427628427132001e-04,8.66621555221599961e-04,5.30233701632664041e-04
2.36059014753688423e+00,6.95243779563669922e-04,8.61145021946256670e-04,5.29342537181083173e-04
2.36559139784946248e+00,6.92073080640066536e-04,8.55670950025730066e-04,5.28475211254403007e-04
2.37059264816204029e+00,6.88915489764675660e-04,8.50200420062200476e-04,5.27630559467150845e-04
2.37559389847461855e+00,6.85770965064994758e-04,8.44734490883424709e-04,5.26807439246564807e-04
2.38059514878719680e+00,6.82639464688878164e-04,8.39274199461913445e-04,5.26004729915842883e-04
2.38559639909977506e+00,6.79520946805735348e-04,8.33820560850614739e-04,5.25221332760855957e-04
2.39059764941235287e+00,6.76415369607719194e-04,8.28374568134679595e-04,5.24456171080758793e-04
2.39559889972493112e+00,6.73322691310899546e-04,8.22937192398870095e-04,5.23708190222928996e-04
2.40060015003750937e+00,6.70242870156428612e-04,8.17509382710191997e-04,5.22976357602665228e-04
2.40560140035008763e+00,6.67175864411690984e-04,8.12092066115309669e-04,5.22259662708072299e-04
2.41060265066266544e+00,6.64121632371443235e-04,8.06686147652327249e-04,5.21557117090559220e-04
2.41560390097524369e+00,6.61080132358940519e-04,8.01292510376505488e-04,5.20867754341375550e-04
2.42060515128782194e+00,6.58051322727053515e-04,7.95912015399503252e-04,5.20190630054603777e-04
2.42560640160040020e+00,6.55035161859371493e-04,7.90545501941711639e-04,5.19524821777031347e-04
2.43060765191297801e+00,6.52031608171294973e-04,7.85193787397278132e-04,5.18869428945311815e-04
2.43560890222555626e+00,6.49040620111114509e-04,7.79857667411399487e-04,5.18223572810829532e-04
2.44061015253813451e+00,6.46062156161081986e-04,7.74537915969487163e-04,5.17586396352676809e-04
2.44561140285071277e+00,6.43096174838465873e-04,7.69235285497786711e-04,5.16957064179145035e-04
2.45061265316329058e+00,6.40142634696598024e-04,7.63950506975063061e-04,5.16334762418132988e-04
2.45561390347586883e+00,6.37201494325907139e-04,7.58684290054948839e-04,5.15718698596865440e-04
2.46061515378844708e+00,6.34272712354942681e-04,7.53437323198569392e-04,5.15108101511315970e-04
2.46561640410102534e+00,6.31356247451385463e-04,7.48210273817051194e-04,5.14502221085719733e-04
2.47061765441360315e+00,6.28452058323048695e-04,7.43003788423538154e-04,5.13900328222559235e-04
2.47561890472618140e+00,6.25560103718866009e-04,7.37818492794331928e-04,5.13301714643400091e-04
2.48062015503875966e+00,6.22680342429870505e-04,7.32654992138790729e-04,5.12705692720950281e-04
2.48562140535133791e+00,6.19812733290160331e-04,7.27513871277612393e-04,5.12111595302708268e-04
2.49062265566391572e+00,6.16957235177856148e-04,7.22395694829144766e-04,5.11518775526567529e-04
2.49562390597649397e+00,6.14113807016042541e-04,7.17301007403360093e-04,5.10926606628724989e-04
2.50062515628907223e+00,6.11282407773705311e-04,7.12230333803153958e-04,5.10334481744256665e-04
2.50562640660165048e+00,6.08462996466652291e-04,7.07184179232607079e-04,5.09741813700697504e-04
2.51062765691422829e+00,6.05655532158426023e-04,7.02163029511882527e-04,5.09148034804969519e-04
2.51562890722680654e+00,6.02859973961203865e-04,6.97167351298413483e-04,5.08552596623994247e-04
2.52063015753938480e+00,6.00076281036690290e-04,6.92197592314064305e-04,5.07954969759316275e-04
2.52563140785196305e+00,5.97304412596995197e-04,6.87254181577927272e-04,5.07354643616063123e-04
2.53063265816454086e+00,5.94544327905504742e-04,6.82337529644450134e-04,5.06751126166559351e-04
2.53563390847711911e+00,5.91795986277737426e-04,6.77448028846571707e-04,5.06143943708903146e-04
2.54063515878969737e+00,5.89059347082195083e-04,6.72586053543571677e-04,5.05532640620818489e-04
2.54563640910227562e+00,5.86334369741199450e-04,6.67751960373323033e-04,5.04916779109075868e-04
2.55063765941485343e+00,5.83621013731719525e-04,6.62946088508659798e-04,5.04295938954779253e-04
2.55563890972743168e+00,5.80919238586188511e-04,6.58168759917569833e-04,5.03669717254807189e-04
2.56064016004000994e+00,5.78229003893311329e-04,6.53420279626932003e-04,5.03037728159690654e-04
2.56564141035258819e+00,5.75550269298861291e-04,6.48700935989520474e-04,5.02399602608202107e-04
2.57064266066516645e+00,5.72882994506466146e-04,6.44011000954004017e-04,5.01754988058928275e-04
2.57564391097774426e+00,5.70227139278385131e-04,6.39350730337680750e-04,5.01103548219089512e-04
2.58064516129032251e+00,5.67582663436274628e-04,6.34720364101683558e-04,5.00444962770865698e-04
2.58564641160290076e+00,5.64949526861945809e-04,6.30120126628413231e-04,4.99778927095478388e-04
2.59064766191547902e+00,5.62327689498110677e-04,6.25550227000941698e-04,4.99105151995279657e-04
2.59564891222805683e+00,5.59717111349119427e-04,6.21010859284153779e-04,4.98423363414085075e-04
2.60065016254063508e+00,5.57117752481686539e-04,6.16502202807387312e-04,4.97733302155985765e-04
2.60565141285321333e+00,5.54529573025609171e-04,6.12024422448347646e-04,4.97034723602870696e-04
2.61065266316579159e+00,5.51952533174474708e-04,6.07577668918069577e-04,4.96327397430879839e-04
2.61565391347836940e+00,5.49386593186358880e-04,6.03162079046711528e-04,4.95611107326006232e-04
2.62065516379094765e+00,5.46831713384513581e-04,5.98777776069968804e-04,4.94885650699058359e-04
2.62565641410352590e+00,5.44287854158047313e-04,5.94424869915905667e-04,4.94150838400188959e-04
2.63065766441610416e+00,5.41754975962594788e-04,5.90103457492000038e-04,4.93406494433189539e-04
2.63565891472868197e+00,5.39233039320976670e-04,5.85813622972209107e-04,4.92652455669744232e-04
2.64066016504126022e+00,5.36722004823850739e-04,5.81555438083867994e-04,4.91888571563833484e-04
2.64566141535383847e+00,5.34221833130354832e-04,5.77328962394239062e-04,4.91114703866470602e-04
2.65066266566641673e+00,5.31732484968739142e-04,5.73134243596532477e-04,4.90330726340945807e-04
2.65566391597899454e+00,5.29253921136989530e-04,5.68971317795226045e-04,4.89536524478753014e-04
2.66066516629157279e+00,5.26786102503442157e-04,5.64840209790518338e-04,4.88731995216365976e-04
2.66566641660415105e+00,5.24328990007390098e-04,5.60740933361757459e-04,4.87917046653022738e-04
2.67066766691672930e+00,5.21882544659679651e-04,5.56673491549682401e-04,4.87091597769676846e-04
2.67566891722930711e+00,5.19446727543297865e-04,5.52637876937331698e-04,4.86255578149263977e-04
2.68067016754188536e+00,5.17021499813951832e-04,5.48634071929471594e-04,4.85408927698432124e-04
2.68567141785446362e+00,5.14606822700639953e-04,5.44662049030406699e-04,4.84551596370873206e-04
2.69067266816704187e+00,5.12202657506212250e-04,5.40721771120032061e-04,4.83683543892392438e-04
2.69567391847961968e+00,5.09808965607925157e-04,5.36813191728003182e-04,4.82804739487847131e-04
2.70067516879219793e+00,5.07425708457984051e-04,5.32936255305891358e-04,4.81915161610076798e-04
2.70567641910477619e+00,5.05052847584081780e-04,5.29090897497213773e-04,4.81014797670949840e-04
2.71067766941735444e+00,5.02690344589924059e-04,5.25277045405210942e-04,4.80103643774637177e-04
2.71567891972993225e+00,5.00338161155750873e-04,5.21494617858272633e-04,4.79181704453229167e-04
2.72068017004251050e+00,4.97996259038845502e-04,5.17743525672895166e-04,4.78248992404795839e-04
2.72568142035508876e+00,4.95664600074038355e-04,5.14023671914078475e-04,4.77305528233998235e-04
2.73068267066766701e+00,4.93343146174201686e-04,5.10334952153060264e-04,4.76351340195343108e-04
2.73568392098024482e+00,4.91031859330735973e-04,5.06677254722295530e-04,4.75386463939176415e-04
2.74068517129282307e+00,4.88730701614047288e-04,5.03050460967593852e-04,4.74410942260500670e-04
2.74568642160540133e+00,4.86439635174018873e-04,4.99454445497334639e-04,4.73424824850703107e-04
2.75068767191797958e+00,4.84158622240473280e-04,4.95889076428674379e-04,4.72428168052272236e-04
2.75568892223055739e+00,4.81887625123626545e-04,4.92354215630676261e-04,4.71421034616576883e-04
2.76069017254313565e+00,4.79626606214535146e-04,4.88849718964288462e-04,4.70403493464781829e-04
2.76569142285571390e+00,4.77375527985534839e-04,4.85375436519105930e-04,4.69375619451963748e-04
2.77069267316829215e+00,4.75134352990672331e-04,4.81931212846852723e-04,4.68337493134491939e-04
2.77569392348086996e+00,4.72903043866128173e-04,4.78516887191523545e-04,4.67289200540732801e-04
2.78069517379344822e+00,4.70681563330633147e-04,4.75132293716133572e-04,4.66230832945132721e-04
2.78569642410602647e+00,4.68469874185876523e-04,4.71777261726023063e-04,4.65162486645729983e-04
2.79069767441860472e+00,4.66267939316907703e-04,4.68451615888669374e-04,4.64084262745146031e-04
2.79569892473118253e+00,4.64075721692528917e-04,4.65155176449962905e-04,4.62996266935094929e-04
2.80070017504376079e+00,4.61893184365681634e-04,4.61887759446906476e-04,4.61898609284456792e-04
2.80570142535633904e+00,4.59720290473825978e-04,4.58649176916703610e-04,4.60791404030948346e-04
2.81070267566891729e+00,4.57557003239312122e-04,4.55439237102198960e-04,4.59674769376425285e-04
2.81570392598149510e+00,4.55403285969744795e-04,4.52257744653643777e-04,4.58548827285845814e-04
2.82070517629407336e+00,4.53259102058340205e-04,4.49104500826757970e-04,4.57413703289922440e-04
2.82570642660665161e+00,4.51124414984277152e-04,4.45979303677068511e-04,4.56269526291485793e-04
2.83070767691922986e+00,4.48999188313040022e-04,4.42881948250500098e-04,4.55116428375579947e-04
2.83570892723180767e+00,4.46883385696755103e-04,4.39812226770203564e-04,4.53954544623306642e-04
2.84071017754438593e+00,4.44776970874519260e-04,4.36769928819606451e-04,4.52784012929432068e-04
2.84571142785696418e+00,4.42679907672724384e-04,4.33754841521678087e-04,4.51604973823770681e-04
2.85071267816954244e+00,4.40592160005371378e-04,4.30766749714394910e-04,4.50417570296347846e-04
2.85571392848212025e+00,4.38513691874380779e-04,4.27805436122406704e-04,4.49221947626354855e-04
2.86071517879469850e+00,4.36444467369893408e-04,4.24870681524895373e-04,4.48018253214891443e-04
2.86571642910727675e+00,4.34384450670568145e-04,4.21962264919632953e-04,4.46806636421503338e-04
2.87071767941985501e+00,4.32333606043870168e-04,4.19079963683234330e-04,4.45587248404506005e-04
2.87571892973243282e+00,4.30291897846353869e-04,4.16223553727613908e-04,4.44360241965093830e-04
2.88072018004501107e+00,4.28259290523938898e-04,4.13392809652651891e-04,4.43125771395225904e-04
2.88572143035758932e+00,4.26235748612180723e-04,4.10587504895082737e-04,4.41883992329278710e-04
2.89072268067016758e+00,4.24221236736534147e-04,4.07807411873613605e-04,4.40635061599454689e-04
2.89572393098274583e+00,4.22215719612610097e-04,4.05052302130290117e-04,4.39379137094930076e-04
2.90072518129532364e+00,4.20219162046427542e-04,4.02321946468125850e-04,4.38116377624729234e-04
2.90572643160790189e+00,4.18231528934657224e-04,3.99616115085011769e-04,4.36846942784302678e-04
2.91072768192048015e+00,4.16252785264861855e-04,3.96934577703930529e-04,4.35570992825793182e-04
2.91572893223305840e+00,4.14282896115728309e-04,3.94277103699493551e-04,4.34288688531963066e-04
2.92073018254563621e+00,4.12321826657294319e-04,3.91643462220828077e-04,4.33000191093760561e-04
2.92573143285821446e+00,4.10369542151168740e-04,3.89033422310838806e-04,4.31705661991498674e-04
2.93073268317079272e+00,4.08426007950747736e-04,3.86446753021875249e-04,4.30405262879620222e-04
2.93573393348337097e+00,4.06491189501422836e-04,3.83883223527830316e-04,4.29099155475015355e-04
2.94073518379594878e+00,4.04565052340784823e-04,3.81342603232704466e-04,4.27787501448865181e-04
2.94573643410852704e+00,4.02647562098820190e-04,3.78824661875665593e-04,4.26470462321974786e-04
2.95073768442110529e+00,4.00738684498104449e-04,3.76329169632643823e-04,4.25148199363565074e-04
2.95573893473368354e+00,3.98838385353987481e-04,3.73855897214490614e-04,4.23820873493484349e-04
2.96074018504626135e+00,3.96946630574774272e-04,3.71404615961744267e-04,4.22488645187804276e-04
2.96574143535883961e+00,3.95063386161899409e-04,3.68975097936036841e-04,4.21151674387761977e-04
2.97074268567141786e+00,3.93188618210098284e-04,3.66567116008186986e-04,4.19810120412009581e-04
2.97574393598399611e+00,3.91322292907569610e-04,3.64180443943011882e-04,4.18464141872127338e-04
2.98074518629657392e+00,3.89464376536135181e-04,3.61814856480908184e-04,4.17113896591362178e-04
2.98574643660915218e+00,3.87614835471392744e-04,3.59470129416239090e-04,4.15759541526546398e-04
2.99074768692173043e+00,3.85773636182864697e-04,3.57146039672575201e-04,4.14401232693154193e-04
2.99574893723430868e+00,3.83940745234140823e-04,3.54842365374832022e-04,4.13039125093449624e-04
3.00075018754688649e+00,3.82116129283016311e-04,3.52558885918350393e-04,4.11673372647682230e-04
3.00575143785946475e+00,3.80299755081623704e-04,3.50295382034966141e-04,4.10304128128281267e-04
3.01075268817204300e+00,3.78491589476561373e-04,3.48051635856117859e-04,4.08931543097004887e-04
3.01575393848462125e+00,3.76691599409015657e-04,3.45827430973038772e-04,4.07555767844992541e-04
3.02075518879719906e+00,3.74899751914878549e-04,3.43622552494082518e-04,4.06176951335674580e-04
3.02575643910977732e+00,3.73116014124859970e-04,3.41436787099231199e-04,4.04795241150488741e-04
3.03075768942235557e+00,3.71340353264596184e-04,3.39269923091838109e-04,4.03410783437354258e-04
3.03575893973493383e+00,3.69572736654752150e-04,3.37121750447651517e-04,4.02023722861852783e-04
3.04076019004751164e+00,3.67813131711120455e-04,3.34992060861174113e-04,4.00634202561066797e-04
3.04576144036008989e+00,3.66061505944713307e-04,3.32880647789405529e-04,3.99242364100021085e-04
3.05076269067266814e+00,3.64317826961853069e-04,3.30787306493024349e-04,3.97848347430681789e-04
3.05576394098524640e+00,3.62582062464254708e-04,3.28711834075055419e-04,3.96452290853453997e-04
3.06076519129782421e+00,3.60854180249106790e-04,3.26654029517080518e-04,3.95054330981133061e-04
3.06576644161040246e+00,3.59134148209144712e-04,3.24613693713038636e-04,3.93654602705250788e-04
3.07076769192298071e+00,3.57421934332722809e-04,3.22590629500675151e-04,3.92253239164770467e-04
3.07576894223555897e+00,3.55717506703879399e-04,3.20584641690685403e-04,3.90850371717073395e-04
3.08077019254813678e+00,3.54020833502398586e-04,3.18595537093610602e-04,3.89446129911186570e-04
3.08577144286071503e+00,3.52331883003867180e-04,3.16623124544535201e-04,3.88040641463199159e-04
3.09077269317329328e+00,3.50650623579728312e-04,3.14667214925641928e-04,3.86634032233814696e-04
3.09577394348587154e+00,3.48977023697329245e-04,3.12727621186672741e-04,3.85226426207985748e-04
3.10077519379844935e+00,3.47311051919966531e-04,3.10804158363352353e-04,3.83817945476580709e-04
3.10577644411102760e+00,3.45652676906925318e-04,3.08896643593823057e-04,3.82408710220027580e-04
3.11077769442360585e+00,3.44001867413516206e-04,3.07004896133146682e-04,3.80998838693885730e-04
3.11577894473618411e+00,3.42358592291107128e-04,3.05128737365922983e-04,3.79588447216291274e-04
3.12078019504876192e+00,3.40722820487150994e-04,3.03267990817076790e-04,3.78177650157225198e-04
3.12578144536134017e+00,3.39094521045209328e-04,3.01422482160866221e-04,3.76766559929552435e-04
3.13078269567391843e+00,3.37473663104973030e-04,2.99592039228163687e-04,3.75355286981782373e-04
3.13578394598649668e+00,3.35860215902277935e-04,2.97776492012058404e-04,3.73943939792497466e-04
3.14078519629907449e+00,3.34254148769117171e-04,2.95975672671833516e-04,3.72532624866400827e-04
3.14578644661165274e+00,3.32655431133648807e-04,2.94189415535365542e-04,3.71121446731932072e-04
3.15078769692423100e+00,3.31064032520201376e-04,2.92417557099999327e-04,3.69710507940403425e-04
3.15578894723680925e+00,3.29479922549274151e-04,2.90659936031944198e-04,3.68299909066604103e-04
3.16079019754938706e+00,3.27903070937534161e-04,2.88916393164242601e-04,3.66889748710825722e-04
3.16579144786196531e+00,3.26333447497809581e-04,2.87186771493358440e-04,3.65480123502260723e-04
3.17079269817454357e+00,3.24771022139079806e-04,2.85470916174434836e-04,3.64071128103724776e-04
3.17579394848712182e+00,3.23215764866461252e-04,2.83768674515265959e-04,3.62662855217656544e-04
3.18079519879969963e+00,3.21667645781190603e-04,2.82079895969032765e-04,3.61255395593348440e-04
3.18579644911227788e+00,3.20126635080602857e-04,2.80404432125845571e-04,3.59848838035360143e-04
3.19079769942485614e+00,3.18592703058108234e-04,2.78742136703143768e-04,3.58443269413072699e-04
3.19579894973743439e+00,3.17065820103163603e-04,2.77092865534992578e-04,3.57038774671334627e-04
3.20080020005001220e+00,3.15545956701242020e-04,2.75456476560326236e-04,3.55635436842157804e-04
3.20580145036259045e+00,3.14033083433797110e-04,2.73832829810176468e-04,3.54233337057417751e-04
3.21080270067516871e+00,3.12527170978226746e-04,2.72221787393935597e-04,3.52832554562517895e-04
3.21580395098774696e+00,3.11028190107830713e-04,2.70623213484690105e-04,3.51433166730971322e-04
3.22080520130032522e+00,3.09536111691767501e-04,2.69036974303672955e-04,3.50035249079862047e-04
3.22580645161290303e+00,3.08050906695005948e-04,2.67462938103870025e-04,3.48638875286141870e-04
3.23080770192548128e+00,3.06572546178274881e-04,2.65900975152826068e-04,3.47244117203723693e-04
3.23580895223805953e+00,3.05101001298009827e-04,2.64350957714687505e-04,3.45851044881332150e-04
3.24081020255063779e+00,3.03636243306295553e-04,2.62812760031520647e-04,3.44459726581070459e-04
3.24581145286321560e+00,3.02178243550806698e-04,2.61286258303945892e-04,3.43070228797667505e-04
3.25081270317579385e+00,3.00726973474744357e-04,2.59771330671123570e-04,3.41682616278365145e-04
3.25581395348837210e+00,2.99282404616770968e-04,2.58267857190129600e-04,3.40296952043412336e-04
3.26081520380095036e+00,2.97844508610940924e-04,2.56775719814756405e-04,3.38913297407125442e-04
3.26581645411352817e+00,2.96413257186629398e-04,2.55294802373774938e-04,3.37531711999483858e-04
3.27081770442610642e+00,2.94988622168457259e-04,2.53824990548691778e-04,3.36152253788222740e-04
3.27581895473868467e+00,2.93570575476214367e-04,2.52366171851037052e-04,3.34774979101391682e-04
3.28082020505126293e+00,2.92159089124779177e-04,2.50918235599214006e-04,3.33399942650344349e-04
3.28582145536384074e+00,2.90754135224035855e-04,2.49481072894944006e-04,3.32027197553127703e-04
3.29082270567641899e+00,2.89355685978788296e-04,2.48054576599338256e-04,3.30656795358238336e-04
3.29582395598899724e+00,2.87963713688672743e-04,2.46638641308628197e-04,3.29288786068717288e-04
3.30082520630157550e+00,2.86578190748066220e-04,2.45233163329582581e-04,3.27923218166549860e-04
3.30582645661415331e+00,2.85199089645993243e-04,2.43838040654642486e-04,3.26560138637344000e-04
3.31082770692673156e+00,2.83826382966029212e-04,2.42453172936801629e-04,3.25199592995256768e-04
3.31582895723930982e+00,2.82460043386202565e-04,2.41078461464261861e-04,3.23841625308143269e-04
3.32083020755188807e+00,2.81100043678893078e-04,2.39713809134887957e-04,3.22486278222898200e-04
3.32583145786446588e+00,2.79746356710728488e-04,2.38359120430490991e-04,3.21133592990965986e-04
3.33083270817704413e+00,2.78398955442477861e-04,2.37014301390963311e-04,3.19783609493992410e-04
3.33583395848962239e+00,2.77057812928943766e-04,2.35679259588293086e-04,3.18436366269594419e-04
3.34083520880220064e+00,2.75722902318850931e-04,2.34353904100479402e-04,3.17091900537222460e-04
3.34583645911477845e+00,2.74394196854733431e-04,2.33038145485373830e-04,3.15750248224093031e-04
3.35083770942735670e+00,2.73071669872818187e-04,2.31731895754468830e-04,3.14411443991167517e-04
3.35583895973993496e+00,2.71755294802908420e-04,2.30435068346658355e-04,3.13075521259158511e-04
3.36084021005251321e+00,2.70445045168262593e-04,2.29147578101987823e-04,3.11742512234537391e-04
3.36584146036509102e+00,2.69140894585472501e-04,2.27869341235417509e-04,3.10412447935527519e-04
3.37084271067766927e+00,2.67842816764338415e-04,2.26600275310616812e-04,3.09085358218060045e-04
3.37584396099024753e+00,2.66550785507742728e-04,2.25340299213810501e-04,3.07761271801674954e-04
3.38084521130282578e+00,2.65264774711521253e-04,2.24089333127694363e-04,3.06440216295348115e-04
3.38584646161540359e+00,2.63984758364331658e-04,2.22847298505437249e-04,3.05122218223226067e-04
3.39084771192798184e+00,2.62710710547521141e-04,2.21614118044789244e-04,3.03807303050253037e-04
3.39584896224056010e+00,2.61442605434991063e-04,2.20389715662309938e-04,3.02495495207672188e-04
3.40085021255313835e+00,2.60180417293060125e-04,2.19174016467734036e-04,3.01186818118386241e-04
3.40585146286571616e+00,2.58924120480325210e-04,2.17966946738488949e-04,2.99881294222161497e-04
3.41085271317829442e+00,2.57673689447520001e-04,2.16768433894378945e-04,2.98578945000661030e-04
3.41585396349087267e+00,2.56429098737372954e-04,2.15578406472451199e-04,2.97279791002294709e-04
3.42085521380345092e+00,2.55190322984461741e-04,2.14396794102054430e-04,2.95983851866869025e-04
3.42585646411602873e+00,2.53957336915067047e-04,2.13223527480105643e-04,2.94691146350028479e-04
3.43085771442860699e+00,2.52730115347023329e-04,2.12058538346574833e-04,2.93401692347471826e-04
3.43585896474118524e+00,2.51508633189569575e-04,2.10901759460201967e-04,2.92115506918937183e-04
3.44086021505376349e+00,2.50292865443196432e-04,2.09753124574454236e-04,2.90832606311938627e-04
3.44586146536634130e+00,2.49082787199492249e-04,2.08612568413735704e-04,2.89553005985248820e-04
3.45086271567891956e+00,2.47878373640987928e-04,2.07480026649860066e-04,2.88276720632115791e-04
3.45586396599149781e+00,2.46679600040999338e-04,2.06355435878793968e-04,2.87003764203204708e-04
3.46086521630407606e+00,2.45486441763468472e-04,2.05238733597681167e-04,2.85734149929255804e-04
3.46586646661665387e+00,2.44298874262802558e-04,2.04129858182155056e-04,2.84467890343450061e-04
3.47086771692923213e+00,2.43116873083711889e-04,2.03028748863948345e-04,2.83204997303475434e-04
3.47586896724181038e+00,2.41940413861046214e-04,2.01935345708806509e-04,2.81945482013285919e-04
3.48087021755438863e+00,2.40769472319628882e-04,2.00849589594711826e-04,2.80689355044545937e-04
3.48587146786696644e+00,2.39604024274090230e-04,1.99771422190425099e-04,2.79436626357755361e-04
3.49087271817954470e+00,2.38444045628698583e-04,1.98700785934350049e-04,2.78187305323047117e-04
3.49587396849212295e+00,2.37289512377190736e-04,1.97637624013727238e-04,2.76941400740654260e-04
3.50087521880470121e+00,2.36140400602600191e-04,1.96581880344161102e-04,2.75698920861039279e-04
3.50587646911727902e+00,2.34996686477084417e-04,1.95533499549485748e-04,2.74459873404683113e-04
3.51087771942985727e+00,2.33858346261749968e-04,1.94492426941972926e-04,2.73224265581527011e-04
3.51587896974243552e+00,2.32725356306477356e-04,1.93458608502887486e-04,2.71992104110067227e-04
3.52088022005501378e+00,2.31597693049743705e-04,1.92431990863391813e-04,2.70763395236095624e-04
3.52588147036759203e+00,2.30475333018444016e-04,1.91412521285803548e-04,2.69538144751084484e-04
3.53088272068016984e+00,2.29358252827711629e-04,1.90400147645209094e-04,2.68316358010214136e-04
3.53588397099274809e+00,2.28246429180736776e-04,1.89394818411434579e-04,2.67098039950038947e-04
3.54088522130532635e+00,2.27139838868584603e-04,1.88396482631377670e-04,2.65883195105791510e-04
3.54588647161790460e+00,2.26038458770010987e-04,1.87405089911699694e-04,2.64671827628322281e-04
3.55088772193048241e+00,2.24942265851278331e-04,1.86420590401881973e-04,2.63463941300674689e-04
3.55588897224306066e+00,2.23851237165968324e-04,1.85442934777644170e-04,2.62259539554292450e-04
3.56089022255563892e+00,2.22765349854795808e-04,1.84472074224729314e-04,2.61058625484862303e-04
3.56589147286821717e+00,2.21684581145419589e-04,1.83507960423051598e-04,2.59861201867787580e-04
3.57089272318079498e+00,2.20608908352253047e-04,1.82550545531210529e-04,2.58667271173295592e-04
3.57589397349337323e+00,2.19538308876272972e-04,1.81599782171368561e-04,2.57476835581177356e-04
3.58089522380595149e+00,2.18472760204828305e-04,1.80655623414494260e-04,2.56289896995162377e-04
3.58589647411852974e+00,2.17412239911446772e-04,1.79718022765967784e-04,2.55106457056925734e-04
3.59089772443110755e+00,2.16356725655641004e-04,1.78786934151549604e-04,2.53926517159732378e-04
3.59589897474368581e+00,2.15306195182713160e-04,1.77862311903709768e-04,2.52750078461716553e-04
3.60090022505626406e+00,2.14260626323559421e-04,1.76944110748317884e-04,2.51577141898800985e-04
3.60590147536884231e+00,2.13219996994472365e-04,1.76032285791690319e-04,2.50407708197254437e-04
3.61090272568142012e+00,2.12184285196943264e-04,1.75126792507994020e-04,2.49241777885892508e-04
3.61590397599399838e+00,2.11153469017462538e-04,1.74227586727004164e-04,2.48079351307920913e-04
3.62090522630657663e+00,2.10127526627320503e-04,1.73334624622214090e-04,2.46920428632426943e-04
3.62590647661915488e+00,2.09106436282405819e-04,1.72447862699293619e-04,2.45765009865518019e-04
3.63090772693173269e+00,2.08090176323004206e-04,1.71567257784894714e-04,2.44613094861113726e-04
3.63590897724431095e+00,2.07078725173595162e-04,1.70692767015800359e-04,2.43464683331389965e-04
3.64091022755688920e+00,2.06072061342648912e-04,1.69824347828414324e-04,2.42319774856883499e-04
3.64591147786946745e+00,2.05070163422422011e-04,1.68961957948588615e-04,2.41178368896255408e-04
3.65091272818204526e+00,2.04073010088751838e-04,1.68105555381784470e-04,2.40040464795719205e-04
3.65591397849462352e+00,2.03080580100850508e-04,1.67255098403564428e-04,2.38906061798136587e-04
3.66091522880720177e+00,2.02092852301098420e-04,1.66410545550411596e-04,2.37775159051785244e-04
3.66591647911978002e+00,2.01109805614836575e-04,1.65571855610872074e-04,2.36647755618801076e-04
3.67091772943235783e+00,2.00131419050158003e-04,1.64738987617016509e-04,2.35523850483299496e-04
3.67591897974493609e+00,1.99157671697698701e-04,1.63911900836217345e-04,2.34403442559180056e-04
3.68092023005751434e+00,1.98188542730428138e-04,1.63090554763237747e-04,2.33286530697618530e-04
3.68592148037009260e+00,1.97224011403438517e-04,1.62274909112627042e-04,2.32173113694249993e-04
3.69092273068267041e+00,1.96264057053733703e-04,1.61464923811419666e-04,2.31063190296047739e-04
3.69592398099524866e+00,1.95308659100016990e-04,1.60660558992131632e-04,2.29956759207902348e-04
3.70092523130782691e+00,1.94357797042479281e-04,1.59861774986052349e-04,2.28853819098906214e-04
3.70592648162040517e+00,1.93411450462585441e-04,1.59068532316824682e-04,2.27754368608346200e-04
3.71092773193298298e+00,1.92469599022860764e-04,1.58280791694310677e-04,2.26658406351410850e-04
3.71592898224556123e+00,1.91532222466676437e-04,1.57498514008736591e-04,2.25565930924616283e-04
3.72093023255813948e+00,1.90599300618034815e-04,1.56721660325114296e-04,2.24476940910955334e-04
3.72593148287071774e+00,1.89670813381353934e-04,1.55950191877932620e-04,2.23391434884775248e-04
3.73093273318329555e+00,1.88746740741251295e-04,1.55184070066114474e-04,2.22309411416388115e-04
3.73593398349587380e+00,1.87827062762327239e-04,1.54423256448234822e-04,2.21230869076419656e-04
3.74093523380845205e+00,1.86911759588948137e-04,1.53667712737994971e-04,2.20155806439901303e-04
3.74593648412103031e+00,1.86000811445028515e-04,1.52917400799947050e-04,2.19084222090109979e-04
3.75093773443360812e+00,1.85094198633813187e-04,1.52172282645464873e-04,2.18016114622161502e-04
3.75593898474618637e+00,1.84191901537658219e-04,1.51432320428955162e-04,2.16951482646361276e-04
3.76094023505876462e+00,1.83293900617812513e-04,1.50697476444305216e-04,2.15890324791319810e-04
3.76594148537134288e+00,1.82400176414197908e-04,1.49967713121560646e-04,2.14832639706835171e-04
3.77094273568392069e+00,1.81510709545189519e-04,1.49242993023828807e-04,2.13778426066550231e-04
3.77594398599649894e+00,1.80625480707395045e-04,1.48523278844402715e-04,2.12727682570387376e-04
3.78094523630907720e+00,1.79744470675434492e-04,1.47808533404100571e-04,2.11680407946768413e-04
3.78594648662165545e+00,1.78867660301718854e-04,1.47098719648814898e-04,2.10636600954622810e-04
3.79094773693423326e+00,1.77995030516228615e-04,1.46393800647267322e-04,2.09596260385189908e-04
3.79594898724681151e+00,1.77126562326291784e-04,1.45693739588962626e-04,2.08559385063620943e-04
3.80095023755938977e+00,1.76262236816362013e-04,1.44998499782338449e-04,2.07525973850385576e-04
3.80595148787196802e+00,1.75402035147795927e-04,1.44308044653104105e-04,2.06496025642487750e-04
3.81095273818454583e+00,1.74545938558630246e-04,1.43622337742764028e-04,2.05469539374496463e-04
3.81595398849712408e+00,1.73693928363358483e-04,1.42941342707320719e-04,2.04446514019396248e-04
3.82095523880970234e+00,1.72845985952707935e-04,1.42265023316152700e-04,2.03426948589263169e-04
3.82595648912228059e+00,1.72002092793415568e-04,1.41593343451060910e-04,2.02410842135770225e-04
3.83095773943485840e+00,1.71162230428004326e-04,1.40926267105480568e-04,2.01398193750528085e-04
3.83595898974743665e+00,1.70326380474558484e-04,1.40263758383851143e-04,2.00389002565265825e-04
3.84096024006001491e+00,1.69494524626499673e-04,1.39605781501142068e-04,1.99383267751857278e-04
3.84596149037259316e+00,1.68666644652361915e-04,1.38952300782527026e-04,1.98380988522196805e-04
3.85096274068517141e+00,1.67842722395566567e-04,1.38303280663202958e-04,1.97382164127930175e-04
3.85596399099774922e+00,1.67022739774197590e-04,1.37658685688349201e-04,1.96386793860045978e-04
3.86096524131032748e+00,1.66206678780775579e-04,1.37018480513220747e-04,1.95394877048330411e-04
3.86596649162290573e+00,1.65394521482033116e-04,1.36382629903372541e-04,1.94406413060693690e-04
3.87096774193548399e+00,1.64586250018688247e-04,1.35751098735008080e-04,1.93421401302368415e-04
3.87596899224806180e+00,1.63781846605219410e-04,1.35123851995449520e-04,1.92439841214989301e-04
3.88097024256064005e+00,1.62981293529638669e-04,1.34500854783722905e-04,1.91461732275554432e-04
3.88597149287321830e+00,1.62184573153266361e-04,1.33882072311255714e-04,1.90487073995277009e-04
3.89097274318579656e+00,1.61391667910504397e-04,1.33267469902680226e-04,1.89515865918328568e-04
3.89597399349837437e+00,1.60602560308610088e-04,1.32657012996739807e-04,1.88548107620480369e-04
3.90097524381095262e+00,1.59817232927469472e-04,1.32050667147292364e-04,1.87583798707646580e-04
3.90597649412353087e+00,1.59035668419371147e-04,1.31448398024408130e-04,1.86622938814334164e-04
3.91097774443610913e+00,1.58257849508779347e-04,1.30850171415555316e-04,1.85665527602003378e-04
3.91597899474868694e+00,1.57483758992107401e-04,1.30255953226871398e-04,1.84711564757343403e-04
3.92098024506126519e+00,1.56713379737490776e-04,1.29665709484514242e-04,1.83761049990467310e-04
3.92598149537384344e+00,1.55946694684560514e-04,1.29079406336089981e-04,1.82813983033031048e-04
3.93098274568642170e+00,1.55183686844216357e-04,1.28497010052152808e-04,1.81870363636279906e-04
3.93598399599899951e+00,1.54424339298399826e-04,1.27918487027772743e-04,1.80930191569026908e-04
3.94098524631157776e+00,1.53668635199867023e-04,1.27343803784167348e-04,1.79993466615566697e-04
3.94598649662415601e+00,1.52916557771962363e-04,1.26772926970394390e-04,1.79060188573530336e-04
3.95098774693673427e+00,1.52168090308391188e-04,1.26205823365099464e-04,1.78130357251682912e-04
3.95598899724931208e+00,1.51423216172993111e-04,1.25642459878317042e-04,1.77203972467669180e-04
3.96099024756189033e+00,1.50681918799514772e-04,1.25082803553319444e-04,1.76281034045710100e-04
3.96599149787446859e+00,1.49944181691383591e-04,1.24526821568511349e-04,1.75361541814255832e-04
3.97099274818704684e+00,1.49209988421480461e-04,1.23974481239365228e-04,1.74445495603595694e-04
3.97599399849962465e+00,1.48479322631913264e-04,1.23425750020394537e-04,1.73532895243431990e-04
3.98099524881220290e+00,1.47752168033789890e-04,1.22880595507161231e-04,1.72623740560418548e-04
3.98599649912478116e+00,1.47028508406991910e-04,1.22338985438314140e-04,1.71718031375669679e-04
3.99099774943735941e+00,1.46308327599947816e-04,1.21800887697654810e-04,1.70815767502240822e-04
3.99599899974993722e+00,1.45591609529406585e-04,1.21266270316227112e-04,1.69916948742586057e-04
4.00100025006251592e+00,1.44878338180211107e-04,1.20735101474428200e-04,1.69021574885994000e-04
4.00600150037509373e+00,1.44168497605072374e-04,1.20207349504137243e-04,1.68129645706007505e-04
4.01100275068767154e+00,1.43462071924342665e-04,1.19682982890858232e-04,1.67241160957827084e-04
4.01600400100025023e+00,1.42759045325789678e-04,1.19161970275874883e-04,1.66356120375704458e-04
4.02100525131282804e+00,1.42059402064371071e-04,1.18644280458414492e-04,1.65474523670327650e-04
4.02600650162540585e+00,1.41363126462007731e-04,1.18129882397816470e-04,1.64596370526199005e-04
4.03100775193798455e+00,1.40670202907358714e-04,1.17618745215705020e-04,1.63721660599012422e-04
4.03600900225056236e+00,1.39980615855595794e-04,1.17110838198161509e-04,1.62850393513030078e-04
4.04101025256314106e+00,1.39294349828177316e-04,1.16606130797893866e-04,1.61982568858460766e-04
4.04601150287571887e+00,1.38611389412624127e-04,1.16104592636402041e-04,1.61118186188846213e-04
4.05101275318829668e+00,1.37931719262293244e-04,1.15606193506134297e-04,1.60257245018452190e-04
4.05601400350087538e+00,1.37255324096153804e-04,1.15110903372634687e-04,1.59399744819672934e-04
4.06101525381345319e+00,1.36582188698562446e-04,1.14618692376677617e-04,1.58545685020447275e-04
4.06601650412603099e+00,1.35912297919038041e-04,1.14129530836386625e-04,1.57695065001689456e-04
4.07101775443860969e+00,1.35245636672037936e-04,1.13643389249337281e-04,1.56847884094738605e-04
4.07601900475118750e+00,1.34582189936734126e-04,1.13160238294640280e-04,1.56004141578827986e-04
4.08102025506376620e+00,1.33921942756788415e-04,1.12680048835002121e-04,1.55163836678574721e-04
4.08602150537634401e+00,1.33264880240129826e-04,1.12202791918763862e-04,1.54326968561495776e-04
4.09102275568892182e+00,1.32610987558730233e-04,1.11728438781912563e-04,1.53493536335547903e-04
4.09602400600150052e+00,1.31960249948381522e-04,1.11256960850066375e-04,1.52663539046696668e-04
4.10102525631407833e+00,1.31312652708472956e-04,1.10788329740429945e-04,1.51836975676515953e-04
4.10602650662665614e+00,1.30668181201767773e-04,1.10322517263718070e-04,1.51013845139817476e-04
4.11102775693923483e+00,1.30026820854180924e-04,1.09859495426046887e-04,1.50194146282314962e-04
4.11602900725181264e+00,1.29388557154557301e-04,1.09399236430790663e-04,1.49377877878323925e-04
4.12103025756439134e+00,1.28753375654448905e-04,1.08941712680401401e-04,1.48565038628496396e-04
4.12603150787696915e+00,1.28121261967894048e-04,1.08486896778191668e-04,1.47755627157596429e-04
4.13103275818954696e+00,1.27492201771195175e-04,1.08034761530077268e-04,1.46949642012313082e-04
4.13603400850212566e+00,1.26866180802697983e-04,1.07585279946279720e-04,1.46147081659116245e-04
4.14103525881470347e+00,1.26243184862570947e-04,1.07138425242986701e-04,1.45347944482155181e-04
4.14603650912728128e+00,1.25623199812584067e-04,1.06694170843968481e-04,1.44552228781199654e-04
4.15103775943985998e+00,1.25006211575888986e-04,1.06252490382150412e-04,1.43759932769627573e-04
4.15603900975243779e+00,1.24392206136799170e-04,1.05813357701139391e-04,1.42971054572458948e-04
4.16104026006501648e+00,1.23781169540569625e-04,1.05376746856702909e-04,1.42185592224436342e-04
4.16604151037759429e+00,1.23173087893178407e-04,1.04942632118201260e-04,1.41403543668155540e-04
4.17104276069017210e+00,1.22567947361106847e-04,1.04510987969969304e-04,1.40624906752244389e-04
4.17604401100275080e+00,1.21965734171121021e-04,1.04081789112649365e-04,1.39849679229592678e-04
4.18104526131532861e+00,1.21366434610053922e-04,1.03655010464473292e-04,1.39077858755634566e-04
4.18604651162790731e+00,1.20770035024586432e-04,1.03230627162491766e-04,1.38309442886681112e-04
4.19104776194048512e+00,1.20176521821030677e-04,1.02808614563752883e-04,1.37544429078308470e-04
4.19604901225306293e+00,1.19585881465111800e-04,1.02388948246425984e-04,1.36782814683797615e-04
4.20105026256564162e+00,1.18998100481751258e-04,1.01971604010872558e-04,1.36024596952629957e-04
4.20605151287821943e+00,1.18413165454850591e-04,1.01556557880662905e-04,1.35269773029038278e-04
4.21105276319079724e+00,1.17831063027074327e-04,1.01143786103536815e-04,1.34518339950611852e-04
4.21605401350337594e+00,1.17251779899634530e-04,1.00733265152309816e-04,1.33770294646959245e-04
4.22105526381595375e+00,1.16675302832075405e-04,1.00324971725723064e-04,1.33025633938427734e-04
4.22605651412853245e+00,1.16101618642057441e-04,9.99188827492365024e-05,1.32284354534878380e-04
4.23105776444111026e+00,1.15530714205143377e-04,9.95149753757661670e-05,1.31546453034520587e-04
4.23605901475368807e+00,1.14962576454583125e-04,9.91132269863635544e-05,1.30811925922802696e-04
4.24106026506626677e+00,1.14397192381099884e-04,9.87136151908381873e-05,1.30080769571361580e-04
4.24606151537884458e+00,1.13834549032676834e-04,9.83161178283230655e-05,1.29352980237030602e-04
4.25106276569142238e+00,1.13274633514343307e-04,9.79207129677814227e-05,1.28628554060905190e-04
4.25606401600400108e+00,1.12717432987962120e-04,9.75273789084566431e-05,1.27907487067467596e-04
4.26106526631657889e+00,1.12162934672017464e-04,9.71360941802641053e-05,1.27189775163770837e-04
4.26606651662915759e+00,1.11611125841402050e-04,9.67468375441244934e-05,1.26475414138679592e-04
4.27106776694173540e+00,1.11061993827206294e-04,9.63595879922404179e-05,1.25764399662172169e-04
4.27606901725431321e+00,1.10515526016506362e-04,9.59743247483138518e-05,1.25056727284698872e-04
4.28107026756689191e+00,1.09971709852153628e-04,9.55910272677068507e-05,1.24352392436600406e-04
4.28607151787946972e+00,1.09430532832564448e-04,9.52096752375443481e-05,1.23651390427584562e-04
4.29107276819204753e+00,1.08891982511509744e-04,9.48302485767591098e-05,1.22953716446260364e-04
4.29607401850462622e+00,1.08356046497905560e-04,9.44527274360799153e-05,1.22259365559731191e-04
4.30107526881720403e+00,1.07822712455604331e-04,9.40770921979628880e-05,1.21568332713245774e-04
4.30607651912978273e+00,1.07291968103185413e-04,9.37033234764652527e-05,1.20880612729905572e-04
4.31107776944236054e+00,1.06763801213747550e-04,9.33314021170637863e-05,1.20196200310431313e-04
4.31607901975493835e+00,1.06238199614700496e-04,9.29613091964162934e-05,1.19515090032984699e-04
4.32108027006751705e+00,1.05715151187557794e-04,9.25930260220679226e-05,1.18837276353047665e-04
4.32608152038009486e+00,1.05194643867730097e-04,9.22265341321023386e-05,1.18162753603357856e-04
4.33108277069267267e+00,1.04676665644318201e-04,9.18618152947374905e-05,1.17491515993898912e-04
4.33608402100525137e+00,1.04161204559907175e-04,9.14988515078675501e-05,1.16823557611946799e-04
4.34108527131782918e+00,1.03648248710361070e-04,9.11376249985511143e-05,1.16158872422171026e-04
4.34608652163040787e+00,1.03137786244617208e-04,9.07781182224455361e-05,1.15497454266788881e-04
4.35108777194298568e+00,1.02629805364482104e-04,9.04203138631893091e-05,1.14839296865774899e-04
4.35608902225556349e+00,1.02124294324426742e-04,9.00641948317315691e-05,1.14184393817121915e-04
4.36109027256814219e+00,1.01621241431382978e-04,8.97097442656105855e-05,1.13532738597155370e-04
4.36609152288072000e+00,1.01120635044540616e-04,8.93569455281815241e-05,1.12884324560899707e-04
4.37109277319329781e+00,1.00622463575143997e-04,8.90057822077932264e-05,1.12239144942494768e-04
4.37609402350587651e+00,1.00126715486289949e-04,8.86562381169162938e-05,1.11597192855663604e-04
4.38109527381845432e+00,9.96333792927262414e-05,8.83082972912223291e-05,1.10958461294230154e-04
4.38609652413103301e+00,9.91424435606494533e-05,8.79619439886142400e-05,1.10322943132684667e-04
4.39109777444361082e+00,9.86538969075049095e-05,8.76171626882105983e-05,1.09690631126799221e-04
4.39609902475618863e+00,9.81677280017855474e-05,8.72739380892821603e-05,1.09061517914288934e-04
4.40110027506876733e+00,9.76839255628322482e-05,8.69322551101435410e-05,1.08435596015520955e-04
4.40610152538134514e+00,9.72024783606346954e-05,8.65920988869997989e-05,1.07812857834269592e-04
4.41110277569392295e+00,9.67233752156319095e-05,8.62534547727485823e-05,1.07193295658515237e-04
4.41610402600650165e+00,9.62466049985138923e-05,8.59163083357391926e-05,1.06576901661288592e-04
4.42110527631907946e+00,9.57721566300240589e-05,8.55806453584898643e-05,1.05963667901558253e-04
4.42610652663165816e+00,9.53000190807611264e-05,8.52464518363623823e-05,1.05353586325159871e-04
4.43110777694423597e+00,9.48301813709827518e-05,8.49137139761972881e-05,1.04746648765768216e-04
4.43610902725681377e+00,9.43626325704084642e-05,8.45824181949084012e-05,1.04142846945908527e-04
4.44111027756939247e+00,9.38973617980239935e-05,8.42525511180392179e-05,1.03542172478008769e-04
4.44611152788197028e+00,9.34343582218859925e-05,8.39240995782812945e-05,1.02944616865490690e-04
4.45111277819454809e+00,9.29736110589265410e-05,8.35970506139553480e-05,1.02350171503897734e-04
4.45611402850712679e+00,9.25151095747590066e-05,8.32713914674568082e-05,1.01758827682061205e-04
4.46111527881970460e+00,9.20588430834841885e-05,8.29471095836663232e-05,1.01170576583302054e-04
4.46611652913228330e+00,9.16048009474964631e-05,8.26241926083258140e-05,1.00585409286667112e-04
4.47111777944486111e+00,9.11529725772913373e-05,8.23026283863820040e-05,1.00003316768200671e-04
4.47611902975743892e+00,9.07033474312725829e-05,8.19824049602973397e-05,9.94242899022478260e-05
4.48112028007001761e+00,9.02559150155604547e-05,8.16635105683300398e-05,9.88483194627908695e-05
4.48612153038259542e+00,8.98106648838005998e-05,8.13459336427842472e-05,9.82753961248169523e-05
4.49112278069517412e+00,8.93675866369725877e-05,8.10296628082304463e-05,9.77055104657147290e-05
4.49612403100775193e+00,8.89266699232002289e-05,8.07146868796984645e-05,9.71386529667019933e-05
4.50112528132032974e+00,8.84879044375611214e-05,8.04009948608426760e-05,9.65748140142795667e-05
4.50612653163290844e+00,8.80512799218975928e-05,8.00885759420814713e-05,9.60139839017137142e-05
4.51112778194548625e+00,8.76167861646281711e-05,7.97774194987118556e-05,9.54561528305444867e-05
4.51612903225806406e+00,8.71844130005587577e-05,7.94675150889990448e-05,9.49013109121184706e-05
4.52113028257064276e+00,8.67541503106952224e-05,7.91588524522440101e-05,9.43494481691464347e-05
4.52613153288322057e+00,8.63259880220563114e-05,7.88514215068282823e-05,9.38005545372843405e-05
4.53113278319579926e+00,8.58999161074864323e-05,7.85452123482376817e-05,9.32546198667351828e-05
4.53613403350837707e+00,8.54759245854702014e-05,7.82402152470665591e-05,9.27116339238738437e-05
4.54113528382095488e+00,8.50540035199461914e-05,7.79364206470020064e-05,9.21715863928903765e-05
4.54613653413353358e+00,8.46341430201219530e-05,7.76338191627907884e-05,9.16344668774531177e-05
4.55113778444611139e+00,8.42163332402899036e-05,7.73324015781890346e-05,9.11002649023907727e-05
4.55613903475868920e+00,8.38005643796426065e-05,7.70321588438954789e-05,9.05689699153897342e-05
4.56114028507126790e+00,8.33868266820896492e-05,7.67330820754699407e-05,9.00405712887093578e-05
4.56614153538384571e+00,8.29751104360747655e-05,7.64351625512378196e-05,8.95150583209117115e-05
4.57114278569642440e+00,8.25654059743930119e-05,7.61383917101809559e-05,8.89924202386050680e-05
4.57614403600900221e+00,8.21577036740092588e-05,7.58427611498169315e-05,8.84726461982015861e-05
4.58114528632158002e+00,8.17519939558765185e-05,7.55482626240666205e-05,8.79557252876864165e-05
4.58614653663415872e+00,8.13482672847552361e-05,7.52548880411119949e-05,8.74416465283984774e-05
4.59114778694673653e+00,8.09465141690331630e-05,7.49626294612444854e-05,8.69303988768218406e-05
4.59614903725931434e+00,8.05467251605452704e-05,7.46714790947047624e-05,8.64219712263857785e-05
4.60115028757189304e+00,8.01488908543946803e-05,7.43814292995154970e-05,8.59163524092738636e-05
4.60615153788447085e+00,7.97530018887742596e-05,7.40924725793076311e-05,8.54135311982408881e-05
4.61115278819704955e+00,7.93590489447878897e-05,7.38046015811406290e-05,8.49134963084351505e-05
4.61615403850962736e+00,7.89670227462735923e-05,7.35178090933189351e-05,8.44162363992282495e-05
4.62115528882220516e+00,7.85769140596257880e-05,7.32320880432037289e-05,8.39217400760478472e-05
4.62615653913478386e+00,7.81887136936191814e-05,7.29474314950226058e-05,8.34299958922157570e-05
4.63115778944736167e+00,7.78024124992328896e-05,7.26638326476771850e-05,8.29409923507885941e-05
4.63615903975993948e+00,7.74180013694746391e-05,7.23812848325489962e-05,8.24547179064002820e-05
4.64116029007251818e+00,7.70354712392060602e-05,7.20997815113058805e-05,8.19711609671062400e-05
4.64616154038509599e+00,7.66548130849685911e-05,7.18193162737088263e-05,8.14903098962283559e-05
4.65116279069767469e+00,7.62760179248091788e-05,7.15398828354198071e-05,8.10121530141985505e-05
4.65616404101025250e+00,7.58990768181075522e-05,7.12614750358124788e-05,8.05366786004026256e-05
4.66116529132283031e+00,7.55239808654030887e-05,7.09840868357854935e-05,8.00638748950206839e-05
4.66616654163540900e+00,7.51507212082228325e-05,7.07077123155799598e-05,7.95937301008657052e-05
4.67116779194798681e+00,7.47792890289100280e-05,7.04323456726014836e-05,7.91262323852185724e-05
4.67616904226056462e+00,7.44096755504527346e-05,7.01579812192474814e-05,7.86613698816579878e-05
4.68117029257314332e+00,7.40418720363134172e-05,6.98846133807408903e-05,7.81991306918859442e-05
4.68617154288572113e+00,7.36758697902591874e-05,6.96122366929707214e-05,7.77395028875476534e-05
4.69117279319829983e+00,7.33116601561919221e-05,6.93408458003400680e-05,7.72824745120437762e-05
4.69617404351087764e+00,7.29492345179798740e-05,6.90704354536229360e-05,7.68280335823368120e-05
4.70117529382345545e+00,7.25885842992888609e-05,6.88010005078295309e-05,7.63761680907481909e-05
4.70617654413603415e+00,7.22297009634146752e-05,6.85325359200816961e-05,7.59268660067476543e-05
4.71117779444861196e+00,7.18725760131160219e-05,6.82650367474989489e-05,7.54801152787330950e-05
4.71617904476118976e+00,7.15172009904473620e-05,6.79984981450948710e-05,7.50359038357998530e-05
4.72118029507376846e+00,7.11635674765930155e-05,6.77329153636859399e-05,7.45942195895000912e-05
4.72618154538634627e+00,7.08116670917017263e-05,6.74682837478124761e-05,7.41550504355909765e-05
4.73118279569892497e+00,7.04614914947210768e-05,6.72045987336722085e-05,7.37183842557699451e-05
4.73618404601150278e+00,7.01130323832334758e-05,6.69418558470679878e-05,7.32842089193989639e-05
4.74118529632408059e+00,6.97662814932918066e-05,6.66800507013690932e-05,7.28525122852145200e-05
4.74618654663665929e+00,6.94212305992560785e-05,6.64191789954874067e-05,7.24232822030247502e-05
4.75118779694923710e+00,6.90778715136307830e-05,6.61592365118692270e-05,7.19965065153923390e-05
4.75618904726181491e+00,6.87361960869021144e-05,6.59002191145019900e-05,7.15721730593022387e-05
4.76119029757439360e+00,6.83961962073763828e-05,6.56421227469381488e-05,7.11502696678146168e-05
4.76619154788697141e+00,6.80578638010189563e-05,6.53849434303355181e-05,7.07307841717023944e-05
4.77119279819955011e+00,6.77211908312930124e-05,6.51286772615145064e-05,7.03137044010715184e-05
4.77619404851212792e+00,6.73861692989999442e-05,6.48733204110340362e-05,6.98990181869658521e-05
4.78119529882470573e+00,6.70527912421192771e-05,6.46188691212845818e-05,6.94867133629539725e-05
4.78619654913728443e+00,6.67210487356497393e-05,6.43653197046006951e-05,6.90767777666987835e-05
4.79119779944986224e+00,6.63909338914508724e-05,6.41126685413923562e-05,6.86691992415093885e-05
4.79619904976244005e+00,6.60624388580847521e-05,6.38609120782955412e-05,6.82639656378739631e-05
4.80120030007501875e+00,6.57355558206585485e-05,6.36100468263429427e-05,6.78610648149741543e-05
4.80620155038759655e+00,6.54102770006679667e-05,6.33600693591551413e-05,6.74604846421807922e-05
4.81120280070017525e+00,6.50865946558402687e-05,6.31109763111517395e-05,6.70622130005287979e-05
4.81620405101275306e+00,6.47645010799790150e-05,6.28627643757842346e-05,6.66662377841737954e-05
4.82120530132533087e+00,6.44439886028083192e-05,6.26154303037895445e-05,6.62725469018270939e-05
4.82620655163790957e+00,6.41250495898182410e-05,6.23689709014655443e-05,6.58811282781709376e-05
4.83120780195048738e+00,6.38076764421107340e-05,6.21233830289685427e-05,6.54919698552529253e-05
4.83620905226306608e+00,6.34918615962455814e-05,6.18786635986324037e-05,6.51050595938587590e-05
4.84121030257564389e+00,6.31775975240876853e-05,6.16348095733110582e-05,6.47203854748643124e-05
4.84621155288822170e+00,6.28648767326540458e-05,6.13918179647427820e-05,6.43379355005653096e-05
4.85121280320080039e+00,6.25536917639618910e-05,6.11496858319381499e-05,6.39576976959856320e-05
4.85621405351337820e+00,6.22440351948772409e-05,6.09084102795909004e-05,6.35796601101635747e-05
4.86121530382595601e+00,6.19358996369636213e-05,6.06679884565121166e-05,6.32038108174151191e-05
4.86621655413853471e+00,6.16292777363317381e-05,6.04284175540881937e-05,6.28301379185752757e-05
4.87121780445111252e+00,6.13241621734897499e-05,6.01896948047627041e-05,6.24586295422167957e-05
4.87621905476369122e+00,6.10205456631934037e-05,5.99518174805416766e-05,6.20892738458451375e-05
4.88122030507626903e+00,6.07184209542976618e-05,5.97147828915237631e-05,6.17220590170715604e-05
4.88622155538884684e+00,6.04177808296079563e-05,5.94785883844539540e-05,6.13569732747619586e-05
4.89122280570142554e+00,6.01186181057325952e-05,5.92432313413021077e-05,6.09940048701630827e-05
4.89622405601400335e+00,5.98209256329355546e-05,5.90087091778659356e-05,6.06331420880051736e-05
4.90122530632658115e+00,5.95246962949895020e-05,5.87750193423983145e-05,6.02743732475806895e-05
4.90622655663915985e+00,5.92299230090297539e-05,5.85421593142596296e-05,5.99176867037998781e-05
4.91122780695173766e+00,5.89365987254086268e-05,5.83101266025947229e-05,5.95630708482225308e-05
4.91622905726431636e+00,5.86447164275500596e-05,5.80789187450345202e-05,5.92105141100655991e-05
4.92123030757689417e+00,5.83542691318052789e-05,5.78485333064229071e-05,5.88600049571876506e-05
4.92623155788947198e+00,5.80652498873084373e-05,5.76189678775681341e-05,5.85115318970487404e-05
4.93123280820205068e+00,5.77776517758331332e-05,5.73902200740193424e-05,5.81650834776469239e-05
4.93623405851462849e+00,5.74914679116494788e-05,5.71622875348681408e-05,5.78206482884308169e-05
4.94123530882720630e+00,5.72066914413813313e-05,5.69351679215748482e-05,5.74782149611878144e-05
4.94623655913978499e+00,5.69233155438644381e-05,5.67088589168199513e-05,5.71377721709089248e-05
4.95123780945236280e+00,5.66413334300050505e-05,5.64833582233804712e-05,5.67993086366296298e-05
4.95623905976494150e+00,5.63607383426386317e-05,5.62586635630308462e-05,5.64628131222464171e-05
4.96124031007751931e+00,5.60815235563898455e-05,5.60347726754693284e-05,5.61282744373103626e-05
4.96624156039009712e+00,5.58036823775322541e-05,5.58116833172684756e-05,5.57956814377960327e-05
4.97124281070267582e+00,5.55272081438490858e-05,5.55893932608508105e-05,5.54650230268473611e-05
4.97624406101525363e+00,5.52520942244944777e-05,5.53679002934891326e-05,5.51362881554998227e-05
4.98124531132783144e+00,5.49783340198547994e-05,5.51472022163310475e-05,5.48094658233785512e-05
4.98624656164041014e+00,5.47059209614110203e-05,5.49272968434483589e-05,5.44845450793736817e-05
4.99124781195298795e+00,5.44348485116014430e-05,5.47081820009107263e-05,5.41615150222921597e-05
4.99624906226556664e+00,5.41651101636845650e-05,5.44898555258833310e-05,5.38403648014857989e-05
5.00125031257814445e+00,5.38966994416031808e-05,5.42723152657491534e-05,5.35210836174572081e-05
5.00625156289072226e+00,5.36296098998482063e-05,5.40555590772546894e-05,5.32036607224417233e-05
5.01125281320330096e+00,5.33638351233235871e-05,5.38395848256800072e-05,5.28880854209671670e-05
5.01625406351587877e+00,5.30993687272116066e-05,5.36243903840323313e-05,5.25743470703908818e-05
5.02125531382845658e+00,5.28362043568384178e-05,5.34099736322631472e-05,5.22624350814136884e-05
5.02625656414103528e+00,5.25743356875403142e-05,5.31963324565086086e-05,5.19523389185720197e-05
5.03125781445361309e+00,5.23137564245307584e-05,5.29834647483536293e-05,5.16440481007078876e-05
5.03625906476619178e+00,5.20544603027671887e-05,5.27713684041182876e-05,5.13375522014160898e-05
5.04126031507876959e+00,5.17964410868192540e-05,5.25600413241678882e-05,5.10328408494706198e-05
5.04626156539134740e+00,5.15396925707366295e-05,5.23494814122448627e-05,5.07299037292283962e-05
5.05126281570392610e+00,5.12842085779180857e-05,5.21396865748238324e-05,5.04287305810123391e-05
5.05626406601650391e+00,5.10299829609807813e-05,5.19306547204886727e-05,5.01293112014728899e-05
5.06126531632908172e+00,5.07770096016298060e-05,5.17223837593313167e-05,4.98316354439282954e-05
5.06626656664166042e+00,5.05252824105285444e-05,5.15148716023727771e-05,4.95356932186843117e-05
5.07126781695423823e+00,5.02747953271696758e-05,5.13081161610058061e-05,4.92414744933335454e-05
5.07626906726681693e+00,5.00255423197460325e-05,5.11021153464583840e-05,4.89489692930336810e-05
5.08127031757939474e+00,4.97775173850227925e-05,5.08968670692789876e-05,4.86581677007665974e-05
5.08627156789197254e+00,4.95307145482093745e-05,5.06923692388422148e-05,4.83690598575765341e-05
5.09127281820455124e+00,4.92851278628323824e-05,5.04886197628753603e-05,4.80816359627894046e-05
5.09627406851712905e+00,4.90407514106089577e-05,5.02856165470053551e-05,4.77958862742125604e-05
5.10127531882970686e+00,4.87975793013202593e-05,5.00833574943255596e-05,4.75118011083149589e-05
5.10627656914228556e+00,4.85556056726858248e-05,4.98818405049827033e-05,4.72293708403889463e-05
5.11127781945486337e+00,4.83148246902384540e-05,4.96810634757834750e-05,4.69485859046934331e-05
5.11627906976744207e+00,4.80752305471990850e-05,4.94810242998200325e-05,4.66694367945781375e-05
5.12128032008001988e+00,4.78368174643528763e-05,4.92817208661151232e-05,4.63919140625906293e-05
5.12628157039259769e+00,4.75995796899250119e-05,4.90831510592854256e-05,4.61160083205645982e-05
5.13128282070517638e+00,4.73635114994576376e-05,4.88853127592238780e-05,4.58417102396913972e-05
5.13628407101775419e+00,4.71286071956870340e-05,4.86882038408000526e-05,4.55690105505740154e-05
5.14128532133033289e+00,4.68948611084209937e-05,4.84918221735782223e-05,4.52979000432637651e-05
5.14628657164291070e+00,4.66622675944172819e-05,4.82961656215535266e-05,4.50283695672810372e-05
5.15128782195548851e+00,4.64308210372619688e-05,4.81012320429051059e-05,4.47604100316188318e-05
5.15628907226806721e+00,4.62005158472486089e-05,4.79070192897665010e-05,4.44940124047307168e-05
5.16129032258064502e+00,4.59713464612579144e-05,4.77135252080128586e-05,4.42291677145029702e-05
5.16629157289322283e+00,4.57433073426376059e-05,4.75207476370644122e-05,4.39658670482107996e-05
5.17129282320580153e+00,4.55163929810829872e-05,4.73286844097063156e-05,4.37041015524596588e-05
5.17629407351837934e+00,4.52905978925180759e-05,4.71373333519243379e-05,4.34438624331118139e-05
5.18129532383095803e+00,4.50659166189767890e-05,4.69466922827559561e-05,4.31851409551976218e-05
5.18629657414353584e+00,4.48423437284852181e-05,4.67567590141570856e-05,4.29279284428133506e-05
5.19129782445611365e+00,4.46198738149437230e-05,4.65675313508833331e-05,4.26722162790041130e-05
5.19629907476869235e+00,4.43985014980099191e-05,4.63790070903861575e-05,4.24179959056336807e-05
5.20130032508127016e+00,4.41782214229821931e-05,4.61911840227236260e-05,4.21652588232407602e-05
5.20630157539384797e+00,4.39590282606832465e-05,4.60040599304846221e-05,4.19139965908818708e-05
5.21130282570642667e+00,4.37409167073444583e-05,4.58176325887273166e-05,4.16642008259616000e-05
5.21630407601900448e+00,4.35238814844908042e-05,4.56318997649310431e-05,4.14158632040505654e-05
5.22130532633158317e+00,4.33079173388257817e-05,4.54468592189609321e-05,4.11689754586906314e-05
5.22630657664416098e+00,4.30930190421173386e-05,4.52625087030458954e-05,4.09235293811887818e-05
5.23130782695673879e+00,4.28791813910838081e-05,4.50788459617687057e-05,4.06795168203989105e-05
5.23630907726931749e+00,4.26663992072805353e-05,4.48958687320685033e-05,4.04369296824925672e-05
5.24131032758189530e+00,4.24546673369871199e-05,4.47135747432553791e-05,4.01957599307188607e-05
5.24631157789447311e+00,4.22439806510946188e-05,4.45319617170361376e-05,3.99559995851531000e-05
5.25131282820705181e+00,4.20343340449936970e-05,4.43510273675518243e-05,3.97176407224355697e-05
5.25631407851962962e+00,4.18257224384631105e-05,4.41707694014260806e-05,3.94806754755001405e-05
5.26131532883220832e+00,4.16181407755583047e-05,4.39911855178240298e-05,3.92450960332925796e-05
5.26631657914478613e+00,4.14115840245010629e-05,4.38122734085220322e-05,3.90108946404800936e-05
5.27131782945736393e+00,4.12060471775690530e-05,4.36340307579870753e-05,3.87780635971510308e-05
5.27631907976994263e+00,4.10015252509860728e-05,4.34564552434662545e-05,3.85465952585058912e-05
5.28132033008252044e+00,4.07980132848129314e-05,4.32795445350858628e-05,3.83164820345400001e-05
5.28632158039509825e+00,4.05955063428382703e-05,4.31032962959593767e-05,3.80877163897171638e-05
5.29132283070767695e+00,4.03939995124702784e-05,4.29277081823046592e-05,3.78602908426358976e-05
5.29632408102025476e+00,4.01934879046288076e-05,4.27527778435698958e-05,3.76341979656877193e-05
5.30132533133283346e+00,3.99939666536375824e-05,4.25785029225675215e-05,3.74094303847076433e-05
5.30632658164541127e+00,3.97954309171173518e-05,4.24048810556166772e-05,3.71859807786180263e-05
5.31132783195798908e+00,3.95978758758790006e-05,4.22319098726930880e-05,3.69638418790649132e-05
5.31632908227056777e+00,3.94012967338174265e-05,4.20595869975866853e-05,3.67430064700481677e-05
5.32133033258314558e+00,3.92056887178058707e-05,4.18879100480665752e-05,3.65234673875451663e-05
5.32633158289572339e+00,3.90110470775903169e-05,4.17168766360525523e-05,3.63052175191280814e-05
5.33133283320830209e+00,3.88173670856847435e-05,4.15464843677937562e-05,3.60882498035757307e-05
5.33633408352087990e+00,3.86246440372666814e-05,4.13767308440536090e-05,3.58725572304797538e-05
5.34133533383345860e+00,3.84328732500729815e-05,4.12076136603007094e-05,3.56581328398452536e-05
5.34633658414603641e+00,3.82420500642964559e-05,4.10391304069060697e-05,3.54449697216868421e-05
5.35133783445861422e+00,3.80521698424824320e-05,4.08712786693454547e-05,3.52330610156194093e-05
5.35633908477119292e+00,3.78632279694261122e-05,4.07040560284074743e-05,3.50223999104447501e-05
5.36134033508377073e+00,3.76752198520703742e-05,4.05374600604067916e-05,3.48129796437339568e-05
5.36634158539634853e+00,3.74881409194036122e-05,4.03714883374019324e-05,3.46047935014052920e-05
5.37134283570892723e+00,3.73019866223584182e-05,4.02061384274179532e-05,3.43978348172988832e-05
5.37634408602150504e+00,3.71167524337105614e-05,4.00414078946734734e-05,3.41920969727476493e-05
5.38134533633408374e+00,3.69324338479782048e-05,3.98772942998116845e-05,3.39875733961447250e-05
5.38634658664666155e+00,3.67490263813218741e-05,3.97137952001354663e-05,3.37842575625082819e-05
5.39134783695923936e+00,3.65665255714445146e-05,3.95509081498459454e-05,3.35821429930430838e-05
5.39634908727181806e+00,3.63849269774921578e-05,3.93886307002846176e-05,3.33812232546996980e-05
5.40135033758439587e+00,3.62042261799550897e-05,3.92269604001787707e-05,3.31814919597314087e-05
5.40635158789697368e+00,3.60244187805691140e-05,3.90658947958895164e-05,3.29829427652487115e-05
5.41135283820955237e+00,3.58455004022175262e-05,3.89054314316629926e-05,3.27855693727720598e-05
5.41635408852213018e+00,3.56674666888334818e-05,3.87455678498838978e-05,3.25893655277830659e-05
5.42135533883470888e+00,3.54903133053024924e-05,3.85863015913312472e-05,3.23943250192737376e-05
5.42635658914728669e+00,3.53140359373657823e-05,3.84276301954365217e-05,3.22004416792950429e-05
5.43135783945986450e+00,3.51386302915235714e-05,3.82695512005433813e-05,3.20077093825037615e-05
5.43635908977244320e+00,3.49640920949391095e-05,3.81120621441693308e-05,3.18161220457088882e-05
5.44136034008502101e+00,3.47904170953431175e-05,3.79551605632688895e-05,3.16256736274173454e-05
5.44636159039759971e+00,3.46176010609382758e-05,3.77988439944977299e-05,3.14363581273788216e-05
5.45136284071017752e+00,3.44456397803046346e-05,3.76431099744784563e-05,3.12481695861308129e-05
5.45636409102275532e+00,3.42745290623049361e-05,3.74879560400667630e-05,3.10611020845431092e-05
5.46136534133533402e+00,3.41042647359906476e-05,3.73333797286186763e-05,3.08751497433626190e-05
5.46636659164791183e+00,3.39348426505084157e-05,3.71793785782583867e-05,3.06903067227584447e-05
5.47136784196048964e+00,3.37662586750065940e-05,3.70259501281460670e-05,3.05065672218671210e-05
5.47636909227306834e+00,3.35985086985425173e-05,3.68730919187463139e-05,3.03239254783387206e-05
5.48137034258564615e+00,3.34315886299900997e-05,3.67208014920965219e-05,3.01423757678836810e-05
5.48637159289822485e+00,3.32654943979475293e-05,3.65690763920748033e-05,2.99619124038202553e-05
5.49137284321080266e+00,3.31002219506459301e-05,3.64179141646682337e-05,2.97825297366236265e-05
5.49637409352338047e+00,3.29357672558577404e-05,3.62673123582399375e-05,2.96042221534755400e-05
5.50137534383595916e+00,3.27721263008059926e-05,3.61172685237960806e-05,2.94269840778159013e-05
5.50637659414853697e+00,3.26092950920738901e-05,3.59677802152520140e-05,2.92508099688957696e-05
5.51137784446111478e+00,3.24472696555144733e-05,3.58188449896971924e-05,2.90756943213317542e-05
5.51637909477369348e+00,3.22860460361610238e-05,3.56704604076594551e-05,2.89016316646625958e-05
5.52138034508627129e+00,3.21256202981377666e-05,3.55226240333679109e-05,2.87286165629076223e-05
5.52638159539884999e+00,3.19659885245707559e-05,3.53753334350144616e-05,2.85566436141270502e-05
5.53138284571142780e+00,3.18071468174994714e-05,3.52285861850140170e-05,2.83857074499849259e-05
5.53638409602400561e+00,3.16490912977884496e-05,3.50823798602629147e-05,2.82158027353139879e-05
5.54138534633658431e+00,3.14918181050395510e-05,3.49367120423957743e-05,2.80469241676833244e-05
5.54638659664916212e+00,3.13353233975046145e-05,3.47915803180406371e-05,2.78790664769685919e-05
5.55138784696173992e+00,3.11796033519982127e-05,3.46469822790717617e-05,2.77122244249246602e-05
5.55638909727431862e+00,3.10246541638110445e-05,3.45029155228606979e-05,2.75463928047613911e-05
5.56139034758689643e+00,3.08704720466237346e-05,3.43593776525251451e-05,2.73815664407223242e-05
5.56639159789947513e+00,3.07170532324206662e-05,3.42163662771752692e-05,2.72177401876660666e-05
5.57139284821205294e+00,3.05643939714046948e-05,3.40738790121580416e-05,2.70549089306513479e-05
5.57639409852463075e+00,3.04124905319116728e-05,3.39319134792986026e-05,2.68930675845247397e-05
5.58139534883720945e+00,3.02613392003257970e-05,3.37904673071394771e-05,2.67322110935121169e-05
5.58639659914978726e+00,3.01109362809951827e-05,3.36495381311768967e-05,2.65723344308134687e-05
5.59139784946236507e+00,2.99612780961476149e-05,3.35091235940942830e-05,2.64134325982009502e-05
5.59639909977494376e+00,2.98123609858069188e-05,3.33692213459930060e-05,2.62555006256208282e-05
5.60140035008752157e+00,2.96641813077096795e-05,3.32298290446203040e-05,2.60985335707990516e-05
5.60640160040010027e+00,2.95167354372220467e-05,3.30909443555937814e-05,2.59425265188503119e-05
5.61140285071267808e+00,2.93700197672573077e-05,3.29525649526232834e-05,2.57874745818913319e-05
5.61640410102525589e+00,2.92240307081934649e-05,3.28146885177292750e-05,2.56333728986576548e-05
5.62140535133783459e+00,2.90787646877913342e-05,3.26773127414580687e-05,2.54802166341246032e-05
5.62640660165041240e+00,2.89342181511131316e-05,3.25404353230938806e-05,2.53280009791323826e-05
5.63140785196299021e+00,2.87903875604410698e-05,3.24040539708672211e-05,2.51767211500149151e-05
5.63640910227556891e+00,2.86472693951966059e-05,3.22681664021600938e-05,2.50263723882331145e-05
5.64141035258814671e+00,2.85048601518600235e-05,3.21327703437076975e-05,2.48769499600123461e-05
5.64641160290072541e+00,2.83631563438901312e-05,3.19978635317963404e-05,2.47284491559839219e-05
5.65141285321330322e+00,2.82221545016446308e-05,3.18634437124580753e-05,2.45808652908311897e-05
5.65641410352588103e+00,2.80818511723005374e-05,3.17295086416613628e-05,2.44341937029397119e-05
5.66141535383845973e+00,2.79422429197751777e-05,3.15960560854983201e-05,2.42884297540520353e-05
5.66641660415103754e+00,2.78033263246474843e-05,3.14630838203681270e-05,2.41435688289268416e-05
5.67141785446361535e+00,2.76650979840794686e-05,3.13305896331564617e-05,2.39996063350024754e-05
5.67641910477619405e+00,2.75275545117382429e-05,3.11985713214114058e-05,2.38565377020650800e-05
5.68142035508877186e+00,2.73906925377183920e-05,3.10670266935154121e-05,2.37143583819213754e-05
5.68642160540135055e+00,2.72545087084644251e-05,3.09359535688531596e-05,2.35730638480756907e-05
5.69142285571392836e+00,2.71189996866939434e-05,3.08053497779758642e-05,2.34326495954120226e-05
5.69642410602650617e+00,2.69841621513208107e-05,3.06752131627612936e-05,2.32931111398803244e-05
5.70142535633908487e+00,2.68499927973788393e-05,3.05455415765699940e-05,2.31544440181876813e-05
5.70642660665166268e+00,2.67164883359458957e-05,3.04163328843975896e-05,2.30166437874942019e-05
5.71142785696424049e+00,2.65836454940680574e-05,3.02875849630227701e-05,2.28797060251133447e-05
5.71642910727681919e+00,2.64514610146843418e-05,3.01592957011515467e-05,2.27436263282171369e-05
5.72143035758939700e+00,2.63199316565518054e-05,3.00314629995574058e-05,2.26084003135462050e-05
5.72643160790197570e+00,2.61890541941706689e-05,2.99040847712171424e-05,2.24740236171241953e-05
5.73143285821455351e+00,2.60588254177101885e-05,2.97771589414430246e-05,2.23404918939773523e-05
5.73643410852713131e+00,2.59292421329344626e-05,2.96506834480104649e-05,2.22078008178584604e-05
5.74143535883971001e+00,2.58003011611288451e-05,2.95246562412819141e-05,2.20759460809757762e-05
5.74643660915228782e+00,2.56719993390266293e-05,2.93990752843265337e-05,2.19449233937267248e-05
5.75143785946486563e+00,2.55443335187358948e-05,2.92739385530356937e-05,2.18147284844360959e-05
5.75643910977744433e+00,2.54173005676668730e-05,2.91492440362344863e-05,2.16853570990992598e-05
5.76144036009002214e+00,2.52908973684596341e-05,2.90249897357891701e-05,2.15568050011300982e-05
5.76644161040260084e+00,2.51651208189118688e-05,2.89011736667103120e-05,2.14290679711134257e-05
5.77144286071517865e+00,2.50399678319073178e-05,2.87777938572521135e-05,2.13021418065625222e-05
5.77644411102775646e+00,2.49154353353442243e-05,2.86548483490073900e-05,2.11760223216810587e-05
5.78144536134033515e+00,2.47915202720642648e-05,2.85323351969986372e-05,2.10507053471298924e-05
5.78644661165291296e+00,2.46682195997818826e-05,2.84102524697650960e-05,2.09261867297986692e-05
5.79144786196549166e+00,2.45455302910136116e-05,2.82885982494454466e-05,2.08024623325817766e-05
5.79644911227806947e+00,2.44234493330081484e-05,2.81673706318568837e-05,2.06795280341594131e-05
5.80145036259064728e+00,2.43019737276763335e-05,2.80465677265697848e-05,2.05573797287828821e-05
5.80645161290322598e+00,2.41811004915217145e-05,2.79261876569786336e-05,2.04360133260647954e-05
5.81145286321580379e+00,2.40608266555713745e-05,2.78062285603688711e-05,2.03154247507738778e-05
5.81645411352838160e+00,2.39411492653069153e-05,2.76866885879796679e-05,2.01956099426341626e-05
5.82145536384096030e+00,2.38220653805959228e-05,2.75675659050628943e-05,2.00765648561289512e-05
5.82645661415353810e+00,2.37035720756237499e-05,2.74488586909381845e-05,1.99582854603093154e-05
5.83145786446611680e+00,2.35856664388253919e-05,2.73305651390438496e-05,1.98407677386069342e-05
5.83645911477869461e+00,2.34683455728179467e-05,2.72126834569842680e-05,1.97240076886516253e-05
5.84146036509127242e+00,2.33516065943331577e-05,2.70952118665730871e-05,1.96080013220932283e-05
5.84646161540385112e+00,2.32354466341503592e-05,2.69781486038728305e-05,1.94927446644278880e-05
5.85146286571642893e+00,2.31198628370297911e-05,2.68614919192306566e-05,1.93782337548289256e-05
5.85646411602900674e+00,2.30048523616460118e-05,2.67452400773102510e-05,1.92644646459817725e-05
5.86146536634158544e+00,2.28904123805217857e-05,2.66293913571200765e-05,1.91514334039234949e-05
5.86646661665416325e+00,2.27765400799622995e-05,2.65139440520380153e-05,1.90391361078865836e-05
5.87146786696674194e+00,2.26632326599894185e-05,2.63988964698320366e-05,1.89275688501468003e-05
5.87646911727931975e+00,2.25504873342765973e-05,2.62842469326776249e-05,1.88167277358755696e-05
5.88147036759189756e+00,2.24383013300837431e-05,2.61699937771712412e-05,1.87066088829962450e-05
5.88647161790447626e+00,2.23266718881926006e-05,2.60561353543404602e-05,1.85972084220447410e-05
5.89147286821705407e+00,2.22155962628424248e-05,2.59426700296505775e-05,1.84885224960342722e-05
5.89647411852963188e+00,2.21050717216657354e-05,2.58295961830075092e-05,1.83805472603239617e-05
5.90147536884221058e+00,2.19950955456245826e-05,2.57169122087574673e-05,1.82732788824916978e-05
5.90647661915478839e+00,2.18856650289470804e-05,2.56046165156832154e-05,1.81667135422109454e-05
5.91147786946736709e+00,2.17767774790640219e-05,2.54927075269967065e-05,1.80608474311313373e-05
5.91647911977994490e+00,2.16684302165461070e-05,2.53811836803287795e-05,1.79556767527634344e-05
5.92148037009252270e+00,2.15606205750411129e-05,2.52700434277151698e-05,1.78511977223670561e-05
5.92648162040510140e+00,2.14533459012116037e-05,2.51592852355795414e-05,1.77474065668436660e-05
5.93148287071767921e+00,2.13466035546728693e-05,2.50489075847132936e-05,1.76442995246324449e-05
5.93648412103025702e+00,2.12403909079310045e-05,2.49389089702520172e-05,1.75418728456099918e-05
5.94148537134283572e+00,2.11347053463214278e-05,2.48292879016490124e-05,1.74401227909938432e-05
5.94648662165541353e+00,2.10295442679476915e-05,2.47200429026457784e-05,1.73390456332496047e-05
5.95148787196799223e+00,2.09249050836203738e-05,2.46111725112392062e-05,1.72386376560015414e-05
5.95648912228057004e+00,2.08207852167965188e-05,2.45026752796461420e-05,1.71388951539468956e-05
5.96149037259314785e+00,2.07171821035190876e-05,2.43945497742646812e-05,1.70398144327734941e-05
5.96649162290572654e+00,2.06140931923568935e-05,2.42867945756328230e-05,1.69413918090809640e-05
5.97149287321830435e+00,2.05115159443447401e-05,2.41794082783841810e-05,1.68436236103052993e-05
5.97649412353088216e+00,2.04094478329237568e-05,2.40723894912008639e-05,1.67465061746466498e-05
5.98149537384346086e+00,2.03078863438820824e-05,2.39657368367636063e-05,1.66500358510005586e-05
5.98649662415603867e+00,2.02068289752959050e-05,2.38594489516993807e-05,1.65542089988924293e-05
5.99149787446861737e+00,2.01062732374705153e-05,2.37535244865260089e-05,1.64590219884150216e-05
5.99649912478119518e+00,2.00062166528819559e-05,2.36479621055945532e-05,1.63644712001693586e-05
6.00150037509377299e+00,1.99066567561186208e-05,2.35427604870287979e-05,1.62705530252084437e-05
6.00650162540635169e+00,1.98075910938233513e-05,2.34379183226624601e-05,1.61772638649842424e-05
6.01150287571892950e+00,1.97090172246357502e-05,2.33334343179739074e-05,1.60846001312975930e-05
6.01650412603150730e+00,1.96109327191346278e-05,2.32293071920183005e-05,1.59925582462509550e-05
6.02150537634408600e+00,1.95133351597808570e-05,2.31255356773575331e-05,1.59011346422041809e-05
6.02650662665666381e+00,1.94162221408605109e-05,2.30221185199878853e-05,1.58103257617331365e-05
6.03150787696924251e+00,1.93195912684280504e-05,2.29190544792651630e-05,1.57201280575909377e-05
6.03650912728182032e+00,1.92234401602500708e-05,2.28163423278279666e-05,1.56305379926721751e-05
6.04151037759439813e+00,1.91277664457490187e-05,2.27139808515184627e-05,1.55415520399795747e-05
6.04651162790697683e+00,1.90325677659473618e-05,2.26119688493012461e-05,1.54531666825934776e-05
6.05151287821955464e+00,1.89378417734119934e-05,2.25103051331801192e-05,1.53653784136438677e-05
6.05651412853213245e+00,1.88435861321987584e-05,2.24089885281126715e-05,1.52781837362848453e-05
6.06151537884471114e+00,1.87497985177973757e-05,2.23080178719230955e-05,1.51915791636716542e-05
6.06651662915728895e+00,1.86564766170766118e-05,2.22073920152130082e-05,1.51055612189402171e-05
6.07151787946986765e+00,1.85636181282295452e-05,2.21071098212702590e-05,1.50201264351888331e-05
6.07651912978244546e+00,1.84712207607193395e-05,2.20071701659762004e-05,1.49352713554624803e-05
6.08152038009502327e+00,1.83792822352249893e-05,2.19075719377108405e-05,1.48509925327391381e-05
6.08652163040760197e+00,1.82878002835875367e-05,2.18083140372565418e-05,1.47672865299185333e-05
6.09152288072017978e+00,1.81967726487564477e-05,2.17093953776998911e-05,1.46841499198130043e-05
6.09652413103275848e+00,1.81061970847361745e-05,2.16108148843319395e-05,1.46015792851404095e-05
6.10152538134533629e+00,1.80160713565331209e-05,2.15125714945469645e-05,1.45195712185192789e-05
6.10652663165791409e+00,1.79263932401026791e-05,2.14146641577395085e-05,1.44381223224658497e-05
6.11152788197049279e+00,1.78371605222966020e-05,2.13170918352000816e-05,1.43572292093931223e-05
6.11652913228307060e+00,1.77483710008106936e-05,2.12198535000094218e-05,1.42768885016119654e-05
6.12153038259564841e+00,1.76600224841325405e-05,2.11229481369311856e-05,1.41970968313338953e-05
6.12653163290822711e+00,1.75721127914896428e-05,2.10263747423034708e-05,1.41178508406758149e-05
6.13153288322080492e+00,1.74846397527978030e-05,2.09301323239289997e-05,1.40391471816666064e-05
6.13653413353338362e+00,1.73976012086095751e-05,2.08342199009638974e-05,1.39609825162552529e-05
6.14153538384596143e+00,1.73109950100631957e-05,2.07386365038055105e-05,1.38833535163208809e-05
6.14653663415853924e+00,1.72248190188315178e-05,2.06433811739787896e-05,1.38062568636842444e-05
6.15153788447111793e+00,1.71390711070713382e-05,2.05484529640217365e-05,1.37296892501209400e-05
6.15653913478369574e+00,1.70537491573729446e-05,2.04538509373697402e-05,1.36536473773761490e-05
6.16154038509627355e+00,1.69688510627097984e-05,2.03595741682387948e-05,1.35781279571808019e-05
6.16654163540885225e+00,1.68843747263885091e-05,2.02656217415077687e-05,1.35031277112692512e-05
6.17154288572143006e+00,1.68003180619991610e-05,2.01719927525998773e-05,1.34286433713984430e-05
6.17654413603400876e+00,1.67166789933655954e-05,2.00786863073629571e-05,1.33546716793682337e-05
6.18154538634658657e+00,1.66334554544962119e-05,1.99857015219491629e-05,1.32812093870432608e-05
6.18654663665916438e+00,1.65506453895347927e-05,1.98930375226936729e-05,1.32082532563759142e-05
6.19154788697174308e+00,1.64682467527116562e-05,1.98006934459926852e-05,1.31358000594306273e-05
6.19654913728432089e+00,1.63862575082950577e-05,1.97086684381807576e-05,1.30638465784093578e-05
6.20155038759689869e+00,1.63046756305427015e-05,1.96169616554072593e-05,1.29923896056781454e-05
6.20655163790947739e+00,1.62234991036535719e-05,1.95255722635123547e-05,1.29214259437947908e-05
6.21155288822205520e+00,1.61427259217200152e-05,1.94344994379023480e-05,1.28509524055376824e-05
6.21655413853463390e+00,1.60623540886799227e-05,1.93437423634243690e-05,1.27809658139354747e-05
6.22155538884721171e+00,1.59823816182692698e-05,1.92533002342406469e-05,1.27114630022978926e-05
6.22655663915978952e+00,1.59028065339747701e-05,1.91631722537021935e-05,1.26424408142473483e-05
6.23155788947236822e+00,1.58236268689868112e-05,1.90733576342221010e-05,1.25738961037515232e-05
6.23655913978494603e+00,1.57448406661526204e-05,1.89838555971484495e-05,1.25058257351567914e-05
6.24156039009752384e+00,1.56664459779295931e-05,1.88946653726367747e-05,1.24382265832224115e-05
6.24656164041010253e+00,1.55884408663388449e-05,1.88057861995221992e-05,1.23710955331554922e-05
6.25156289072268034e+00,1.55108234029190890e-05,1.87172173251913924e-05,1.23044294806467839e-05
6.25656414103525904e+00,1.54335916686805475e-05,1.86289580054540883e-05,1.22382253319070068e-05
6.26156539134783685e+00,1.53567437540592457e-05,1.85410075044145237e-05,1.21724800037039677e-05
6.26656664166041466e+00,1.52802777588714038e-05,1.84533650943425969e-05,1.21071904234002108e-05
6.27156789197299336e+00,1.52041917922680859e-05,1.83660300555449127e-05,1.20423535289912607e-05
6.27656914228557117e+00,1.51284839726901285e-05,1.82790016762357585e-05,1.19779662691444986e-05
6.28157039259814898e+00,1.50531524278231251e-05,1.81922792524078777e-05,1.19140256032383741e-05
6.28657164291072768e+00,1.49781952945527374e-05,1.81058620877032567e-05,1.18505285014022164e-05
6.29157289322330548e+00,1.49036107189202454e-05,1.80197494932839961e-05,1.17874719445564965e-05
6.29657414353588418e+00,1.48293968560781408e-05,1.79339407877029588e-05,1.17248529244533245e-05
6.30157539384846199e+00,1.47555518702461553e-05,1.78484352967747465e-05,1.16626684437175624e-05
6.30657664416103980e+00,1.46820739346672698e-05,1.77632323534465274e-05,1.16009155158880139e-05
6.31157789447361850e+00,1.46089612315640730e-05,1.76783312976690698e-05,1.15395911654590745e-05
6.31657914478619631e+00,1.45362119520953378e-05,1.75937314762680309e-05,1.14786924279226447e-05
6.32158039509877412e+00,1.44638242963126614e-05,1.75094322428151602e-05,1.14182163498101626e-05
6.32658164541135282e+00,1.43917964731174397e-05,1.74254329574999401e-05,1.13581599887349392e-05
6.33158289572393063e+00,1.43201267002180409e-05,1.73417329870014127e-05,1.12985204134346708e-05
6.33658414603650932e+00,1.42488132040870461e-05,1.72583317043601188e-05,1.12392947038139733e-05
6.34158539634908713e+00,1.41778542199188904e-05,1.71752284888505823e-05,1.11804799509871985e-05
6.34658664666166494e+00,1.41072479915875083e-05,1.70924227258538653e-05,1.11220732573211513e-05
6.35158789697424364e+00,1.40369927716043018e-05,1.70099138067306217e-05,1.10640717364779803e-05
6.35658914728682145e+00,1.39670868210763160e-05,1.69277011286945505e-05,1.10064725134580815e-05
6.36159039759939926e+00,1.38975284096644816e-05,1.68457840946860762e-05,1.09492727246428888e-05
6.36659164791197796e+00,1.38283158155421804e-05,1.67641621132466251e-05,1.08924695178377340e-05
6.37159289822455577e+00,1.37594473253540144e-05,1.66828345983933664e-05,1.08360600523146641e-05
6.37659414853713447e+00,1.36909212341746051e-05,1.66018009694942035e-05,1.07800414988550066e-05
6.38159539884971228e+00,1.36227358454678234e-05,1.65210606511436125e-05,1.07244110397920344e-05
6.38659664916229008e+00,1.35548894710459838e-05,1.64406130730386671e-05,1.06691658690533004e-05
6.39159789947486878e+00,1.34873804310293942e-05,1.63604576698558700e-05,1.06143031922029185e-05
6.39659914978744659e+00,1.34202070538060500e-05,1.62805938811284684e-05,1.05598202264836317e-05
6.40160040010002440e+00,1.33533676759914449e-05,1.62010211511242849e-05,1.05057142008586033e-05
6.40660165041260310e+00,1.32868606423886729e-05,1.61217389287243037e-05,1.04519823560530437e-05
6.41160290072518091e+00,1.32206843059486985e-05,1.60427466673018535e-05,1.03986219445955436e-05
6.41660415103775961e+00,1.31548370277307247e-05,1.59640438246023723e-05,1.03456302308590755e-05
6.42160540135033742e+00,1.30893171768628968e-05,1.58856298626240169e-05,1.02930044911017768e-05
6.42660665166291523e+00,1.30241231305030480e-05,1.58075042474987971e-05,1.02407420135072989e-05
6.43160790197549392e+00,1.29592532737997049e-05,1.57296664493745496e-05,1.01888400982248603e-05
6.43660915228807173e+00,1.28947059998533228e-05,1.56521159422976923e-05,1.01372960574089533e-05
6.44161040260065043e+00,1.28304797096775486e-05,1.55748522040965537e-05,1.00861072152585436e-05
6.44661165291322824e+00,1.27665728121608727e-05,1.54978747162657393e-05,1.00352709080560060e-05
6.45161290322580605e+00,1.27029837240282630e-05,1.54211829638510640e-05,9.98478448420546196e-06
6.45661415353838475e+00,1.26397108698031116e-05,1.53447764353354363e-05,9.93464530427078685e-06
6.46161540385096256e+00,1.25767526817693501e-05,1.52686546225255898e-05,9.88485074101311031e-06
6.46661665416354037e+00,1.25141075999336602e-05,1.51928170204395567e-05,9.83539817942776366e-06
6.47161790447611907e+00,1.24517740719879399e-05,1.51172631271950842e-05,9.78628501678079547e-06
6.47661915478869687e+00,1.23897505532719679e-05,1.50419924438989924e-05,9.73750866264494340e-06
6.48162040510127557e+00,1.23280355067361227e-05,1.49670044745372509e-05,9.68906653893499443e-06
6.48662165541385338e+00,1.22666274029044411e-05,1.48922987258661895e-05,9.64095607994269274e-06
6.49162290572643119e+00,1.22055247198377053e-05,1.48178747073044455e-05,9.59317473237096500e-06
6.49662415603900989e+00,1.21447259430967927e-05,1.47437319308259803e-05,9.54571995536760510e-06
6.50162540635158770e+00,1.20842295657062051e-05,1.46698699108540221e-05,9.49858922055838811e-06
6.50662665666416551e+00,1.20240340881176880e-05,1.45962881641559288e-05,9.45178001207944724e-06
6.51162790697674421e+00,1.19641380181740966e-05,1.45229862097390743e-05,9.40528982660911888e-06
6.51662915728932202e+00,1.19045398710734509e-05,1.44499635687477849e-05,9.35911617339911685e-06
6.52163040760190071e+00,1.18452381693330487e-05,1.43772197643611311e-05,9.31325657430496624e-06
6.52663165791447852e+00,1.17862314427539036e-05,1.43047543216919340e-05,9.26770856381587320e-06
6.53163290822705633e+00,1.17275182283851971e-05,1.42325667676866008e-05,9.22246968908379343e-06
6.53663415853963503e+00,1.16690970704890128e-05,1.41606566310261535e-05,9.17753750995187214e-06
6.54163540885221284e+00,1.16109665205052204e-05,1.40890234420282869e-05,9.13290959898215390e-06
6.54663665916479065e+00,1.15531251370164490e-05,1.40176667325503712e-05,9.08858354148252673e-06
6.55163790947736935e+00,1.14955714857133130e-05,1.39465860358936662e-05,9.04455693553295984e-06
6.55663915978994716e+00,1.14383041393597994e-05,1.38757808867085758e-05,9.00082739201102299e-06
6.56164041010252586e+00,1.13813216777587301e-05,1.38052508209009115e-05,8.95739253461654873e-06
6.56664166041510367e+00,1.13246226877175256e-05,1.37349953755393987e-05,8.91424999989565256e-06
6.57164291072768147e+00,1.12682057630139962e-05,1.36650140887641371e-05,8.87139743726385522e-06
6.57664416104026017e+00,1.12120695043623710e-05,1.35953064996962535e-05,8.82883250902848841e-06
6.58164541135283798e+00,1.11562125193795252e-05,1.35258721483487427e-05,8.78655289041030771e-06
6.58664666166541579e+00,1.11006334225512444e-05,1.34567105755382541e-05,8.74455626956423466e-06
6.59164791197799449e+00,1.10453308351987615e-05,1.33878213227981795e-05,8.70284034759934342e-06
6.59664916229057230e+00,1.09903033854454330e-05,1.33192039322928301e-05,8.66140283859803587e-06
6.60165041260315100e+00,1.09355497081835030e-05,1.32508579467326905e-05,8.62024146963431549e-06
6.60665166291572881e+00,1.08810684450411401e-05,1.31827829092909659e-05,8.57935398079131417e-06
6.61165291322830662e+00,1.08268582443495165e-05,1.31149783635211372e-05,8.53873812517789577e-06
6.61665416354088531e+00,1.07729177611101145e-05,1.30474438532757638e-05,8.49839166894446511e-06
6.62165541385346312e+00,1.07192456569622017e-05,1.29801789226264785e-05,8.45831239129792492e-06
6.62665666416604093e+00,1.06658406001503919e-05,1.29131831157850608e-05,8.41849808451572299e-06
6.63165791447861963e+00,1.06127012654923928e-05,1.28464559770257299e-05,8.37894655395905574e-06
6.63665916479119744e+00,1.05598263343469804e-05,1.27799970506086920e-05,8.33965561808526880e-06
6.64166041510377614e+00,1.05072144945819737e-05,1.27138058807047080e-05,8.30062310845923941e-06
6.64666166541635395e+00,1.04548644405425274e-05,1.26478820113210210e-05,8.26184686976403379e-06
6.65166291572893176e+00,1.04027748730194373e-05,1.25822249862283095e-05,8.22332475981056503e-06
6.65666416604151046e+00,1.03509444992176816e-05,1.25168343488889541e-05,8.18505464954640901e-06
6.66166541635408826e+00,1.02993720327251197e-05,1.24517096423864712e-05,8.14703442306376816e-06
6.66666666666666607e+00,1.02480561934812519e-05,1.23868504093560528e-05,8.10926197760645107e-06
6.67166791697924477e+00,1.01969957077462078e-05,1.23222561919163954e-05,8.07173522357602023e-06
6.67666916729182258e+00,1.01461893080699007e-05,1.22579265316027476e-05,8.03445208453705377e-06
6.68167041760440128e+00,1.00956357332612193e-05,1.21938609693009987e-05,7.99741049722143997e-06
6.68667166791697909e+00,1.00453337283575129e-05,1.21300590451831824e-05,7.96060841153184328e-06
6.69167291822955690e+00,9.99528204459407367e-06,1.20665202986439629e-05,7.92404379054418446e-06
6.69667416854213560e+00,9.94547943937388157e-06,1.20032442682384692e-05,7.88771461050929396e-06
6.70167541885471341e+00,9.89592467623746625e-06,1.19402304916213057e-05,7.85161886085362683e-06
6.70667666916729122e+00,9.84661652483284610e-06,1.18774785054866565e-05,7.81575454417903572e-06
6.71167791947986991e+00,9.79755376088569237e-06,1.18149878455096998e-05,7.78011967626168497e-06
6.71667916979244772e+00,9.74873516616963552e-06,1.17527580462892160e-05,7.74471228605005503e-06
6.72168042010502642e+00,9.70015952847660896e-06,1.16907886412912469e-05,7.70953041566197102e-06
6.72668167041760423e+00,9.65182564158750270e-06,1.16290791627941618e-05,7.67457212038084364e-06
6.73168292073018204e+00,9.60373230524278996e-06,1.15676291418347219e-05,7.63983546865085802e-06
6.73668417104276074e+00,9.55587832511339770e-06,1.15064381081554274e-05,7.60531854207136801e-06
6.74168542135533855e+00,9.50826251277171949e-06,1.14455055901530818e-05,7.57101943539035715e-06
6.74668667166791725e+00,9.46088368566268080e-06,1.13848311148284091e-05,7.53693625649695170e-06
6.75168792198049506e+00,9.41374066707505516e-06,1.13244142077370185e-05,7.50306712641309180e-06
6.75668917229307286e+00,9.36683228611281574e-06,1.12642543929413886e-05,7.46941017928424285e-06
6.76169042260565156e+00,9.32015737766668693e-06,1.12043511929641223e-05,7.43596356236925152e-06
6.76669167291822937e+00,9.27371478238585514e-06,1.11447041287423955e-05,7.40272543602931477e-06
6.77169292323080718e+00,9.22750334664970839e-06,1.10853127195834351e-05,7.36969397371598169e-06
6.77669417354338588e+00,9.18152192253981982e-06,1.10261764831213018e-05,7.33686736195833867e-06
6.78169542385596369e+00,9.13576936781204477e-06,1.09672949352748029e-05,7.30424380034928753e-06
6.78669667416854239e+00,9.09024454586867372e-06,1.09086675902064497e-05,7.27182150153089691e-06
6.79169792448112020e+00,9.04494632573084948e-06,1.08502939602827576e-05,7.23959869117894219e-06
6.79669917479369801e+00,8.99987358201097935e-06,1.07921735560354754e-05,7.20757360798648412e-06
6.80170042510627670e+00,8.95502519488538442e-06,1.07343058861241312e-05,7.17574450364663844e-06
6.80670167541885451e+00,8.91040005006705391e-06,1.06766904572996423e-05,7.14410964283446632e-06
6.81170292573143232e+00,8.86599703877847406e-06,1.06193267743690193e-05,7.11266730318792884e-06
6.81670417604401102e+00,8.82181505772466025e-06,1.05622143401612422e-05,7.08141577528807741e-06
6.82170542635658883e+00,8.77785300906630951e-06,1.05053526554942913e-05,7.05035336263832773e-06
6.82670667666916753e+00,8.73410980039301050e-06,1.04487412191431606e-05,7.01947838164286044e-06
6.83170792698174534e+00,8.69058434469669923e-06,1.03923795278091449e-05,6.98878916158425354e-06
6.83670917729432315e+00,8.64727556034512152e-06,1.03362670760900735e-05,6.95828404460016951e-06
6.84171042760690185e+00,8.60418237105550547e-06,1.02804033564517428e-05,6.92796138565926903e-06
6.84671167791947965e+00,8.56130370586835772e-06,1.02247878592004148e-05,6.89781955253630149e-06
6.85171292823205746e+00,8.51863849912132398e-06,1.01694200724563479e-05,6.86785692578629925e-06
6.85671417854463616e+00,8.47618569042322236e-06,1.01142994821284410e-05,6.83807189871800371e-06
6.86171542885721397e+00,8.43394422462823434e-06,1.00594255718899855e-05,6.80846287736648323e-06
6.86671667916979267e+00,8.39191305181011764e-06,1.00047978231553557e-05,6.77902828046487869e-06
6.87171792948237048e+00,8.35009112723667159e-06,9.95041571505791248e-06,6.74976653941543071e-06
6.87671917979494829e+00,8.30847741134419740e-06,9.89627872442878748e-06,6.72067609825960733e-06
6.88172043010752699e+00,8.26707086971218541e-06,9.84238632577683619e-06,6.69175541364753379e-06
6.88672168042010480e+00,8.22587047303808369e-06,9.78873799126957103e-06,6.66300295480659550e-06
6.89172293073268261e+00,8.18487519711215807e-06,9.73533319071508057e-06,6.63441720350923557e-06
6.89672418104526130e+00,8.14408402279251827e-06,9.68217139154501266e-06,6.60599665404002387e-06
6.90172543135783911e+00,8.10349593598027438e-06,9.62925205879858416e-06,6.57773981316196460e-06
6.90672668167041781e+00,8.06310992759473237e-06,9.57657465510748170e-06,6.54964520008198305e-06
6.91172793198299562e+00,8.02292499354883353e-06,9.52413864068191275e-06,6.52171134641575345e-06
6.91672918229557343e+00,7.98294013472458030e-06,9.47194347329746478e-06,6.49393679615169582e-06
6.92173043260815213e+00,7.94315435694867060e-06,9.41998860828305362e-06,6.46632010561428842e-06
6.92673168292072994e+00,7.90356667096825228e-06,9.36827349850984433e-06,6.43885984342666024e-06
6.93173293323330775e+00,7.86417609242670652e-06,9.31679759438101220e-06,6.41155459047240083e-06
6.93673418354588645e+00,7.82498164183964623e-06,9.26556034382256777e-06,6.38440293985672553e-06
6.94173543385846425e+00,7.78598234457100607e-06,9.21456119227509648e-06,6.35740349686691565e-06
6.94673668417104295e+00,7.74717723080917471e-06,9.16379958268633704e-06,6.33055487893201239e-06
6.95173793448362076e+00,7.70856533554337790e-06,9.11327495550483539e-06,6.30385571558192041e-06
6.95673918479619857e+00,7.67014569854002418e-06,9.06298674867433911e-06,6.27730464840571009e-06
6.96174043510877727e+00,7.63191736431928783e-06,9.01293439762922338e-06,6.25090033100935228e-06
6.96674168542135508e+00,7.59387938213175280e-06,8.96311733529076745e-06,6.22464142897273731e-06
6.97174293573393289e+00,7.55603080593515062e-06,8.91353499206426795e-06,6.19852661980603330e-06
6.97674418604651159e+00,7.51837069437124404e-06,8.86418679583708056e-06,6.17255459290540836e-06
6.98174543635908940e+00,7.48089811074283598e-06,8.81507217197752901e-06,6.14672404950814295e-06
6.98674668667166809e+00,7.44361212299081669e-06,8.76619054333459509e-06,6.12103370264703745e-06
6.99174793698424590e+00,7.40651180367143103e-06,8.71754133023856574e-06,6.09548227710429633e-06
6.99674918729682371e+00,7.36959622993354159e-06,8.66912395050238158e-06,6.07006850936470161e-06
7.00175043760940241e+00,7.33286448349607727e-06,8.62093781942391372e-06,6.04479114756824168e-06
7.00675168792198022e+00,7.29631565062559455e-06,8.57298234978903167e-06,6.01964895146215742e-06
7.01175293823455803e+00,7.25994882211387766e-06,8.52525695187542183e-06,5.99464069235233434e-06
7.01675418854713673e+00,7.22376309325571844e-06,8.47776103345725460e-06,5.96976515305418228e-06
7.02175543885971454e+00,7.18775756382678498e-06,8.43049399981064266e-06,5.94502112784292730e-06
7.02675668917229324e+00,7.15193133806156071e-06,8.38345525371980231e-06,5.92040742240331995e-06
7.03175793948487105e+00,7.11628352463145873e-06,8.33664419548407367e-06,5.89592285377884378e-06
7.03675918979744885e+00,7.08081323662296413e-06,8.29006022292560156e-06,5.87156625032032753e-06
7.04176044011002755e+00,7.04551959151593809e-06,8.24370273139781433e-06,5.84733645163406270e-06
7.04676169042260536e+00,7.01040171116203211e-06,8.19757111379465985e-06,5.82323230852940352e-06
7.05176294073518406e+00,6.97545872176313353e-06,8.15166476056045490e-06,5.79925268296581131e-06
7.05676419104776187e+00,6.94068975385002794e-06,8.10598305970059666e-06,5.77539644799946006e-06
7.06176544136033968e+00,6.90609394226105310e-06,8.06052539679282322e-06,5.75166248772928214e-06
7.06676669167291838e+00,6.87167042612092653e-06,8.01529115499928208e-06,5.72804969724257098e-06
7.07176794198549619e+00,6.83741834881967720e-06,7.97027971507923904e-06,5.70455698256011621e-06
7.07676919229807400e+00,6.80333685799161969e-06,7.92549045540241219e-06,5.68118326058082804e-06
7.08177044261065269e+00,6.76942510549449175e-06,7.88092275196303438e-06,5.65792745902594827e-06
7.08677169292323050e+00,6.73568224738868248e-06,7.83657597839455257e-06,5.63478851638281240e-06
7.09177294323580920e+00,6.70210744391651566e-06,7.79244950598489480e-06,5.61176538184813652e-06
7.09677419354838701e+00,6.66869985948170574e-06,7.74854270369247740e-06,5.58885701527093408e-06
7.10177544386096482e+00,6.63545866262884362e-06,7.70485493816272385e-06,5.56606238709496339e-06
7.10677669417354352e+00,6.60238302602302292e-06,7.66138557374524934e-06,5.54338047830079650e-06
7.11177794448612133e+00,6.56947212642958150e-06,7.61813397251166206e-06,5.52081028034750094e-06
7.11677919479869914e+00,6.53672514469387517e-06,7.57509949427386161e-06,5.49835079511388874e-06
7.12178044511127784e+00,6.50414126572120725e-06,7.53228149660299055e-06,5.47600103483942395e-06
7.12678169542385564e+00,6.47171967845686060e-06,7.48967933484895258e-06,5.45376002206476861e-06
7.13178294573643434e+00,6.43945957586616015e-06,7.44729236216040334e-06,5.43162678957191696e-06
7.13678419604901215e+00,6.40736015491472606e-06,7.40511992950539769e-06,5.40960038032405443e-06
7.14178544636158996e+00,6.37542061654873273e-06,7.36316138569246561e-06,5.38767984740499986e-06
7.14678669667416866e+00,6.34364016567531865e-06,7.32141607739226317e-06,5.36586425395837413e-06
7.15178794698674647e+00,6.31201801114309784e-06,7.27988334915976229e-06,5.34415267312643339e-06
7.15678919729932428e+00,6.28055336572271284e-06,7.23856254345686141e-06,5.32254418798856427e-06
7.16179044761190298e+00,6.24924544608752574e-06,7.19745300067554085e-06,5.30103789149951064e-06
7.16679169792448079e+00,6.21809347279441680e-06,7.15655405916152549e-06,5.27963288642730811e-06
7.17179294823705948e+00,6.18709667026461014e-06,7.11586505523832193e-06,5.25832828529089835e-06
7.17679419854963729e+00,6.15625426676467482e-06,7.07538532323182896e-06,5.23712321029752067e-06
7.18179544886221510e+00,6.12556549438754705e-06,7.03511419549529629e-06,5.21601679327979780e-06
7.18679669917479380e+00,6.09502958903368540e-06,6.99505100243477871e-06,5.19500817563259208e-06
7.19179794948737161e+00,6.06464579039232767e-06,6.95519507253503243e-06,5.17409650824962291e-06
7.19679919979994942e+00,6.03441334192278924e-06,6.91554573238575869e-06,5.15328095145981978e-06
7.20180045011252812e+00,6.00433149083589185e-06,6.87610230670831585e-06,5.13256067496346786e-06
7.20680170042510593e+00,5.97439948807549919e-06,6.83686411838283538e-06,5.11193485776816301e-06
7.21180295073768463e+00,5.94461658830006846e-06,6.79783048847564035e-06,5.09140268812449656e-06
7.21680420105026244e+00,5.91498204986439089e-06,6.75900073626716957e-06,5.07096336346161221e-06
7.22180545136284024e+00,5.88549513480133059e-06,6.72037417928013634e-06,5.05061609032252484e-06
7.22680670167541894e+00,5.85615510880370736e-06,6.68195013330813617e-06,5.03036008429927854e-06
7.23180795198799675e+00,5.82696124120626414e-06,6.64372791244457461e-06,5.01019456996795368e-06
7.23680920230057456e+00,5.79791280496768969e-06,6.60570682911190514e-06,4.99011878082347424e-06
7.24181045261315326e+00,5.76900907665275625e-06,6.56788619409121946e-06,4.97013195921429304e-06
7.24681170292573107e+00,5.74024933641455226e-06,6.53026531655217055e-06,4.95023335627693396e-06
7.25181295323830977e+00,5.71163286797676069e-06,6.49284350408314323e-06,4.93042223187037814e-06
7.25681420355088758e+00,5.68315895861607973e-06,6.45562006272179638e-06,4.91069785451036308e-06
7.26181545386346539e+00,5.65482689914467398e-06,6.41859429698582216e-06,4.89105950130352579e-06
7.26681670417604408e+00,5.62663598389274248e-06,6.38176550990402192e-06,4.87150645788146303e-06
7.27181795448862189e+00,5.59858551069118843e-06,6.34513300304766593e-06,4.85203801833471093e-06
7.27681920480119970e+00,5.57067478085431688e-06,6.30869607656204533e-06,4.83265348514658842e-06
7.28182045511377840e+00,5.54290309916266699e-06,6.27245402919833327e-06,4.81335216912700070e-06
7.28682170542635621e+00,5.51526977384592830e-06,6.23640615834568581e-06,4.79413338934617079e-06
7.29182295573893491e+00,5.48777411656588569e-06,6.20055176006349857e-06,4.77499647306827280e-06
7.29682420605151272e+00,5.46041544239952867e-06,6.16489012911399298e-06,4.75594075568506436e-06
7.30182545636409053e+00,5.43319306982216499e-06,6.12942055899490664e-06,4.73696558064942334e-06
7.30682670667666923e+00,5.40610632069066374e-06,6.09414234197245225e-06,4.71807029940887522e-06
7.31182795698924703e+00,5.37915452022678659e-06,6.05905476911447044e-06,4.69925427133910274e-06
7.31682920730182484e+00,5.35233699700055040e-06,6.02415713032370379e-06,4.68051686367739701e-06
7.32183045761440354e+00,5.32565308291372107e-06,5.98944871437131139e-06,4.66185745145613076e-06
7.32683170792698135e+00,5.29910211318337601e-06,5.95492880893052566e-06,4.64327541743622636e-06
7.33183295823956005e+00,5.27268342632551746e-06,5.92059670061043717e-06,4.62477015204059776e-06
7.33683420855213786e+00,5.24639636413881791e-06,5.88645167498998429e-06,4.60634105328765154e-06
7.34183545886471567e+00,5.22024027168838842e-06,5.85249301665201415e-06,4.58798752672476270e-06
7.34683670917729437e+00,5.19421449728966296e-06,5.81872000921752138e-06,4.56970898536180455e-06
7.35183795948987218e+00,5.16831839249236918e-06,5.78513193538000969e-06,4.55150484960472866e-06
7.35683920980244999e+00,5.14255131206453470e-06,5.75172807693991786e-06,4.53337454718915154e-06
7.36184046011502868e+00,5.11691261397660442e-06,5.71850771483919556e-06,4.51531751311401328e-06
7.36684171042760649e+00,5.09140165938564929e-06,5.68547012919597927e-06,4.49733318957531931e-06
7.37184296074018519e+00,5.06601781261959115e-06,5.65261459933929092e-06,4.47942102589989138e-06
7.37684421105276300e+00,5.04076044116158853e-06,5.61994040384391279e-06,4.46158047847926426e-06
7.38184546136534081e+00,5.01562891563442075e-06,5.58744682056523872e-06,4.44381101070360278e-06
7.38684671167791951e+00,4.99062260978499062e-06,5.55513312667424126e-06,4.42611209289573998e-06
7.39184796199049732e+00,4.96574090046891943e-06,5.52299859869251179e-06,4.40848320224532707e-06
7.39684921230307602e+00,4.94098316763514790e-06,5.49104251252726835e-06,4.39092382274302745e-06
7.40185046261565383e+00,4.91634879431070483e-06,5.45926414350649990e-06,4.37343344511490977e-06
7.40685171292823163e+00,4.89183716658546392e-06,5.42766276641405551e-06,4.35601156675687234e-06
7.41185296324081033e+00,4.86744767359702758e-06,5.39623765552480892e-06,4.33865769166924625e-06
7.41685421355338814e+00,4.84317970751568619e-06,5.36498808463984431e-06,4.32137133039152807e-06
7.42185546386596595e+00,4.81903266352941121e-06,5.33391332712160136e-06,4.30415199993722105e-06
7.42685671417854465e+00,4.79500593982895164e-06,5.30301265592905765e-06,4.28699922372884563e-06
7.43185796449112246e+00,4.77109893759301942e-06,5.27228534365292454e-06,4.26991253153311429e-06
7.43685921480370116e+00,4.74731106097348750e-06,5.24173066255075838e-06,4.25289145939621661e-06
7.44186046511627897e+00,4.72364171708073791e-06,5.21134788458214376e-06,4.23593554957933206e-06
7.44686171542885678e+00,4.70009031596901313e-06,5.18113628144375806e-06,4.21904435049426820e-06
7.45186296574143547e+00,4.67665627062187594e-06,5.15109512460446325e-06,4.20221741663928864e-06
7.45686421605401328e+00,4.65333899693774805e-06,5.12122368534034761e-06,4.18545430853514848e-06
7.46186546636659109e+00,4.63013791371548082e-06,5.09152123476968108e-06,4.16875459266128057e-06
7.46686671667916979e+00,4.60705244264002611e-06,5.06198704388785114e-06,4.15211784139220108e-06
7.47186796699174760e+00,4.58408200826819248e-06,5.03262038360225211e-06,4.13554363293413285e-06
7.47686921730432630e+00,4.56122603801441254e-06,5.00342052476703211e-06,4.11903155126179297e-06
7.48187046761690411e+00,4.53848396213665425e-06,4.97438673821786718e-06,4.10258118605544133e-06
7.48687171792948192e+00,4.51585521372233561e-06,4.94551829480655747e-06,4.08619213263811374e-06
7.49187296824206062e+00,4.49333922867434520e-06,4.91681446543559552e-06,4.06986399191309487e-06
7.49687421855463842e+00,4.47093544569714240e-06,4.88827452109264472e-06,4.05359637030164007e-06
7.50187546886721623e+00,4.44864330628287028e-06,4.85989773288485855e-06,4.03738887968088202e-06
7.50687671917979493e+00,4.42646225469759809e-06,4.83168337207315916e-06,4.02124113732203703e-06
7.51187796949237274e+00,4.40439173796760948e-06,4.80363071010638804e-06,4.00515276582883092e-06
7.51687921980495144e+00,4.38243120586572461e-06,4.77573901865529068e-06,3.98912339307615853e-06
7.52188047011752925e+00,4.36058011089775357e-06,4.74800756964646310e-06,3.97315265214904403e-06
7.52688172043010706e+00,4.33883790828895486e-06,4.72043563529608750e-06,3.95724018128182221e-06
7.53188297074268576e+00,4.31720405597059380e-06,4.69302248814358145e-06,3.94138562379760615e-06
7.53688422105526357e+00,4.29567801456657641e-06,4.66576740108511335e-06,3.92558862804803946e-06
7.54188547136784138e+00,4.27425924738010516e-06,4.63866964740692379e-06,3.90984884735328652e-06
7.54688672168042007e+00,4.25294722038043823e-06,4.61172850081854117e-06,3.89416593994233530e-06
7.55188797199299788e+00,4.23174140218971475e-06,4.58494323548584387e-06,3.87853956889358564e-06
7.55688922230557658e+00,4.21064126406981049e-06,4.55831312606391670e-06,3.86296940207570429e-06
7.56189047261815439e+00,4.18964627990929870e-06,4.53183744772979635e-06,3.84745511208880105e-06
7.56689172293073220e+00,4.16875592621044217e-06,4.50551547621500674e-06,3.83199637620587760e-06
7.57189297324331090e+00,4.14796968207626754e-06,4.47934648783793603e-06,3.81659287631459906e-06
7.57689422355588871e+00,4.12728702919770905e-06,4.45332975953604337e-06,3.80124429885937474e-06
7.58189547386846652e+00,4.10670745184078357e-06,4.42746456889785045e-06,3.78595033478371669e-06
7.58689672418104522e+00,4.08623043683386563e-06,4.40175019419477385e-06,3.77071067947295783e-06
7.59189797449362302e+00,4.06585547355500992e-06,4.37618591441276007e-06,3.75552503269726020e-06
7.59689922480620172e+00,4.04558205391932115e-06,4.35077100928369769e-06,3.74039309855494461e-06
7.60190047511877953e+00,4.02540967236641710e-06,4.32550475931666785e-06,3.72531458541616678e-06
7.60690172543135734e+00,4.00533782584792137e-06,4.30038644582894562e-06,3.71028920586689670e-06
7.61190297574393604e+00,3.98536601381503400e-06,4.27541535097682101e-06,3.69531667665324699e-06
7.61690422605651385e+00,3.96549373820617918e-06,4.25059075778621328e-06,3.68039671862614508e-06
7.62190547636909166e+00,3.94572050343466652e-06,4.22591195018302010e-06,3.66552905668631294e-06
7.62690672668167036e+00,3.92604581637646247e-06,4.20137821302330079e-06,3.65071341972962456e-06
7.63190797699424817e+00,3.90646918635799977e-06,4.17698883212320531e-06,3.63594954059279381e-06
7.63690922730682686e+00,3.88699012514403528e-06,4.15274309428866873e-06,3.62123715599940141e-06
7.64191047761940467e+00,3.86760814692559922e-06,4.12864028734490152e-06,3.60657600650629648e-06
7.64691172793198248e+00,3.84832276830796643e-06,4.10467970016560713e-06,3.59196583645032531e-06
7.65191297824456118e+00,3.82913350829871242e-06,4.08086062270198687e-06,3.57740639389543839e-06
7.65691422855713899e+00,3.81003988829583156e-06,4.05718234601150525e-06,3.56289743058015744e-06
7.66191547886971680e+00,3.79104143207588287e-06,4.03364416228638493e-06,3.54843870186538082e-06
7.66691672918229550e+00,3.77213766578222307e-06,4.01024536488186715e-06,3.53402996668257899e-06
7.67191797949487331e+00,3.75332811791329883e-06,3.98698524834424178e-06,3.51967098748235630e-06
7.67691922980745201e+00,3.73461231931096411e-06,3.96386310843857235e-06,3.50536153018335546e-06
7.68192048012002981e+00,3.71598980314890208e-06,3.94087824217622975e-06,3.49110136412157442e-06
7.68692173043260762e+00,3.69746010492105291e-06,3.91802994784209126e-06,3.47689026200001413e-06
7.69192298074518632e+00,3.67902276243014031e-06,3.89531752502154401e-06,3.46272799983873661e-06
7.69692423105776413e+00,3.66067731577623998e-06,3.87274027462719272e-06,3.44861435692528681e-06
7.70192548137034283e+00,3.64242330734538955e-06,3.85029749892528888e-06,3.43454911576549065e-06
7.70692673168292064e+00,3.62426028179828365e-06,3.82798850156192264e-06,3.42053206203464466e-06
7.71192798199549845e+00,3.60618778605899440e-06,3.80581258758891117e-06,3.40656298452907764e-06
7.71692923230807715e+00,3.58820536930376307e-06,3.78376906348942347e-06,3.39264167511810266e-06
7.72193048262065496e+00,3.57031258294986280e-06,3.76185723720335411e-06,3.37876792869637148e-06
7.72693173293323277e+00,3.55250898064447247e-06,3.74007641815236661e-06,3.36494154313657834e-06
7.73193298324581146e+00,3.53479411825364536e-06,3.71842591726469922e-06,3.35116231924259150e-06
7.73693423355838927e+00,3.51716755385132476e-06,3.69690504699968608e-06,3.33743006070296344e-06
7.74193548387096797e+00,3.49962884770838726e-06,3.67551312137195616e-06,3.32374457404481837e-06
7.74693673418354578e+00,3.48217756228178204e-06,3.65424945597540590e-06,3.31010566858815818e-06
7.75193798449612359e+00,3.46481326220368081e-06,3.63311336800682390e-06,3.29651315640053772e-06
7.75693923480870229e+00,3.44753551427070993e-06,3.61210417628926685e-06,3.28296685225215301e-06
7.76194048512128010e+00,3.43034388743323625e-06,3.59122120129514541e-06,3.26946657357132708e-06
7.76694173543385791e+00,3.41323795278467885e-06,3.57046376516898446e-06,3.25601214040037324e-06
7.77194298574643661e+00,3.39621728355089869e-06,3.54983119174992279e-06,3.24260337535187458e-06
7.77694423605901441e+00,3.37928145507964285e-06,3.52932280659392062e-06,3.22924010356536509e-06
7.78194548637159311e+00,3.36243004483000750e-06,3.50893793699562958e-06,3.21592215266438542e-06
7.78694673668417092e+00,3.34566263236200280e-06,3.48867591201003228e-06,3.20264935271397332e-06
7.79194798699674873e+00,3.32897879932611878e-06,3.46853606247371553e-06,3.18942153617852204e-06
7.79694923730932743e+00,3.31237812945297502e-06,3.44851772102589285e-06,3.17623853788005718e-06
7.80195048762190524e+00,3.29586020854302111e-06,3.42862022212912167e-06,3.16310019495692055e-06
7.80695173793448305e+00,3.27942462445626220e-06,3.40884290208969006e-06,3.15000634682283434e-06
7.81195298824706175e+00,3.26307096710205982e-06,3.38918509907773469e-06,3.13695683512638495e-06
7.81695423855963956e+00,3.24679882842898234e-06,3.36964615314705797e-06,3.12395150371090672e-06
7.82195548887221825e+00,3.23060780241468125e-06,3.35022540625460515e-06,3.11099019857475735e-06
7.82695673918479606e+00,3.21449748505585206e-06,3.33092220227969538e-06,3.09807276783200873e-06
7.83195798949737387e+00,3.19846747435821015e-06,3.31173588704289443e-06,3.08519906167352587e-06
7.83695923980995257e+00,3.18251737032653981e-06,3.29266580832461976e-06,3.07236893232845986e-06
7.84196049012253038e+00,3.16664677495479327e-06,3.27371131588344283e-06,3.05958223402614371e-06
7.84696174043510819e+00,3.15085529221621131e-06,3.25487176147405375e-06,3.04683882295836886e-06
7.85196299074768689e+00,3.13514252805352524e-06,3.23614649886495800e-06,3.03413855724209249e-06
7.85696424106026470e+00,3.11950809036919526e-06,3.21753488385586254e-06,3.02148129688252799e-06
7.86196549137284340e+00,3.10395158901567677e-06,3.19903627429472625e-06,3.00886690373662730e-06
7.86696674168542120e+00,3.08847263578577859e-06,3.18065003009455905e-06,2.99629524147699814e-06
7.87196799199799901e+00,3.07307084440301951e-06,3.16237551324986371e-06,2.98376617555617532e-06
7.87696924231057771e+00,3.05774583051206655e-06,3.14421208785280952e-06,2.97127957317132358e-06
7.88197049262315552e+00,3.04249721166921387e-06,3.12615912010909590e-06,2.95883530322933184e-06
7.88697174293573333e+00,3.02732460733289095e-06,3.10821597835349045e-06,2.94643323631229145e-06
7.89197299324831203e+00,3.01222763885424059e-06,3.09038203306509113e-06,2.93407324464339006e-06
7.89697424356088984e+00,2.99720592946773634e-06,3.07265665688228151e-06,2.92175520205319117e-06
7.90197549387346854e+00,2.98225910428182788e-06,3.05503922461735399e-06,2.90947898394630176e-06
7.90697674418604635e+00,2.96738679026967020e-06,3.03752911327088259e-06,2.89724446726845780e-06
7.91197799449862416e+00,2.95258861625985330e-06,3.02012570204573592e-06,2.88505153047397069e-06
7.91697924481120285e+00,2.93786421292721272e-06,3.00282837236083379e-06,2.87290005349359165e-06
7.92198049512378066e+00,2.92321321278368112e-06,2.98563650786459938e-06,2.86078991770276285e-06
7.92698174543635847e+00,2.90863525016915773e-06,2.96854949444807430e-06,2.84872100589024116e-06
7.93198299574893717e+00,2.89412996124245186e-06,2.95156672025777438e-06,2.83669320222712934e-06
7.93698424606151498e+00,2.87969698397227090e-06,2.93468757570824657e-06,2.82470639223629523e-06
7.94198549637409368e+00,2.86533595812822184e-06,2.91791145349429030e-06,2.81276046276215339e-06
7.94698674668667149e+00,2.85104652527190054e-06,2.90123774860293329e-06,2.80085530194086779e-06
7.95198799699924930e+00,2.83682832874798594e-06,2.88466585832506850e-06,2.78899079917090338e-06
7.95698924731182800e+00,2.82268101367540093e-06,2.86819518226682344e-06,2.77716684508397842e-06
7.96199049762440580e+00,2.80860422693852052e-06,2.85182512236063510e-06,2.76538333151640594e-06
7.96699174793698361e+00,2.79459761717839534e-06,2.83555508287601070e-06,2.75364015148077998e-06
7.97199299824956231e+00,2.78066083478405004e-06,2.81938447043002110e-06,2.74193719913807897e-06
7.97699424856214012e+00,2.76679353188381267e-06,2.80331269399750211e-06,2.73027436977012322e-06
7.98199549887471882e+00,2.75299536233667406e-06,2.78733916492094182e-06,2.71865155975240629e-06
7.98699674918729663e+00,2.73926598172371715e-06,2.77146329692012205e-06,2.70706866652731225e-06
7.99199799949987444e+00,2.72560504733955729e-06,2.75568450610143140e-06,2.69552558857768317e-06
7.99699924981245314e+00,2.71201221818384945e-06,2.74000221096692262e-06,2.68402222540077628e-06
8.00200050012503183e+00,2.69848715495282722e-06,2.72441583242307597e-06,2.67255847748257847e-06
8.00700175043760964e+00,2.68502952003088881e-06,2.70892479378928696e-06,2.66113424627249066e-06
8.01200300075018745e+00,2.67163897748220761e-06,2.69352852080605205e-06,2.64974943415836316e-06
8.01700425106276526e+00,2.65831519304240838e-06,2.67822644164290661e-06,2.63840394444191014e-06
8.02200550137534307e+00,2.64505783411026847e-06,2.66301798690606350e-06,2.62709768131447344e-06
8.02700675168792266e+00,2.63186656973946306e-06,2.64790258964578137e-06,2.61583054983314475e-06
8.03200800200050047e+00,2.61874107063036671e-06,2.63287968536347425e-06,2.60460245589725917e-06
8.03700925231307828e+00,2.60568100912185790e-06,2.61794871201850857e-06,2.59341330622520722e-06
8.04201050262565609e+00,2.59268605918320445e-06,2.60310911003477401e-06,2.58226300833163489e-06
8.04701175293823390e+00,2.57975589640596548e-06,2.58836032230695704e-06,2.57115147050497391e-06
8.05201300325081171e+00,2.56689019799594288e-06,2.57370179420655996e-06,2.56007860178532580e-06
8.05701425356339129e+00,2.55408864276516332e-06,2.55913297358764081e-06,2.54904431194268582e-06
8.06201550387596910e+00,2.54135091112392415e-06,2.54465331079231991e-06,2.53804851145552838e-06
8.06701675418854691e+00,2.52867668507283515e-06,2.53026225865597263e-06,2.52709111148969766e-06
8.07201800450112472e+00,2.51606564819494066e-06,2.51595927251221077e-06,2.51617202387767054e-06
8.07701925481370253e+00,2.50351748564786125e-06,2.50174381019758103e-06,2.50529116109814146e-06
8.08202050512628212e+00,2.49103188415597433e-06,2.48761533205600904e-06,2.49444843625593962e-06
8.08702175543885993e+00,2.47860853200265281e-06,2.47357330094300733e-06,2.48364376306229828e-06
8.09202300575143774e+00,2.46624711902250199e-06,2.45961718222959251e-06,2.47287705581541147e-06
8.09702425606401555e+00,2.45394733659367406e-06,2.44574644380598759e-06,2.46214822938136053e-06
8.10202550637659336e+00,2.44170887763020243e-06,2.43196055608506226e-06,2.45145719917534261e-06
8.10702675668917294e+00,2.42953143657437335e-06,2.41825899200551980e-06,2.44080388114322691e-06
8.11202800700175075e+00,2.41741470938915428e-06,2.40464122703486596e-06,2.43018819174344260e-06
8.11702925731432856e+00,2.40535839355061973e-06,2.39110673917208856e-06,2.41961004792915090e-06
8.12203050762690637e+00,2.39336218804045586e-06,2.37765500895014139e-06,2.40906936713077034e-06
8.12703175793948418e+00,2.38142579333848161e-06,2.36428551943817062e-06,2.39856606723879261e-06
8.13203300825206199e+00,2.36954891141520793e-06,2.35099775624350115e-06,2.38810006658691472e-06
8.13703425856464158e+00,2.35773124572443683e-06,2.33779120751339922e-06,2.37767128393547444e-06
8.14203550887721939e+00,2.34597250119590618e-06,2.32466536393660688e-06,2.36727963845520547e-06
8.14703675918979719e+00,2.33427238422794464e-06,2.31161971874462008e-06,2.35692504971126919e-06
8.15203800950237500e+00,2.32263060268018847e-06,2.29865376771277083e-06,2.34660743764760612e-06
8.15703925981495281e+00,2.31104686586632502e-06,2.28576700916106825e-06,2.33632672257158178e-06
8.16204051012753240e+00,2.29952088454686916e-06,2.27295894395481738e-06,2.32608282513892093e-06
8.16704176044011021e+00,2.28805237092198941e-06,2.26022907550503206e-06,2.31587566633894676e-06
8.17204301075268802e+00,2.27664103862434157e-06,2.24757690976859629e-06,2.30570516748008685e-06
8.17704426106526583e+00,2.26528660271196681e-06,2.23500195524824480e-06,2.29557125017568881e-06
8.18204551137784364e+00,2.25398877966120746e-06,2.22250372299230763e-06,2.28547383633010730e-06
8.18704676169042322e+00,2.24274728735966485e-06,2.21008172659425313e-06,2.27541284812507656e-06
8.19204801200300103e+00,2.23156184509920019e-06,2.19773548219202862e-06,2.26538820800637175e-06
8.19704926231557884e+00,2.22043217356894026e-06,2.18546450846716247e-06,2.25539983867071804e-06
8.20205051262815665e+00,2.20935799484835332e-06,2.17326832664370067e-06,2.24544766305300597e-06
8.20705176294073446e+00,2.19833903240033775e-06,2.16114646048691850e-06,2.23553160431375699e-06
8.21205301325331227e+00,2.18737501106435216e-06,2.14909843630183525e-06,2.22565158582686907e-06
8.21705426356589186e+00,2.17646565704957523e-06,2.13712378293153541e-06,2.21580753116761504e-06
8.22205551387846967e+00,2.16561069792811540e-06,2.12522203175530307e-06,2.20599936410092774e-06
8.22705676419104748e+00,2.15480986262821775e-06,2.11339271668653016e-06,2.19622700856990533e-06
8.23205801450362529e+00,2.14406288142754694e-06,2.10163537417047567e-06,2.18649038868461821e-06
8.23705926481620310e+00,2.13336948594647455e-06,2.08994954318181131e-06,2.17678942871113778e-06
8.24206051512878268e+00,2.12272940914140990e-06,2.07833476522198476e-06,2.16712405306083505e-06
8.24706176544136049e+00,2.11214238529817718e-06,2.06679058431642143e-06,2.15749418627993292e-06
8.25206301575393830e+00,2.10160815002538732e-06,2.05531654701149850e-06,2.14789975303927614e-06
8.25706426606651611e+00,2.09112644024788246e-06,2.04391220237138671e-06,2.13834067812437821e-06
8.26206551637909392e+00,2.08069699420019427e-06,2.03257710197469529e-06,2.12881688642569325e-06
8.26706676669167351e+00,2.07031955142003113e-06,2.02131079991093684e-06,2.11932830292912542e-06
8.27206801700425132e+00,2.05999385274182204e-06,2.01011285277685168e-06,2.10987485270679241e-06
8.27706926731682913e+00,2.04971964029024953e-06,1.99898281967251185e-06,2.10045646090798721e-06
8.28207051762940694e+00,2.03949665747385412e-06,1.98792026219730370e-06,2.09107305275040454e-06
8.28707176794198475e+00,2.02932464897865323e-06,1.97692474444573124e-06,2.08172455351157522e-06
8.29207301825456256e+00,2.01920336076179177e-06,1.96599583300304797e-06,2.07241088852053558e-06
8.29707426856714214e+00,2.00913254004522716e-06,1.95513309694074350e-06,2.06313198314971082e-06
8.30207551887971995e+00,1.99911193530945315e-06,1.94433610781187300e-06,2.05388776280703331e-06
8.30707676919229776e+00,1.98914129628722890e-06,1.93360443964620960e-06,2.04467815292824820e-06
8.31207801950487557e+00,1.97922037395737099e-06,1.92293766894527490e-06,2.03550307896946709e-06
8.31707926981745338e+00,1.96934892053855534e-06,1.91233537467719997e-06,2.02636246639991072e-06
8.32208052013003297e+00,1.95952668948315498e-06,1.90179713827144202e-06,2.01725624069486794e-06
8.32708177044261078e+00,1.94975343547112366e-06,1.89132254361337461e-06,2.00818432732887293e-06
8.33208302075518858e+00,1.94002891440387263e-06,1.88091117703869316e-06,1.99914665176905211e-06
8.33708427106776639e+00,1.93035288339821650e-06,1.87056262732772381e-06,1.99014313946870919e-06
8.34208552138034420e+00,1.92072510078032877e-06,1.86027648569956889e-06,1.98117371586108885e-06
8.34708677169292379e+00,1.91114532607972920e-06,1.85005234580612328e-06,1.97223830635333533e-06
8.35208802200550160e+00,1.90161332002331667e-06,1.83988980372596983e-06,1.96333683632066350e-06
8.35708927231807941e+00,1.89212884452939779e-06,1.82978845795811093e-06,1.95446923110068466e-06
8.36209052263065722e+00,1.88269166270177889e-06,1.81974790941560557e-06,1.94563541598795243e-06
8.36709177294323503e+00,1.87330153882387294e-06,1.80976776141906390e-06,1.93683531622868198e-06
8.37209302325581461e+00,1.86395823835283092e-06,1.79984761969001650e-06,1.92806885701564535e-06
8.37709427356839242e+00,1.85466152791372164e-06,1.78998709234417616e-06,1.91933596348326713e-06
8.38209552388097023e+00,1.84541117529370902e-06,1.78018578988455389e-06,1.91063656070286416e-06
8.38709677419354804e+00,1.83620694943628698e-06,1.77044332519448274e-06,1.90197057367809121e-06
8.39209802450612585e+00,1.82704862043552975e-06,1.76075931353051436e-06,1.89333792734054513e-06
8.39709927481870366e+00,1.81793595953037359e-06,1.75113337251520862e-06,1.88473854654553855e-06
8.40210052513128325e+00,1.80886873909892048e-06,1.74156512212980005e-06,1.87617235606804091e-06
8.40710177544386106e+00,1.79984673265279095e-06,1.73205418470678667e-06,1.86763928059879522e-06
8.41210302575643887e+00,1.79086971483146947e-06,1.72260018492236558e-06,1.85913924474057337e-06
8.41710427606901668e+00,1.78193746139670966e-06,1.71320274978880672e-06,1.85067217300461261e-06
8.42210552638159449e+00,1.77304974922695374e-06,1.70386150864670651e-06,1.84223798980720098e-06
8.42710677669417407e+00,1.76420635631177775e-06,1.69457609315714117e-06,1.83383661946641433e-06
8.43210802700675188e+00,1.75540706174638050e-06,1.68534613729373954e-06,1.82546798619902146e-06
8.43710927731932969e+00,1.74665164572606793e-06,1.67617127733462845e-06,1.81713201411750742e-06
8.44211052763190750e+00,1.73793988954079695e-06,1.66705115185431810e-06,1.80882862722727580e-06
8.44711177794448531e+00,1.72927157556973090e-06,1.65798540171547976e-06,1.80055774942398204e-06
8.45211302825706490e+00,1.72064648727582025e-06,1.64897367006063612e-06,1.79231930449100437e-06
8.45711427856964271e+00,1.71206440920042753e-06,1.64001560230377950e-06,1.78411321609707556e-06
8.46211552888222052e+00,1.70352512695794721e-06,1.63111084612187417e-06,1.77593940779402025e-06
8.46711677919479833e+00,1.69502842723048356e-06,1.62225905144631216e-06,1.76779780301465495e-06
8.47211802950737614e+00,1.68657409776253721e-06,1.61345987045426377e-06,1.75968832507081065e-06
8.47711927981995395e+00,1.67816192735572582e-06,1.60471295755996497e-06,1.75161089715148668e-06
8.48212053013253353e+00,1.66979170586352252e-06,1.59601796940591546e-06,1.74356544232112959e-06
8.48712178044511134e+00,1.66146322418603946e-06,1.58737456485402424e-06,1.73555188351805467e-06
8.49212303075768915e+00,1.65317627426480497e-06,1.57878240497665010e-06,1.72757014355295983e-06
8.49712428107026696e+00,1.64493064907759777e-06,1.57024115304760210e-06,1.71962014510759345e-06
8.50212553138284477e+00,1.63672614263329085e-06,1.56175047453305810e-06,1.71170181073352361e-06
8.50712678169542436e+00,1.62856254996672183e-06,1.55331003708241769e-06,1.70381506285102597e-06
8.51212803200800217e+00,1.62043966713360333e-06,1.54491951051910463e-06,1.69595982374810203e-06
8.51712928232057997e+00,1.61235729120542771e-06,1.53657856683127602e-06,1.68813601557957941e-06
8.52213053263315778e+00,1.60431522026442927e-06,1.52828688016250506e-06,1.68034356036635347e-06
8.52713178294573559e+00,1.59631325339855460e-06,1.52004412680238736e-06,1.67258237999472184e-06
8.53213303325831518e+00,1.58835119069645705e-06,1.51184998517708963e-06,1.66485239621582446e-06
8.53713428357089299e+00,1.58042883324253436e-06,1.50370413583986426e-06,1.65715353064520446e-06
8.54213553388347080e+00,1.57254598311195681e-06,1.49560626146147337e-06,1.64948570476244026e-06
8.54713678419604861e+00,1.56470244336575359e-06,1.48755604682059955e-06,1.64184883991090762e-06
8.55213803450862642e+00,1.55689801804590589e-06,1.47955317879418738e-06,1.63424285729762439e-06
8.55713928482120423e+00,1.54913251217046952e-06,1.47159734634774252e-06,1.62666767799319651e-06
8.56214053513378381e+00,1.54140573172871590e-06,1.46368824052558074e-06,1.61912322293185106e-06
8.56714178544636162e+00,1.53371748367631497e-06,1.45582555444105223e-06,1.61160941291157771e-06
8.57214303575893943e+00,1.52606757593051069e-06,1.44800898326668835e-06,1.60412616859433303e-06
8.57714428607151724e+00,1.51845581736535122e-06,1.44023822422434382e-06,1.59667341050635862e-06
8.58214553638409505e+00,1.51088201780692498e-06,1.43251297657527821e-06,1.58925105903857176e-06
8.58714678669667464e+00,1.50334598802862551e-06,1.42483294161020980e-06,1.58185903444704122e-06
8.59214803700925245e+00,1.49584753974644854e-06,1.41719782263933888e-06,1.57449725685355819e-06
8.59714928732183026e+00,1.48838648561428821e-06,1.40960732498231799e-06,1.56716564624625842e-06
8.60215053763440807e+00,1.48096263921928305e-06,1.40206115595821079e-06,1.55986412248035531e-06
8.60715178794698588e+00,1.47357581507717021e-06,1.39455902487541191e-06,1.55259260527892851e-06
8.61215303825956546e+00,1.46622582862766616e-06,1.38710064302153785e-06,1.54535101423379446e-06
8.61715428857214327e+00,1.45891249622987832e-06,1.37968572365329924e-06,1.53813926880645739e-06
8.62215553888472108e+00,1.45163563515771816e-06,1.37231398198632706e-06,1.53095728832910925e-06
8.62715678919729889e+00,1.44439506359536027e-06,1.36498513518499859e-06,1.52380499200572195e-06
8.63215803950987670e+00,1.43719060063271199e-06,1.35769890235222677e-06,1.51668229891319720e-06
8.63715928982245451e+00,1.43002206626090740e-06,1.35045500451923254e-06,1.50958912800258225e-06
8.64216054013503410e+00,1.42288928136782336e-06,1.34325316463529785e-06,1.50252539810034887e-06
8.64716179044761191e+00,1.41579206773362580e-06,1.33609310755750617e-06,1.49549102790974544e-06
8.65216304076018972e+00,1.40873024802631836e-06,1.32897456004044873e-06,1.48848593601218799e-06
8.65716429107276753e+00,1.40170364579733419e-06,1.32189725072593665e-06,1.48151004086873173e-06
8.66216554138534534e+00,1.39471208547713945e-06,1.31486091013268832e-06,1.47456326082159058e-06
8.66716679169792492e+00,1.38775539237085733e-06,1.30786527064600410e-06,1.46764551409571056e-06
8.67216804201050273e+00,1.38083339265392593e-06,1.30091006650744261e-06,1.46075671880040925e-06
8.67716929232308054e+00,1.37394591336775512e-06,1.29399503380446224e-06,1.45389679293104800e-06
8.68217054263565835e+00,1.36709278241542718e-06,1.28711991046008177e-06,1.44706565437077259e-06
8.68717179294823616e+00,1.36027382855740661e-06,1.28028443622251611e-06,1.44026322089229711e-06
8.69217304326081575e+00,1.35348888140727445e-06,1.27348835265481455e-06,1.43348941015973436e-06
8.69717429357339356e+00,1.34673777142749061e-06,1.26673140312449878e-06,1.42674413973048244e-06
8.70217554388597136e+00,1.34002032992515779e-06,1.26001333279318016e-06,1.42002732705713543e-06
8.70717679419854917e+00,1.33333638904782854e-06,1.25333388860619547e-06,1.41333888948946161e-06
8.71217804451112698e+00,1.32668578177931957e-06,1.24669281928223070e-06,1.40667874427640844e-06
8.71717929482370657e+00,1.32006834193555160e-06,1.24008987530294875e-06,1.40004680856815445e-06
8.72218054513628438e+00,1.31348390416041497e-06,1.23352480890262575e-06,1.39344299941820419e-06
8.72718179544886219e+00,1.30693230392163845e-06,1.22699737405777047e-06,1.38686723378550643e-06
8.73218304576144000e+00,1.30041337750669829e-06,1.22050732647677145e-06,1.38031942853662513e-06
8.73718429607401781e+00,1.29392696201873720e-06,1.21405442358953567e-06,1.37379950044793873e-06
8.74218554638659562e+00,1.28747289537250603e-06,1.20763842453713867e-06,1.36730736620787338e-06
8.74718679669917520e+00,1.28105101629032211e-06,1.20125909016147718e-06,1.36084294241916705e-06
8.75218804701175301e+00,1.27466116429806051e-06,1.19491618299494378e-06,1.35440614560117725e-06
8.75718929732433082e+00,1.26830317972114224e-06,1.18860946725008952e-06,1.34799689219219495e-06
8.76219054763690863e+00,1.26197690368056378e-06,1.18233870880931659e-06,1.34161509855181097e-06
8.76719179794948644e+00,1.25568217808893617e-06,1.17610367521457541e-06,1.33526068096329694e-06
8.77219304826206603e+00,1.24941884564654419e-06,1.16990413565707234e-06,1.32893355563601603e-06
8.77719429857464384e+00,1.24318674983743428e-06,1.16373986096700218e-06,1.32263363870786638e-06
8.78219554888722165e+00,1.23698573492550239e-06,1.15761062360327575e-06,1.31636084624772904e-06
8.78719679919979946e+00,1.23081564595062088e-06,1.15151619764328245e-06,1.31011509425795930e-06
8.79219804951237727e+00,1.22467632872477433e-06,1.14545635877266003e-06,1.30389629867688863e-06
8.79719929982495685e+00,1.21856762982821660e-06,1.13943088427508312e-06,1.29770437538135008e-06
8.80220055013753466e+00,1.21248939660565472e-06,1.13343955302207880e-06,1.29153924018923063e-06
8.80720180045011247e+00,1.20644147716243107e-06,1.12748214546284181e-06,1.28540080886202032e-06
8.81220305076269028e+00,1.20042372036074863e-06,1.12155844361409244e-06,1.27928899710740481e-06
8.81720430107526809e+00,1.19443597581589909e-06,1.11566823104994045e-06,1.27320372058185773e-06
8.82220555138784590e+00,1.18847809389251775e-06,1.10981129289178110e-06,1.26714489489325439e-06
8.82720680170042549e+00,1.18254992570085015e-06,1.10398741579820395e-06,1.26111243560349635e-06
8.83220805201300330e+00,1.17665132309305041e-06,1.09819638795494097e-06,1.25510625823115984e-06
8.83720930232558111e+00,1.17078213865947495e-06,1.09243799906481581e-06,1.24912627825413409e-06
8.84221055263815892e+00,1.16494222572501894e-06,1.08671204033774100e-06,1.24317241111229687e-06
8.84721180295073673e+00,1.15913143834545578e-06,1.08101830448072933e-06,1.23724457221018222e-06
8.85221305326331631e+00,1.15334963130379935e-06,1.07535658568793312e-06,1.23134267691966558e-06
8.85721430357589412e+00,1.14759666010669141e-06,1.06972667963072065e-06,1.22546664058266217e-06
8.86221555388847193e+00,1.14187238098078771e-06,1.06412838344776009e-06,1.21961637851381532e-06
8.86721680420104974e+00,1.13617665086918288e-06,1.05856149573515545e-06,1.21379180600321031e-06
8.87221805451362755e+00,1.13050932742784129e-06,1.05302581653659618e-06,1.20799283831908639e-06
8.87721930482620714e+00,1.12487026902204791e-06,1.04752114733354451e-06,1.20221939071055131e-06
8.88222055513878495e+00,1.11925933472288576e-06,1.04204729103545877e-06,1.19647137841031275e-06
8.88722180545136275e+00,1.11367638430370908e-06,1.03660405197002905e-06,1.19074871663738911e-06
8.89222305576394056e+00,1.10812127823665733e-06,1.03119123587346614e-06,1.18505132059984852e-06
8.89722430607651837e+00,1.10259387768917392e-06,1.02580864988081317e-06,1.17937910549753466e-06
8.90222555638909618e+00,1.09709404452054520e-06,1.02045610251629201e-06,1.17373198652479839e-06
8.90722680670167577e+00,1.09162164127845520e-06,1.01513340368368261e-06,1.16810987887322779e-06
8.91222805701425358e+00,1.08617653119556632e-06,1.00984036465674566e-06,1.16251269773438698e-06
8.91722930732683139e+00,1.08075857818609756e-06,1.00457679806966146e-06,1.15694035830253366e-06
8.92223055763940920e+00,1.07536764684243976e-06,9.99342517907524519e-07,1.15139277577735501e-06
8.92723180795198701e+00,1.07000360243177787e-06,9.94137339496863560e-07,1.14586986536669217e-06
8.93223305826456659e+00,1.06466631089272966e-06,9.88961079496197968e-07,1.14037154228926135e-06
8.93723430857714440e+00,1.05935563883201059e-06,9.83813555886642694e-07,1.13489772177737849e-06
8.94223555888972221e+00,1.05407145352109710e-06,9.78694587962530549e-07,1.12944831907966364e-06
8.94723680920230002e+00,1.04881362289292423e-06,9.73603996322091663e-07,1.12402324946375679e-06
8.95223805951487783e+00,1.04358201553859091e-06,9.68541602858161958e-07,1.11862242821901986e-06
8.95723930982745742e+00,1.03837650070408192e-06,9.63507230748931220e-07,1.11324577065923261e-06
8.96224056014003523e+00,1.03319694828701442e-06,9.58500704448739870e-07,1.10789319212528897e-06
8.96724181045261304e+00,1.02804322883338306e-06,9.53521849678895969e-07,1.10256460798787026e-06
8.97224306076519085e+00,1.02291521353433930e-06,9.48570493418552773e-07,1.09725993365012583e-06
8.97724431107776866e+00,1.01781277422297802e-06,9.43646463895616789e-07,1.09197908455033936e-06
8.98224556139034824e+00,1.01273578337113866e-06,9.38749590577695217e-07,1.08672197616458210e-06
8.98724681170292605e+00,1.00768411408623354e-06,9.33879704163097604e-07,1.08148852400936948e-06
8.99224806201550386e+00,1.00265764010807211e-06,9.29036636571857922e-07,1.07627864364428640e-06
8.99724931232808167e+00,9.97656235805719288e-07,9.24220220936817544e-07,1.07109225067462093e-06
9.00225056264065948e+00,9.92679776174361256e-07,9.19430291594742720e-07,1.06592926075397990e-06
9.00725181295323729e+00,9.87728136832188145e-07,9.14666684077485263e-07,1.06078958958689103e-06
9.01225306326581688e+00,9.82801194017289666e-07,9.09929235103185263e-07,1.05567315293139396e-06
9.01725431357839469e+00,9.77898824584576358e-07,9.05217782567525471e-07,1.05057986660162714e-06
9.02225556389097250e+00,9.73020906002698082e-07,9.00532165535012370e-07,1.04550964647038390e-06
9.02725681420355031e+00,9.68167316350993643e-07,8.95872224230316420e-07,1.04046240847167097e-06
9.03225806451612812e+00,9.63337934316450151e-07,8.91237800029651704e-07,1.03543806860324870e-06
9.03725931482870770e+00,9.58532639190675519e-07,8.86628735452196860e-07,1.03043654292915418e-06
9.04226056514128551e+00,9.53751310866893184e-07,8.82044874151568526e-07,1.02545774758221795e-06
9.04726181545386332e+00,9.48993829836938322e-07,8.77486060907326347e-07,1.02050159876655030e-06
9.05226306576644113e+00,9.44260077188282534e-07,8.72952141616535882e-07,1.01556801276002919e-06
9.05726431607901894e+00,9.39549934601066482e-07,8.68442963285370179e-07,1.01065690591676279e-06
9.06226556639159853e+00,9.34863284345147552e-07,8.63958374020757382e-07,1.00576819466953783e-06
9.06726681670417634e+00,9.30200009277170288e-07,8.59498223022081302e-07,1.00090179553225927e-06
9.07226806701675415e+00,9.25559992837633537e-07,8.55062360572911611e-07,9.96057625102355462e-07
9.07726931732933195e+00,9.20943119047989894e-07,8.50650638032794835e-07,9.91235600063184953e-07
9.08227056764190976e+00,9.16349272507752553e-07,8.46262907829087567e-07,9.86435637186417539e-07
9.08727181795448757e+00,9.11778338391615078e-07,8.41899023448831950e-07,9.81657653334398099e-07
9.09227306826706716e+00,9.07230202446586101e-07,8.37558839430680481e-07,9.76901565462491615e-07
9.09727431857964497e+00,9.02704750989145940e-07,8.33242211356872281e-07,9.72167290621419494e-07
9.10227556889222278e+00,8.98201870902401522e-07,8.28948995845242824e-07,9.67454745959560326e-07
9.10727681920480059e+00,8.93721449633270207e-07,8.24679050541293273e-07,9.62763848725247247e-07
9.11227806951737840e+00,8.89263375189670924e-07,8.20432234110301106e-07,9.58094516269040741e-07
9.11727931982995798e+00,8.84827536137729382e-07,8.16208406229477441e-07,9.53446666045981323e-07
9.12228057014253579e+00,8.80413821599002984e-07,8.12007427580176342e-07,9.48820215617829625e-07
9.12728182045511360e+00,8.76022121247707635e-07,8.07829159840140873e-07,9.44215082655274397e-07
9.13228307076769141e+00,8.71652325307969655e-07,8.03673465675806420e-07,9.39631184940132890e-07
9.13728432108026922e+00,8.67304324551086576e-07,7.99540208734647118e-07,9.35068440367526034e-07
9.14228557139284881e+00,8.62978010292800758e-07,7.95429253637567906e-07,9.30526766948033609e-07
9.14728682170542662e+00,8.58673274390593537e-07,7.91340465971351851e-07,9.26006082809835224e-07
9.15228807201800443e+00,8.54390009240978328e-07,7.87273712281139870e-07,9.21506306200816786e-07
9.15728932233058224e+00,8.50128107776822616e-07,7.83228860062972612e-07,9.17027355490672621e-07
9.16229057264316005e+00,8.45887463464674514e-07,7.79205777756372557e-07,9.12569149172976471e-07
9.16729182295573786e+00,8.41667970302105511e-07,7.75204334736974414e-07,9.08131605867236607e-07
9.17229307326831744e+00,8.37469522815063390e-07,7.71224401309201883e-07,9.03714644320924897e-07
9.17729432358089525e+00,8.33292016055247592e-07,7.67265848698998945e-07,8.99318183411496238e-07
9.18229557389347306e+00,8.29135345597481821e-07,7.63328549046594724e-07,8.94942142148368918e-07
9.18729682420605087e+00,8.24999407537113341e-07,7.59412375399328265e-07,8.90586439674898418e-07
9.19229807451862868e+00,8.20884098487420628e-07,7.55517201704516202e-07,8.86250995270325054e-07
9.19729932483120827e+00,8.16789315577030872e-07,7.51642902802364894e-07,8.81935728351696851e-07
9.20230057514378608e+00,8.12714956447359929e-07,7.47789354418938777e-07,8.77640558475781082e-07
9.20730182545636389e+00,8.08660919250049514e-07,7.43956433159162180e-07,8.73365405340936848e-07
9.21230307576894170e+00,8.04627102644430973e-07,7.40144016499879900e-07,8.69110188788982046e-07
9.21730432608151951e+00,8.00613405794996468e-07,7.36351982782961406e-07,8.64874828807031530e-07
9.22230557639409909e+00,7.96619728368879793e-07,7.32580211208448439e-07,8.60659245529311146e-07
9.22730682670667690e+00,7.92645970533360063e-07,7.28828581827760019e-07,8.56463359238960107e-07
9.23230807701925471e+00,7.88692032953361168e-07,7.25096975536927713e-07,8.52287090369794623e-07
9.23730932733183252e+00,7.84757816788978539e-07,7.21385274069893068e-07,8.48130359508064011e-07
9.24231057764441033e+00,7.80843223693012276e-07,7.17693359991845695e-07,8.43993087394178856e-07
9.24731182795698814e+00,7.76948155808511910e-07,7.14021116692606462e-07,8.39875194924417358e-07
9.25231307826956773e+00,7.73072515766333674e-07,7.10368428380059385e-07,8.35776603152607963e-07
9.25731432858214554e+00,7.69216206682715970e-07,7.06735180073634135e-07,8.31697233291797805e-07
9.26231557889472334e+00,7.65379132156854001e-07,7.03121257597823697e-07,8.27637006715884305e-07
9.26731682920730115e+00,7.61561196268498323e-07,6.99526547575759091e-07,8.23595844961237554e-07
9.27231807951987896e+00,7.57762303575561237e-07,6.95950937422826981e-07,8.19573669728295493e-07
9.27731932983245855e+00,7.53982359111732182e-07,6.92394315340329107e-07,8.15570402883135257e-07
9.28232058014503636e+00,7.50221268384114404e-07,6.88856570309198777e-07,8.11585966459030032e-07
9.28732183045761417e+00,7.46478937370857712e-07,6.85337592083746063e-07,8.07620282657969362e-07
9.29232308077019198e+00,7.42755272518818126e-07,6.81837271185465245e-07,8.03673273852171006e-07
9.29732433108276979e+00,7.39050180741221017e-07,6.78355498896877523e-07,7.99744862585564512e-07
9.30232558139534937e+00,7.35363569415337488e-07,6.74892167255423476e-07,7.95834971575251500e-07
9.30732683170792718e+00,7.31695346380177265e-07,6.71447169047402870e-07,7.91943523712951659e-07
9.31232808202050499e+00,7.28045419934180849e-07,6.68020397801949916e-07,7.88070442066411781e-07
9.31732933233308280e+00,7.24413698832936447e-07,6.64611747785065186e-07,7.84215649880807708e-07
9.32233058264566061e+00,7.20800092286901135e-07,6.61221113993685639e-07,7.80379070580116632e-07
9.32733183295824020e+00,7.17204509959133458e-07,6.57848392149799757e-07,7.76560627768467159e-07
9.33233308327081801e+00,7.13626861963043599e-07,6.54493478694612753e-07,7.72760245231474445e-07
9.33733433358339582e+00,7.10067058860143562e-07,6.51156270782745778e-07,7.68977846937541345e-07
9.34233558389597363e+00,7.06525011657818303e-07,6.47836666276488374e-07,7.65213357039148231e-07
9.34733683420855144e+00,7.03000631807103862e-07,6.44534563740091382e-07,7.61466699874116341e-07
9.35233808452112925e+00,6.99493831200477663e-07,6.41249862434103780e-07,7.57737799966851545e-07
9.35733933483370883e+00,6.96004522169657607e-07,6.37982462309752838e-07,7.54026582029562375e-07
9.36234058514628664e+00,6.92532617483418841e-07,6.34732264003371906e-07,7.50332970963465775e-07
9.36734183545886445e+00,6.89078030345408946e-07,6.31499168830861563e-07,7.46656891859956329e-07
9.37234308577144226e+00,6.85640674391986731e-07,6.28283078782205076e-07,7.42998270001768387e-07
9.37734433608402007e+00,6.82220463690064840e-07,6.25083896516019864e-07,7.39357030864109817e-07
9.38234558639659966e+00,6.78817312734963477e-07,6.21901525354153214e-07,7.35733100115773740e-07
9.38734683670917747e+00,6.75431136448281916e-07,6.18735869276325855e-07,7.32126403620237977e-07
9.39234808702175528e+00,6.72061850175765674e-07,6.15586832914804759e-07,7.28536867436726589e-07
9.39734933733433309e+00,6.68709369685200260e-07,6.12454321549132584e-07,7.24964417821267935e-07
9.40235058764691090e+00,6.65373611164305656e-07,6.09338241100890677e-07,7.21408981227720634e-07
9.40735183795949048e+00,6.62054491218644047e-07,6.06238498128504651e-07,7.17870484308783443e-07
9.41235308827206829e+00,6.58751926869541939e-07,6.03154999822097700e-07,7.14348853916986178e-07
9.41735433858464610e+00,6.55465835552012601e-07,6.00087653998373679e-07,7.10844017105651523e-07
9.42235558889722391e+00,6.52196135112698831e-07,5.97036369095551737e-07,7.07355901129845925e-07
9.42735683920980172e+00,6.48942743807821447e-07,5.94001054168337485e-07,7.03884433447305408e-07
9.43235808952237953e+00,6.45705580301138249e-07,5.90981618882935135e-07,7.00429541719341363e-07
9.43735933983495912e+00,6.42484563661912946e-07,5.87977973512099239e-07,6.96991153811726652e-07
9.44236059014753693e+00,6.39279613362898895e-07,5.84990028930232383e-07,6.93569197795565407e-07
9.44736184046011473e+00,6.36090649278321896e-07,5.82017696608511672e-07,6.90163601948132120e-07
9.45236309077269254e+00,6.32917591681884686e-07,5.79060888610066047e-07,6.86774294753703324e-07
9.45736434108527035e+00,6.29760361244775351e-07,5.76119517585188006e-07,6.83401204904362696e-07
9.46236559139784994e+00,6.26618879033685593e-07,5.73193496766584394e-07,6.80044261300786791e-07
9.46736684171042775e+00,6.23493066508844863e-07,5.70282739964671985e-07,6.76703393053017742e-07
9.47236809202300556e+00,6.20382845522052502e-07,5.67387161562901223e-07,6.73378529481203781e-07
9.47736934233558337e+00,6.17288138314731357e-07,5.64506676513128883e-07,6.70069600116333830e-07
9.48237059264816118e+00,6.14208867515985325e-07,5.61641200331025138e-07,6.66776534700945512e-07
9.48737184296074076e+00,6.11144956140666745e-07,5.58790649091517478e-07,6.63499263189816013e-07
9.49237309327331857e+00,6.08096327587458181e-07,5.55954939424278772e-07,6.60237715750637591e-07
9.49737434358589638e+00,6.05062905636954002e-07,5.53133988509242446e-07,6.56991822764665558e-07
9.50237559389847419e+00,6.02044614449761331e-07,5.50327714072166146e-07,6.53761514827356516e-07
9.50737684421105200e+00,5.99041378564605447e-07,5.47536034380225895e-07,6.50546722748984998e-07
9.51237809452362981e+00,5.96053122896446404e-07,5.44758868237651649e-07,6.47347377555241159e-07
9.51737934483620940e+00,5.93079772734601798e-07,5.41996134981394198e-07,6.44163410487809399e-07
9.52238059514878721e+00,5.90121253740887105e-07,5.39247754476838541e-07,6.40994753004935668e-07
9.52738184546136502e+00,5.87177491947752734e-07,5.36513647113540345e-07,6.37841336781965122e-07
9.53238309577394283e+00,5.84248413756440783e-07,5.33793733801009312e-07,6.34703093711872253e-07
9.53738434608652064e+00,5.81333945935147398e-07,5.31087935964524940e-07,6.31579955905769855e-07
9.54238559639910022e+00,5.78434015617191912e-07,5.28396175540985850e-07,6.28471855693397974e-07
9.54738684671167803e+00,5.75548550299203453e-07,5.25718374974802100e-07,6.25378725623604806e-07
9.55238809702425584e+00,5.72677477839302048e-07,5.23054457213809416e-07,6.22300498464794679e-07
9.55738934733683365e+00,5.69820726455303333e-07,5.20404345705232234e-07,6.19237107205374433e-07
9.56239059764941146e+00,5.66978224722923908e-07,5.17767964391673735e-07,6.16188485054174081e-07
9.56739184796199105e+00,5.64149901573997691e-07,5.15145237707141682e-07,6.13154565440853700e-07
9.57239309827456886e+00,5.61335686294704882e-07,5.12536090573113305e-07,6.10135282016296458e-07
9.57739434858714667e+00,5.58535508523800180e-07,5.09940448394624136e-07,6.07130568652976223e-07
9.58239559889972448e+00,5.55749298250860168e-07,5.07358237056401193e-07,6.04140359445319142e-07
9.58739684921230229e+00,5.52976985814533657e-07,5.04789382919024015e-07,6.01164588710043299e-07
9.59239809952488010e+00,5.50218501900802521e-07,5.02233812815120745e-07,5.98203190986484297e-07
9.59739934983745968e+00,5.47473777541249508e-07,4.99691454045596184e-07,5.95256101036902832e-07
9.60240060015003749e+00,5.44742744111340357e-07,4.97162234375897225e-07,5.92323253846783490e-07
9.60740185046261530e+00,5.42025333328704001e-07,4.94646082032302211e-07,5.89404584625105791e-07
9.61240310077519311e+00,5.39321477251431194e-07,4.92142925698251274e-07,5.86500028804611115e-07
9.61740435108777092e+00,5.36631108276377061e-07,4.89652694510705041e-07,5.83609522042049081e-07
9.62240560140035051e+00,5.33954159137472004e-07,4.87175318056534270e-07,5.80733000218409738e-07
9.62740685171292832e+00,5.31290562904045744e-07,4.84710726368947478e-07,5.77870399439144010e-07
9.63240810202550612e+00,5.28640252979149879e-07,4.82258849923939131e-07,5.75021656034360628e-07
9.63740935233808393e+00,5.26003163097898649e-07,4.79819619636778894e-07,5.72186706559018405e-07
9.64241060265066174e+00,5.23379227325813308e-07,4.77392966858528218e-07,5.69365487793098399e-07
9.64741185296324133e+00,5.20768380057174853e-07,4.74978823372586872e-07,5.66557936741762835e-07
9.65241310327581914e+00,5.18170556013388513e-07,4.72577121391274111e-07,5.63763990635502915e-07
9.65741435358839695e+00,5.15585690241348654e-07,4.70187793552432339e-07,5.60983586930265021e-07
9.66241560390097476e+00,5.13013718111820313e-07,4.67810772916069467e-07,5.58216663307571107e-07
9.66741685421355257e+00,5.10454575317823591e-07,4.65445992961026001e-07,5.55463157674621180e-07
9.67241810452613215e+00,5.07908197873027671e-07,4.63093387581672881e-07,5.52723008164382461e-07
9.67741935483870996e+00,5.05374522110155335e-07,4.60752891084642095e-07,5.49996153135668575e-07
9.68242060515128777e+00,5.02853484679388734e-07,4.58424438185579046e-07,5.47282531173198422e-07
9.68742185546386558e+00,5.00345022546789677e-07,4.56107964005930923e-07,5.44582081087648377e-07
9.69242310577644339e+00,4.97849072992724993e-07,4.53803404069760853e-07,5.41894741915689133e-07
9.69742435608902120e+00,4.95365573610300265e-07,4.51510694300591003e-07,5.39220452920009526e-07
9.70242560640160079e+00,4.92894462303799803e-07,4.49229771018273065e-07,5.36559153589326594e-07
9.70742685671417860e+00,4.90435677287139965e-07,4.46960570935890862e-07,5.33910783638389068e-07
9.71242810702675641e+00,4.87989157082319933e-07,4.44703031156682820e-07,5.31275283007957046e-07
9.71742935733933422e+00,4.85554840517890381e-07,4.42457089170999999e-07,5.28652591864780711e-07
9.72243060765191203e+00,4.83132666727424479e-07,4.40222682853287751e-07,5.26042650601561259e-07
9.72743185796449161e+00,4.80722575147996935e-07,4.37999750459094370e-07,5.23445399836899552e-07
9.73243310827706942e+00,4.78324505518674585e-07,4.35788230622110652e-07,5.20860780415238517e-07
9.73743435858964723e+00,4.75938397879006662e-07,4.33588062351228582e-07,5.18288733406784688e-07
9.74243560890222504e+00,4.73564192567529677e-07,4.31399185027633623e-07,5.15729200107425731e-07
9.74743685921480285e+00,4.71201830220277276e-07,4.29221538401920570e-07,5.13182122038633982e-07
9.75243810952738244e+00,4.68851251769296397e-07,4.27055062591234656e-07,5.10647440947358138e-07
9.75743935983996025e+00,4.66512398441174811e-07,4.24899698076442410e-07,5.08125098805907212e-07
9.76244061015253806e+00,4.64185211755568710e-07,4.22755385699320880e-07,5.05615037811816593e-07
9.76744186046511587e+00,4.61869633523745020e-07,4.20622066659779738e-07,5.03117200387710302e-07
9.77244311077769368e+00,4.59565605847127256e-07,4.18499682513104931e-07,5.00631529181149581e-07
9.77744436109027149e+00,4.57273071115849160e-07,4.16388175167227632e-07,4.98157967064470688e-07
9.78244561140285107e+00,4.54991972007314956e-07,4.14287486880017971e-07,4.95696457134611995e-07
9.78744686171542888e+00,4.52722251484770991e-07,4.12197560256606608e-07,4.93246942712935374e-07
9.79244811202800669e+00,4.50463852795875779e-07,4.10118338246723362e-07,4.90809367345028196e-07
9.79744936234058450e+00,4.48216719471286150e-07,4.08049764142067538e-07,4.88383674800504709e-07
9.80245061265316231e+00,4.45980795323245242e-07,4.05991781573698274e-07,4.85969809072792263e-07
9.80745186296574190e+00,4.43756024444178705e-07,4.03944334509448920e-07,4.83567714378908543e-07
9.81245311327831971e+00,4.41542351205301278e-07,4.01907367251368788e-07,4.81177335159233716e-07
9.81745436359089751e+00,4.39339720255222308e-07,3.99880824433180302e-07,4.78798616077264262e-07
9.82245561390347532e+00,4.37148076518566093e-07,3.97864651017767232e-07,4.76431502019364954e-07
9.82745686421605313e+00,4.34967365194595927e-07,3.95858792294682191e-07,4.74075938094509663e-07
9.83245811452863272e+00,4.32797531755843658e-07,3.93863193877676161e-07,4.71731869634011155e-07
9.83745936484121053e+00,4.30638521946751309e-07,3.91877801702255432e-07,4.69399242191247186e-07
9.84246061515378834e+00,4.28490281782310797e-07,3.89902562023252742e-07,4.67078001541368852e-07
9.84746186546636615e+00,4.26352757546718314e-07,3.87937421412427575e-07,4.64768093681009053e-07
9.85246311577894396e+00,4.24225895792032258e-07,3.85982326756086318e-07,4.62469464827978199e-07
9.85746436609152177e+00,4.22109643336837304e-07,3.84037225252722585e-07,4.60182061420952022e-07
9.86246561640410135e+00,4.20003947264916092e-07,3.82102064410681261e-07,4.57905830119150923e-07
9.86746686671667916e+00,4.17908754923929293e-07,3.80176792045844351e-07,4.55640717802014234e-07
9.87246811702925697e+00,4.15824013924096295e-07,3.78261356279333462e-07,4.53386671568859128e-07
9.87746936734183478e+00,4.13749672136889773e-07,3.76355705535239379e-07,4.51143638738540166e-07
9.88247061765441259e+00,4.11685677693731939e-07,3.74459788538368640e-07,4.48911566849095238e-07
9.88747186796699218e+00,4.09631978984698748e-07,3.72573554312011344e-07,4.46690403657386153e-07
9.89247311827956999e+00,4.07588524657233039e-07,3.70696952175732455e-07,4.44480097138733622e-07
9.89747436859214780e+00,4.05555263614857360e-07,3.68829931743176559e-07,4.42280595486538162e-07
9.90247561890472561e+00,4.03532145015900674e-07,3.66972442919900095e-07,4.40091847111901253e-07
9.90747686921730342e+00,4.01519118272226954e-07,3.65124435901218675e-07,4.37913800643235234e-07
9.91247811952988300e+00,3.99516133047971309e-07,3.63285861170076209e-07,4.35746404925866409e-07
9.91747936984246081e+00,3.97523139258284784e-07,3.61456669494934635e-07,4.33589609021634933e-07
9.92248062015503862e+00,3.95540087068079060e-07,3.59636811927678301e-07,4.31443362208479819e-07
9.92748187046761643e+00,3.93566926890784068e-07,3.57826239801542551e-07,4.29307613980025585e-07
9.93248312078019424e+00,3.91603609387109040e-07,3.56024904729059769e-07,4.27182314045158312e-07
9.93748437109277383e+00,3.89650085463808391e-07,3.54232758600022061e-07,4.25067412327594720e-07
9.94248562140535164e+00,3.87706306272458381e-07,3.52449753579467746e-07,4.22962858965449015e-07
9.94748687171792945e+00,3.85772223208232684e-07,3.50675842105679184e-07,4.20868604310786183e-07
9.95248812203050726e+00,3.83847787908690440e-07,3.48910976888204849e-07,4.18784598929176030e-07
9.95748937234308507e+00,3.81932952252567643e-07,3.47155110905897174e-07,4.16710793599238112e-07
9.96249062265566288e+00,3.80027668358574782e-07,3.45408197404968508e-07,4.14647139312181055e-07
9.96749187296824246e+00,3.78131888584199714e-07,3.43670189897064117e-07,4.12593587271335311e-07
9.97249312328082027e+00,3.76245565524520285e-07,3.41941042157356617e-07,4.10550088891683953e-07
9.97749437359339808e+00,3.74368652011015892e-07,3.40220708222650855e-07,4.08516595799380929e-07
9.98249562390597589e+00,3.72501101110391426e-07,3.38509142389512749e-07,4.06493059831270102e-07
9.98749687421855370e+00,3.70642866123404451e-07,3.36806299212412124e-07,4.04479433034396778e-07
9.99249812453113329e+00,3.68793900583697254e-07,3.35112133501882634e-07,4.02475667665511874e-07
9.99749937484371110e+00,3.66954158256638895e-07,3.33426600322700961e-07,4.00481716190576829e-07
1.00025006251562889e+01,3.65123593138166149e-07,3.31749654992077815e-07,3.98497531284254482e-07
1.00075018754688667e+01,3.63302159453636304e-07,3.30081253077869851e-07,3.96523065829402758e-07
1.00125031257814445e+01,3.61489811656682931e-07,3.28421350396806241e-07,3.94558272916559621e-07
1.00175043760940241e+01,3.59686504428077783e-07,3.26769903012731302e-07,3.92603105843424265e-07
1.00225056264066019e+01,3.57892192674600168e-07,3.25126867234865101e-07,3.90657518114335235e-07
1.00275068767191797e+01,3.56106831527907325e-07,3.23492199616075521e-07,3.88721463439739129e-07
1.00325081270317575e+01,3.54330376343414908e-07,3.21865856951170260e-07,3.86794895735659556e-07
1.00375093773443353e+01,3.52562782699181820e-07,3.20247796275203517e-07,3.84877769123160122e-07
1.00425106276569132e+01,3.50804006394799745e-07,3.18637974861796635e-07,3.82970037927802855e-07
1.00475118779694927e+01,3.49054003450288149e-07,3.17036350221474849e-07,3.81071656679101448e-07
1.00525131282820706e+01,3.47312730104998000e-07,3.15442880100021451e-07,3.79182580109974549e-07
1.00575143785946484e+01,3.45580142816514602e-07,3.13857522476841317e-07,3.77302763156187887e-07
1.00625156289072262e+01,3.43856198259572170e-07,3.12280235563345354e-07,3.75432160955798987e-07
1.00675168792198040e+01,3.42140853324970267e-07,3.10710977801345742e-07,3.73570728848594793e-07
1.00725181295323836e+01,3.40434065118496588e-07,3.09149707861467270e-07,3.71718422375525905e-07
1.00775193798449614e+01,3.38735790959857209e-07,3.07596384641574770e-07,3.69875197278139648e-07
1.00825206301575392e+01,3.37045988381606629e-07,3.06050967265209329e-07,3.68041009498003928e-07
1.00875218804701170e+01,3.35364615128088870e-07,3.04513415080044685e-07,3.66215815176133056e-07
1.00925231307826948e+01,3.33691629154381335e-07,3.02983687656354619e-07,3.64399570652408052e-07
1.00975243810952744e+01,3.32026988625243480e-07,3.01461744785494231e-07,3.62592232464992729e-07
1.01025256314078522e+01,3.30370651914073480e-07,2.99947546478397460e-07,3.60793757349749499e-07
1.01075268817204300e+01,3.28722577601865215e-07,2.98441052964083182e-07,3.59004102239647249e-07
1.01125281320330078e+01,3.27082724476174946e-07,2.96942224688179679e-07,3.57223224264170214e-07
1.01175293823455856e+01,3.25451051530091370e-07,2.95451022311460225e-07,3.55451080748722515e-07
1.01225306326581634e+01,3.23827517961210872e-07,2.93967406708392280e-07,3.53687629214029464e-07
1.01275318829707430e+01,3.22212083170617116e-07,2.92491338965698852e-07,3.51932827375535379e-07
1.01325331332833208e+01,3.20604706761869102e-07,2.91022780380935857e-07,3.50186633142802346e-07
1.01375343835958986e+01,3.19005348539988171e-07,2.89561692461076988e-07,3.48449004618899354e-07
1.01425356339084765e+01,3.17413968510455911e-07,2.88108036921116275e-07,3.46719900099795547e-07
1.01475368842210543e+01,3.15830526878214128e-07,2.86661775682680902e-07,3.44999278073747354e-07
1.01525381345336339e+01,3.14254984046669952e-07,2.85222870872656161e-07,3.43287097220683744e-07
1.01575393848462117e+01,3.12687300616708412e-07,2.83791284821825433e-07,3.41583316411591392e-07
1.01625406351587895e+01,3.11127437385704791e-07,2.82366980063517370e-07,3.39887894707892213e-07
1.01675418854713673e+01,3.09575355346546942e-07,2.80949919332269911e-07,3.38200791360823974e-07
1.01725431357839451e+01,3.08031015686660191e-07,2.79540065562504096e-07,3.36521965810816286e-07
1.01775443860965247e+01,3.06494379787036746e-07,2.78137381887209523e-07,3.34851377686863970e-07
1.01825456364091025e+01,3.04965409221272885e-07,2.76741831636643727e-07,3.33188986805902042e-07
1.01875468867216803e+01,3.03444065754605398e-07,2.75353378337038869e-07,3.31534753172171928e-07
1.01925481370342581e+01,3.01930311342958208e-07,2.73971985709324142e-07,3.29888636976592275e-07
1.01975493873468359e+01,3.00424108131991356e-07,2.72597617667857716e-07,3.28250598596124996e-07
1.02025506376594137e+01,2.98925418456154604e-07,2.71230238319169523e-07,3.26620598593139686e-07
1.02075518879719933e+01,2.97434204837746065e-07,2.69869811960716068e-07,3.24998597714776063e-07
1.02125531382845711e+01,2.95950429985977500e-07,2.68516303079647151e-07,3.23384556892307849e-07
1.02175543885971489e+01,2.94474056796039352e-07,2.67169676351579996e-07,3.21778437240498708e-07
1.02225556389097267e+01,2.93005048348175418e-07,2.65829896639387835e-07,3.20180200056963002e-07
1.02275568892223045e+01,2.91543367906759901e-07,2.64496928991997970e-07,3.18589806821521831e-07
1.02325581395348841e+01,2.90088978919378690e-07,2.63170738643199415e-07,3.17007219195557965e-07
1.02375593898474619e+01,2.88641845015918070e-07,2.61851291010463878e-07,3.15432399021372262e-07
1.02425606401600398e+01,2.87201930007652404e-07,2.60538551693772355e-07,3.13865308321532453e-07
1.02475618904726176e+01,2.85769197886342313e-07,2.59232486474456814e-07,3.12305909298227812e-07
1.02525631407851954e+01,2.84343612823333803e-07,2.57933061314049132e-07,3.10754164332618473e-07
1.02575643910977750e+01,2.82925139168662738e-07,2.56640242353141196e-07,3.09210035984184279e-07
1.02625656414103528e+01,2.81513741450165456e-07,2.55353995910255705e-07,3.07673486990075207e-07
1.02675668917229306e+01,2.80109384372589809e-07,2.54074288480724061e-07,3.06144480264455557e-07
1.02725681420355084e+01,2.78712032816714566e-07,2.52801086735576920e-07,3.04622978897852211e-07
1.02775693923480862e+01,2.77321651838471566e-07,2.51534357520443253e-07,3.03108946156499879e-07
1.02825706426606658e+01,2.75938206668071798e-07,2.50274067854458580e-07,3.01602345481685016e-07
1.02875718929732436e+01,2.74561662709138457e-07,2.49020184929184735e-07,3.00103140489092178e-07
1.02925731432858214e+01,2.73191985537839161e-07,2.47772676107534823e-07,2.98611294968143499e-07
1.02975743935983992e+01,2.71829140902027908e-07,2.46531508922711889e-07,2.97126772881343927e-07
1.03025756439109770e+01,2.70473094720388352e-07,2.45296651077154412e-07,2.95649538363622293e-07
1.03075768942235548e+01,2.69123813081582010e-07,2.44068070441491176e-07,2.94179555721672844e-07
1.03125781445361344e+01,2.67781262243400481e-07,2.42845735053505186e-07,2.92716789433295776e-07
1.03175793948487122e+01,2.66445408631923662e-07,2.41629613117108181e-07,2.91261204146739143e-07
1.03225806451612900e+01,2.65116218840678268e-07,2.40419673001319952e-07,2.89812764680036583e-07
1.03275818954738678e+01,2.63793659629804406e-07,2.39215883239260326e-07,2.88371436020348486e-07
1.03325831457864457e+01,2.62477697925224586e-07,2.38018212527148131e-07,2.86937183323301040e-07
1.03375843960990252e+01,2.61168300817816534e-07,2.36826629723308179e-07,2.85509971912324862e-07
1.03425856464116031e+01,2.59865435562592634e-07,2.35641103847189346e-07,2.84089767277995949e-07
1.03475868967241809e+01,2.58569069577878676e-07,2.34461604078386194e-07,2.82676535077371184e-07
1.03525881470367587e+01,2.57279170444501442e-07,2.33288099755673779e-07,2.81270241133329131e-07
1.03575893973493365e+01,2.55995705904977783e-07,2.32120560376047698e-07,2.79870851433907868e-07
1.03625906476619161e+01,2.54718643862708451e-07,2.30958955593773424e-07,2.78478332131643452e-07
1.03675918979744939e+01,2.53447952381176968e-07,2.29803255219444275e-07,2.77092649542909661e-07
1.03725931482870717e+01,2.52183599683149547e-07,2.28653429219044782e-07,2.75713770147254285e-07
1.03775943985996495e+01,2.50925554149881795e-07,2.27509447713024403e-07,2.74341660586739186e-07
1.03825956489122273e+01,2.49673784320328644e-07,2.26371280975378390e-07,2.72976287665278872e-07
1.03875968992248051e+01,2.48428258890357983e-07,2.25238899432736269e-07,2.71617618347979698e-07
1.03925981495373847e+01,2.47188946711967158e-07,2.24112273663456555e-07,2.70265619760477761e-07
1.03975993998499625e+01,2.45955816792507084e-07,2.22991374396733075e-07,2.68920259188281119e-07
1.04026006501625403e+01,2.44728838293904460e-07,2.21876172511702724e-07,2.67581504076106196e-07
1.04076019004751181e+01,2.43507980531892717e-07,2.20766639036565746e-07,2.66249322027219689e-07
1.04126031507876959e+01,2.42293212975245134e-07,2.19662745147711324e-07,2.64923680802778944e-07
1.04176044011002755e+01,2.41084505245010496e-07,2.18564462168849327e-07,2.63604548321171638e-07
1.04226056514128533e+01,2.39881827113756430e-07,2.17471761570153054e-07,2.62291892657359807e-07
1.04276069017254311e+01,2.38685148504810570e-07,2.16384614967403149e-07,2.60985682042217991e-07
1.04326081520380090e+01,2.37494439491510879e-07,2.15302994121143854e-07,2.59685884861877904e-07
1.04376094023505868e+01,2.36309670296457108e-07,2.14226870935843619e-07,2.58392469657070598e-07
1.04426106526631663e+01,2.35130811290766180e-07,2.13156217459062687e-07,2.57105405122469647e-07
1.04476119029757442e+01,2.33957832993333149e-07,2.12091005880629538e-07,2.55824660106036759e-07
1.04526131532883220e+01,2.32790706070091899e-07,2.11031208531819978e-07,2.54550203608363847e-07
1.04576144036008998e+01,2.31629401333283683e-07,2.09976797884546905e-07,2.53282004782020435e-07
1.04626156539134776e+01,2.30473889740727001e-07,2.08927746550554748e-07,2.52020032930899281e-07
1.04676169042260554e+01,2.29324142395091724e-07,2.07884027280620562e-07,2.50764257509562885e-07
1.04726181545386350e+01,2.28180130543176491e-07,2.06845612963761651e-07,2.49514648122591331e-07
1.04776194048512128e+01,2.27041825575191543e-07,2.05812476626450900e-07,2.48271174523932186e-07
1.04826206551637906e+01,2.25909199024041120e-07,2.04784591431835094e-07,2.47033806616247172e-07
1.04876219054763684e+01,2.24782222564613626e-07,2.03761930678963008e-07,2.45802514450264244e-07
1.04926231557889462e+01,2.23660868013073243e-07,2.02744467802018075e-07,2.44577268224128385e-07
1.04976244061015258e+01,2.22545107326155042e-07,2.01732176369556768e-07,2.43358038282753316e-07
1.05026256564141036e+01,2.21434912600465384e-07,2.00725030083755037e-07,2.42144795117175732e-07
1.05076269067266814e+01,2.20330256071782433e-07,1.99723002779657487e-07,2.40937509363907379e-07
1.05126281570392592e+01,2.19231110114363412e-07,1.98726068424435277e-07,2.39736151804291521e-07
1.05176294073518370e+01,2.18137447240254036e-07,1.97734201116649172e-07,2.38540693363858927e-07
1.05226306576644166e+01,2.17049240098600562e-07,1.96747375085517153e-07,2.37351105111683970e-07
1.05276319079769944e+01,2.15966461474968135e-07,1.95765564690190729e-07,2.36167358259745540e-07
1.05326331582895723e+01,2.14889084290657873e-07,1.94788744419032529e-07,2.34989424162283218e-07
1.05376344086021501e+01,2.13817081602031676e-07,1.93816888888903518e-07,2.33817274315159833e-07
1.05426356589147279e+01,2.12750426599838352e-07,1.92849972844453852e-07,2.32650880355222852e-07
1.05476369092273057e+01,2.11689092608543568e-07,1.91887971157419728e-07,2.31490214059667409e-07
1.05526381595398853e+01,2.10633053085662332e-07,1.90930858825924931e-07,2.30335247345399734e-07
1.05576394098524631e+01,2.09582281621097328e-07,1.89978610973789997e-07,2.29185952268404660e-07
1.05626406601650409e+01,2.08536751936476589e-07,1.89031202849843256e-07,2.28042301023109922e-07
1.05676419104776187e+01,2.07496437884497761e-07,1.88088609827239980e-07,2.26904265941755543e-07
1.05726431607901965e+01,2.06461313448274276e-07,1.87150807402785733e-07,2.25771819493762819e-07
1.05776444111027761e+01,2.05431352740684852e-07,1.86217771196264677e-07,2.24644934285105026e-07
1.05826456614153539e+01,2.04406530003727555e-07,1.85289476949774356e-07,2.23523583057680753e-07
1.05876469117279317e+01,2.03386819607873855e-07,1.84365900527062684e-07,2.22407738688685026e-07
1.05926481620405095e+01,2.02372196051429462e-07,1.83447017912873001e-07,2.21297374189985923e-07
1.05976494123530873e+01,2.01362633959896243e-07,1.82532805212292283e-07,2.20192462707500203e-07
1.06026506626656669e+01,2.00358108085338114e-07,1.81623238650104908e-07,2.19092977520571320e-07
1.06076519129782447e+01,1.99358593305750662e-07,1.80718294570151904e-07,2.17998892041349420e-07
1.06126531632908225e+01,1.98364064624431348e-07,1.79817949434692520e-07,2.16910179814170175e-07
1.06176544136034003e+01,1.97374497169356251e-07,1.78922179823773747e-07,2.15826814514938756e-07
1.06226556639159782e+01,1.96389866192557658e-07,1.78030962434602450e-07,2.14748769950512867e-07
1.06276569142285577e+01,1.95410147069505067e-07,1.77144274080922433e-07,2.13676020058087700e-07
1.06326581645411355e+01,1.94435315298491352e-07,1.76262091692398010e-07,2.12608538904584693e-07
1.06376594148537134e+01,1.93465346500017766e-07,1.75384392313998207e-07,2.11546300686037326e-07
1.06426606651662912e+01,1.92500216416186197e-07,1.74511153105389526e-07,2.10489279726982868e-07
1.06476619154788690e+01,1.91539900910092262e-07,1.73642351340330708e-07,2.09437450479853815e-07
1.06526631657914468e+01,1.90584375965222040e-07,1.72777964406073037e-07,2.08390787524371044e-07
1.06576644161040264e+01,1.89633617684851234e-07,1.71917969802764052e-07,2.07349265566938416e-07
1.06626656664166042e+01,1.88687602291449228e-07,1.71062345142857461e-07,2.06312859440040995e-07
1.06676669167291820e+01,1.87746306126082671e-07,1.70211068150524210e-07,2.05281544101641133e-07
1.06726681670417598e+01,1.86809705647825282e-07,1.69364116661070733e-07,2.04255294634579832e-07
1.06776694173543376e+01,1.85877777433169185e-07,1.68521468620360030e-07,2.03234086245978341e-07
1.06826706676669172e+01,1.84950498175438898e-07,1.67683102084236745e-07,2.02217894266641052e-07
1.06876719179794950e+01,1.84027844684210108e-07,1.66848995217957984e-07,2.01206694150462232e-07
1.06926731682920728e+01,1.83109793884727866e-07,1.66019126295624908e-07,2.00200461473830824e-07
1.06976744186046506e+01,1.82196322817331051e-07,1.65193473699621617e-07,1.99199171935040485e-07
1.07026756689172284e+01,1.81287408636878301e-07,1.64372015920056597e-07,1.98202801353700005e-07
1.07076769192298080e+01,1.80383028612176258e-07,1.63554731554207584e-07,1.97211325670144932e-07
1.07126781695423858e+01,1.79483160125412881e-07,1.62741599305972458e-07,1.96224720944853303e-07
1.07176794198549636e+01,1.78587780671589825e-07,1.61932597985320332e-07,1.95242963357859318e-07
1.07226806701675415e+01,1.77696867857961420e-07,1.61127706507750146e-07,1.94266029208172693e-07
1.07276819204801193e+01,1.76810399403474296e-07,1.60326903893750834e-07,1.93293894913197757e-07
1.07326831707926971e+01,1.75928353138210441e-07,1.59530169268266112e-07,1.92326537008154770e-07
1.07376844211052767e+01,1.75050707002832868e-07,1.58737481860162274e-07,1.91363932145503462e-07
1.07426856714178545e+01,1.74177439048034937e-07,1.57948821001701047e-07,1.90406057094368827e-07
1.07476869217304323e+01,1.73308527433990312e-07,1.57164166128013767e-07,1.89452888739966858e-07
1.07526881720430101e+01,1.72443950429807688e-07,1.56383496776580986e-07,1.88504404083034390e-07
1.07576894223555879e+01,1.71583686412987598e-07,1.55606792586715223e-07,1.87560580239259973e-07
1.07626906726681675e+01,1.70727713868881536e-07,1.54834033299046738e-07,1.86621394438716335e-07
1.07676919229807453e+01,1.69876011390154909e-07,1.54065198755013723e-07,1.85686824025296094e-07
1.07726931732933231e+01,1.69028557676250649e-07,1.53300268896354242e-07,1.84756846456147057e-07
1.07776944236059009e+01,1.68185331532857313e-07,1.52539223764603117e-07,1.83831439301111509e-07
1.07826956739184787e+01,1.67346311871379465e-07,1.51782043500591839e-07,1.82910580242167091e-07
1.07876969242310583e+01,1.66511477708409664e-07,1.51028708343950852e-07,1.81994247072868475e-07
1.07926981745436361e+01,1.65680808165205496e-07,1.50279198632617405e-07,1.81082417697793587e-07
1.07976994248562139e+01,1.64854282467165530e-07,1.49533494802343209e-07,1.80175070131987850e-07
1.08027006751687917e+01,1.64031879943311219e-07,1.48791577386208220e-07,1.79272182500414218e-07
1.08077019254813695e+01,1.63213580025769899e-07,1.48053427014136658e-07,1.78373733037403139e-07
1.08127031757939474e+01,1.62399362249260528e-07,1.47319024412415953e-07,1.77479700086105103e-07
1.08177044261065269e+01,1.61589206250581739e-07,1.46588350403218561e-07,1.76590062097944916e-07
1.08227056764191047e+01,1.60783091768103906e-07,1.45861385904128585e-07,1.75704797632079228e-07
1.08277069267316826e+01,1.59980998641260905e-07,1.45138111927668411e-07,1.74823885354853400e-07
1.08327081770442604e+01,1.59182906810047181e-07,1.44418509580831201e-07,1.73947304039263160e-07
1.08377094273568382e+01,1.58388796314516069e-07,1.43702560064615106e-07,1.73075032564417033e-07
1.08427106776694178e+01,1.57598647294280340e-07,1.42990244673560226e-07,1.72207049915000453e-07
1.08477119279819956e+01,1.56812439988016836e-07,1.42281544795289839e-07,1.71343335180743833e-07
1.08527131782945734e+01,1.56030154732970886e-07,1.41576441910052366e-07,1.70483867555889407e-07
1.08577144286071512e+01,1.55251771964465710e-07,1.40874917590268130e-07,1.69628626338663290e-07
1.08627156789197290e+01,1.54477272215412994e-07,1.40176953500078127e-07,1.68777590930747860e-07
1.08677169292323086e+01,1.53706636115825897e-07,1.39482531394895361e-07,1.67930740836756432e-07
1.08727181795448864e+01,1.52939844392336034e-07,1.38791633120960495e-07,1.67088055663711573e-07
1.08777194298574642e+01,1.52176877867709846e-07,1.38104240614897481e-07,1.66249515120522211e-07
1.08827206801700420e+01,1.51417717460370287e-07,1.37420335903274552e-07,1.65415099017466022e-07
1.08877219304826198e+01,1.50662344183919420e-07,1.36739901102166550e-07,1.64584787265672290e-07
1.08927231807951994e+01,1.49910739146663547e-07,1.36062918416720132e-07,1.63758559876606963e-07
1.08977244311077772e+01,1.49162883551141941e-07,1.35389370140722654e-07,1.62936396961561229e-07
1.09027256814203550e+01,1.48418758693655314e-07,1.34719238656171351e-07,1.62118278731139278e-07
1.09077269317329328e+01,1.47678345963799154e-07,1.34052506432847360e-07,1.61304185494750948e-07
1.09127281820455106e+01,1.46941626843998279e-07,1.33389156027891406e-07,1.60494097660105153e-07
1.09177294323580885e+01,1.46208582909043860e-07,1.32729170085381958e-07,1.59687995732705762e-07
1.09227306826706680e+01,1.45479195825632363e-07,1.32072531335915757e-07,1.58885860315348969e-07
1.09277319329832459e+01,1.44753447351908526e-07,1.31419222596192245e-07,1.58087672107624808e-07
1.09327331832958237e+01,1.44031319337007351e-07,1.30769226768597588e-07,1.57293411905417115e-07
1.09377344336084015e+01,1.43312793720601631e-07,1.30122526840794081e-07,1.56503060600409181e-07
1.09427356839209793e+01,1.42597852532449976e-07,1.29479105885310341e-07,1.55716599179589611e-07
1.09477369342335589e+01,1.41886477891947386e-07,1.28838947059134096e-07,1.54934008724760676e-07
1.09527381845461367e+01,1.41178652007679152e-07,1.28202033603308520e-07,1.54155270412049785e-07
1.09577394348587145e+01,1.40474357176974500e-07,1.27568348842528412e-07,1.53380365511420588e-07
1.09627406851712923e+01,1.39773575785465072e-07,1.26937876184741243e-07,1.52609275386188901e-07
1.09677419354838701e+01,1.39076290306644205e-07,1.26310599120749179e-07,1.51841981492539231e-07
1.09727431857964497e+01,1.38382483301428513e-07,1.25686501223813338e-07,1.51078465379043688e-07
1.09777444361090275e+01,1.37692137417722881e-07,1.25065566149261767e-07,1.50318708686183995e-07
1.09827456864216053e+01,1.37005235389985093e-07,1.24447777634096794e-07,1.49562693145873392e-07
1.09877469367341831e+01,1.36321760038795192e-07,1.23833119496607532e-07,1.48810400580982852e-07
1.09927481870467609e+01,1.35641694270425691e-07,1.23221575635982840e-07,1.48061812904868541e-07
1.09977494373593387e+01,1.34965021076414192e-07,1.22613130031927063e-07,1.47316912120901320e-07
1.10027506876719183e+01,1.34291723533137833e-07,1.22007766744277463e-07,1.46575680321998204e-07
1.10077519379844961e+01,1.33621784801391200e-07,1.21405469912625010e-07,1.45838099690157390e-07
1.10127531882970739e+01,1.32955188125963893e-07,1.20806223755935154e-07,1.45104152495992632e-07
1.10177544386096518e+01,1.32291916835222361e-07,1.20210012572172456e-07,1.44373821098272265e-07
1.10227556889222296e+01,1.31631954340693131e-07,1.19616820737926806e-07,1.43647087943459456e-07
1.10277569392348092e+01,1.30975284136647502e-07,1.19026632708040994e-07,1.42923935565254010e-07
1.10327581895473870e+01,1.30321889799690094e-07,1.18439433015242161e-07,1.42204346584138040e-07
1.10377594398599648e+01,1.29671754988346530e-07,1.17855206269772276e-07,1.41488303706920797e-07
1.10427606901725426e+01,1.29024863442656015e-07,1.17273937159023360e-07,1.40775789726288684e-07
1.10477619404851204e+01,1.28381198983764361e-07,1.16695610447173286e-07,1.40066787520355422e-07
1.10527631907977000e+01,1.27740745513519528e-07,1.16120210974823846e-07,1.39361280052215197e-07
1.10577644411102778e+01,1.27103487014069631e-07,1.15547723658641131e-07,1.38659250369498143e-07
1.10627656914228556e+01,1.26469407547461468e-07,1.14978133490996616e-07,1.37960681603926320e-07
1.10677669417354334e+01,1.25838491255242631e-07,1.14411425539611456e-07,1.37265556970873807e-07
1.10727681920480112e+01,1.25210722358065013e-07,1.13847584947202165e-07,1.36573859768927861e-07
1.10777694423605890e+01,1.24586085155290142e-07,1.13286596931127918e-07,1.35885573379452353e-07
1.10827706926731686e+01,1.23964564024596294e-07,1.12728446783039746e-07,1.35200681266152841e-07
1.10877719429857464e+01,1.23346143421589064e-07,1.12173119868532618e-07,1.34519166974645510e-07
1.10927731932983242e+01,1.22730807879411050e-07,1.11620601626797008e-07,1.33841014132025078e-07
1.10977744436109020e+01,1.22118542008356234e-07,1.11070877570274573e-07,1.33166206446437895e-07
1.11027756939234798e+01,1.21509330495484905e-07,1.10523933284314470e-07,1.32494727706655327e-07
1.11077769442360594e+01,1.20903158104240531e-07,1.09979754426831341e-07,1.31826561781649735e-07
1.11127781945486372e+01,1.20300009674069684e-07,1.09438326727966196e-07,1.31161692620173186e-07
1.11177794448612151e+01,1.19699870120041746e-07,1.08899635989746976e-07,1.30500104250336528e-07
1.11227806951737929e+01,1.19102724432472361e-07,1.08363668085752600e-07,1.29841780779192121e-07
1.11277819454863707e+01,1.18508557676548270e-07,1.07830408960778187e-07,1.29186706392318367e-07
1.11327831957989503e+01,1.17917354991953373e-07,1.07299844630501420e-07,1.28534865353405326e-07
1.11377844461115281e+01,1.17329101592498210e-07,1.06771961181151908e-07,1.27886242003844513e-07
1.11427856964241059e+01,1.16743782765748826e-07,1.06246744769180081e-07,1.27240820762317585e-07
1.11477869467366837e+01,1.16161383872659879e-07,1.05724181620929740e-07,1.26598586124390006e-07
1.11527881970492615e+01,1.15581890347208328e-07,1.05204258032311240e-07,1.25959522662105416e-07
1.11577894473618393e+01,1.15005287696029246e-07,1.04686960368476356e-07,1.25323615023582136e-07
1.11627906976744189e+01,1.14431561498053213e-07,1.04172275063494787e-07,1.24690847932611639e-07
1.11677919479869967e+01,1.13860697404146579e-07,1.03660188620032905e-07,1.24061206188260240e-07
1.11727931982995745e+01,1.13292681136751393e-07,1.03150687609032370e-07,1.23434674664470403e-07
1.11777944486121523e+01,1.12727498489529279e-07,1.02643758669392137e-07,1.22811238309666421e-07
1.11827956989247301e+01,1.12165135327005962e-07,1.02139388507650923e-07,1.22190882146361001e-07
1.11877969492373097e+01,1.11605577584217749e-07,1.01637563897671558e-07,1.21573591270763928e-07
1.11927981995498875e+01,1.11048811266360462e-07,1.01138271680327221e-07,1.20959350852393703e-07
1.11977994498624653e+01,1.10494822448438460e-07,1.00641498763187817e-07,1.20348146133689103e-07
1.12028007001750431e+01,1.09943597274917118e-07,1.00147232120209405e-07,1.19739962429624832e-07
1.12078019504876210e+01,1.09395121959376340e-07,9.96554587914243559e-08,1.19134785127328324e-07
1.12128032008002005e+01,1.08849382784165507e-07,9.91661658826327551e-08,1.18532599685698259e-07
1.12178044511127784e+01,1.08306366100061334e-07,9.86793405650963323e-08,1.17933391635026335e-07
1.12228057014253562e+01,1.07766058325925399e-07,9.81949700752320210e-08,1.17337146576618778e-07
1.12278069517379340e+01,1.07228445948365231e-07,9.77130417143085086e-08,1.16743850182421954e-07
1.12328082020505118e+01,1.06693515521396401e-07,9.72335428481437138e-08,1.16153488194649089e-07
1.12378094523630914e+01,1.06161253666106033e-07,9.67564609068032952e-08,1.15566046425408770e-07
1.12428107026756692e+01,1.05631647070318921e-07,9.62817833843014374e-08,1.14981510756336404e-07
1.12478119529882470e+01,1.05104682488263710e-07,9.58094978383016497e-08,1.14399867138225771e-07
1.12528132033008248e+01,1.04580346740242314e-07,9.53395918898201853e-08,1.13821101590664443e-07
1.12578144536134026e+01,1.04058626712300299e-07,9.48720532229303213e-08,1.13245200201670276e-07
1.12628157039259804e+01,1.03539509355898818e-07,9.44068695844678818e-08,1.12672149127329754e-07
1.12678169542385600e+01,1.03022981687588265e-07,9.39440287837381386e-08,1.12101934591438392e-07
1.12728182045511378e+01,1.02509030788684287e-07,9.34835186922246964e-08,1.11534542885143877e-07
1.12778194548637156e+01,1.01997643804943734e-07,9.30253272432982192e-08,1.10969960366589250e-07
1.12828207051762934e+01,1.01488807946243896e-07,9.25694424319279097e-08,1.10408173460559882e-07
1.12878219554888712e+01,1.00982510486262564e-07,9.21158523143936243e-08,1.09849168658131505e-07
1.12928232058014508e+01,1.00478738762159609e-07,9.16645450079992049e-08,1.09292932516320013e-07
1.12978244561140286e+01,9.99774801742609915e-08,9.12155086907877572e-08,1.08739451657734226e-07
1.13028257064266064e+01,9.94787221857427557e-08,9.07687316012569282e-08,1.08188712770228583e-07
1.13078269567391843e+01,9.89824523223182092e-08,9.03242020380767385e-08,1.07640702606559680e-07
1.13128282070517621e+01,9.84886581719257774e-08,8.98819083598078641e-08,1.07095407984043691e-07
1.13178294573643416e+01,9.79973273844185137e-08,8.94418389846213884e-08,1.06552815784215639e-07
1.13228307076769195e+01,9.75084476712560039e-08,8.90039823900203522e-08,1.06012912952491656e-07
1.13278319579894973e+01,9.70220068051959407e-08,8.85683271125610282e-08,1.05475686497830853e-07
1.13328332083020751e+01,9.65379926199891652e-08,8.81348617475769460e-08,1.04941123492401384e-07
1.13378344586146529e+01,9.60563930100752778e-08,8.77035749489034613e-08,1.04409211071247094e-07
1.13428357089272307e+01,9.55771959302798768e-08,8.72744554286034233e-08,1.03879936431956330e-07
1.13478369592398103e+01,9.51003893955132264e-08,8.68474919566941383e-08,1.03353286834332314e-07
1.13528382095523881e+01,9.46259614804712276e-08,8.64226733608760684e-08,1.02829249600066387e-07
1.13578394598649659e+01,9.41539003193362305e-08,8.59999885262613438e-08,1.02307812112411117e-07
1.13628407101775437e+01,9.36841941054809692e-08,8.55794263951047635e-08,1.01788961815857175e-07
1.13678419604901215e+01,9.32168310911731864e-08,8.51609759665353922e-08,1.01272686215810981e-07
1.13728432108027011e+01,9.27517995872816858e-08,8.47446262962891491e-08,1.00758972878274222e-07
1.13778444611152789e+01,9.22890879629847148e-08,8.43303664964433425e-08,1.00247809429526087e-07
1.13828457114278567e+01,9.18286846454781485e-08,8.39181857351508470e-08,9.97391835558054501e-08
1.13878469617404345e+01,9.13705781196867704e-08,8.35080732363769012e-08,9.92330830029966397e-08
1.13928482120530123e+01,9.09147569279760829e-08,8.31000182796361572e-08,9.87294955763160085e-08
1.13978494623655919e+01,9.04612096698657582e-08,8.26940101997310265e-08,9.82284091400004899e-08
1.14028507126781697e+01,9.00099250017451286e-08,8.22900383864917469e-08,9.77298116169985104e-08
1.14078519629907476e+01,8.95608916365885962e-08,8.18880922845160654e-08,9.72336909886611271e-08
1.14128532133033254e+01,8.91140983436740210e-08,8.14881613929114890e-08,9.67400352944365530e-08
1.14178544636159032e+01,8.86695339483016778e-08,8.10902352650378920e-08,9.62488326315654637e-08
1.14228557139284810e+01,8.82271873315149609e-08,8.06943035082514081e-08,9.57600711547785137e-08
1.14278569642410606e+01,8.77870474298220406e-08,8.03003557836490632e-08,9.52737390759950180e-08
1.14328582145536384e+01,8.73491032349199159e-08,7.99083818058153800e-08,9.47898246640244519e-08
1.14378594648662162e+01,8.69133437934182157e-08,7.95183713425685328e-08,9.43083162442678986e-08
1.14428607151787940e+01,8.64797582065657923e-08,7.91303142147087656e-08,9.38292021984228189e-08
1.14478619654913718e+01,8.60483356299782150e-08,7.87442002957676174e-08,9.33524709641888125e-08
1.14528632158039514e+01,8.56190652733663359e-08,7.83600195117577035e-08,9.28781110349749684e-08
1.14578644661165292e+01,8.51919364002670791e-08,7.79777618409244551e-08,9.24061109596097031e-08
1.14628657164291070e+01,8.47669383277740705e-08,7.75974173134974624e-08,9.19364593420506787e-08
1.14678669667416848e+01,8.43440604262711141e-08,7.72189760114442262e-08,9.14691448410980021e-08
1.14728682170542626e+01,8.39232921191661837e-08,7.68424280682240949e-08,9.10041561701082725e-08
1.14778694673668422e+01,8.35046228826268707e-08,7.64677636685434853e-08,9.05414820967102561e-08
1.14828707176794200e+01,8.30880422453177776e-08,7.60949730481124926e-08,9.00811114425230625e-08
1.14878719679919978e+01,8.26735397881377389e-08,7.57240464934012364e-08,8.96230330828742414e-08
1.14928732183045756e+01,8.22611051439599412e-08,7.53549743413986680e-08,8.91672359465212144e-08
1.14978744686171535e+01,8.18507279973724927e-08,7.49877469793714969e-08,8.87137090153734886e-08
1.15028757189297313e+01,8.14423980844204355e-08,7.46223548446243215e-08,8.82624413242165494e-08
1.15078769692423108e+01,8.10361051923490547e-08,7.42587884242606470e-08,8.78134219604374625e-08
1.15128782195548887e+01,8.06318391593489089e-08,7.38970382549453718e-08,8.73666400637524461e-08
1.15178794698674665e+01,8.02295898743010049e-08,7.35370949226671153e-08,8.69220848259348945e-08
1.15228807201800443e+01,7.98293472765244351e-08,7.31789490625026373e-08,8.64797454905462329e-08
1.15278819704926221e+01,7.94311013555246500e-08,7.28225913583816269e-08,8.60396113526676732e-08
1.15328832208052017e+01,7.90348421507430939e-08,7.24680125428525646e-08,8.56016717586336231e-08
1.15378844711177795e+01,7.86405597513085074e-08,7.21152033968498410e-08,8.51659161057671739e-08
1.15428857214303573e+01,7.82482442957884302e-08,7.17641547494609020e-08,8.47323338421159583e-08
1.15478869717429351e+01,7.78578859719430707e-08,7.14148574776953797e-08,8.43009144661907618e-08
1.15528882220555129e+01,7.74694750164797734e-08,7.10673025062545401e-08,8.38716475267050066e-08
1.15578894723680925e+01,7.70830017148087680e-08,7.07214808073016717e-08,8.34445226223158643e-08
1.15628907226806703e+01,7.66984564008008129e-08,7.03773834002341271e-08,8.30195294013674988e-08
1.15678919729932481e+01,7.63158294565445862e-08,7.00350013514547834e-08,8.25966575616343889e-08
1.15728932233058259e+01,7.59351113121067763e-08,6.96943257741459107e-08,8.21758968500676420e-08
1.15778944736184037e+01,7.55562924452926109e-08,6.93553478280431860e-08,8.17572370625420358e-08
1.15828957239309833e+01,7.51793633814076411e-08,6.90180587192106876e-08,8.13406680436045947e-08
1.15878969742435611e+01,7.48043146930212215e-08,6.86824496998171454e-08,8.09261796862252976e-08
1.15928982245561389e+01,7.44311369997301213e-08,6.83485120679123906e-08,8.05137619315478520e-08
1.15978994748687168e+01,7.40598209679243730e-08,6.80162371672053009e-08,8.01034047686434451e-08
1.16029007251812946e+01,7.36903573105537822e-08,6.76856163868424862e-08,7.96950982342650782e-08
1.16079019754938724e+01,7.33227367868956026e-08,6.73566411611876636e-08,7.92888324126035415e-08
1.16129032258064520e+01,7.29569502023234809e-08,6.70293029696020636e-08,7.88845974350448983e-08
1.16179044761190298e+01,7.25929884080779116e-08,6.67035933362260811e-08,7.84823834799297420e-08
1.16229057264316076e+01,7.22308423010366900e-08,6.63795038297606616e-08,7.80821807723127184e-08
1.16279069767441854e+01,7.18705028234878687e-08,6.60570260632508971e-08,7.76839795837248404e-08
1.16329082270567632e+01,7.15119609629030038e-08,6.57361516938695701e-08,7.72877702319364374e-08
1.16379094773693428e+01,7.11552077517117776e-08,6.54168724227019803e-08,7.68935430807215749e-08
1.16429107276819206e+01,7.08002342670781179e-08,6.50991799945317246e-08,7.65012885396245112e-08
1.16479119779944984e+01,7.04470316306764353e-08,6.47830661976266763e-08,7.61109970637261943e-08
1.16529132283070762e+01,7.00955910084699918e-08,6.44685228635265114e-08,7.57226591534134722e-08
1.16579144786196540e+01,6.97459036104899310e-08,6.41555418668307788e-08,7.53362653541490832e-08
1.16629157289322336e+01,6.93979606906153145e-08,6.38441151249878039e-08,7.49518062562428251e-08
1.16679169792448114e+01,6.90517535463548915e-08,6.35342345980847695e-08,7.45692724946250135e-08
1.16729182295573892e+01,6.87072735186287763e-08,6.32258922886378507e-08,7.41886547486197020e-08
1.16779194798699670e+01,6.83645119915523224e-08,6.29190802413839634e-08,7.38099437417206814e-08
1.16829207301825448e+01,6.80234603922206319e-08,6.26137905430730697e-08,7.34331302413681941e-08
1.16879219804951227e+01,6.76841101904940581e-08,6.23100153222611045e-08,7.30582050587270117e-08
1.16929232308077022e+01,6.73464528987848983e-08,6.20077467491040141e-08,7.26851590484657824e-08
1.16979244811202800e+01,6.70104800718455166e-08,6.17069770351527877e-08,7.23139831085382454e-08
1.17029257314328579e+01,6.66761833065564534e-08,6.14076984331484089e-08,7.19446681799644979e-08
1.17079269817454357e+01,6.63435542417167715e-08,6.11099032368186345e-08,7.15772052466149086e-08
1.17129282320580135e+01,6.60125845578349317e-08,6.08135837806752088e-08,7.12115853349946545e-08
1.17179294823705931e+01,6.56832659769204089e-08,6.05187324398115559e-08,7.08477995140292619e-08
1.17229307326831709e+01,6.53555902622773743e-08,6.02253416297021381e-08,7.04858388948526105e-08
1.17279319829957487e+01,6.50295492182978597e-08,5.99334038060013652e-08,7.01256946305943543e-08
1.17329332333083265e+01,6.47051346902573850e-08,5.96429114643444492e-08,6.97673579161703208e-08
1.17379344836209043e+01,6.43823385641107963e-08,5.93538571401484443e-08,6.94108199880731483e-08
1.17429357339334839e+01,6.40611527662893752e-08,5.90662334084142128e-08,6.90560721241645377e-08
1.17479369842460617e+01,6.37415692634992056e-08,5.87800328835294905e-08,6.87031056434689206e-08
1.17529382345586395e+01,6.34235800625198041e-08,5.84952482190719577e-08,6.83519119059676438e-08
1.17579394848712173e+01,6.31071772100045253e-08,5.82118721076139388e-08,6.80024823123951118e-08
1.17629407351837951e+01,6.27923527922816412e-08,5.79298972805274589e-08,6.76548083040358169e-08
1.17679419854963729e+01,6.24790989351563605e-08,5.76493165077901014e-08,6.73088813625226262e-08
1.17729432358089525e+01,6.21674078037139063e-08,5.73701225977916987e-08,6.69646930096361140e-08
1.17779444861215303e+01,6.18572716021239316e-08,5.70923083971421357e-08,6.66222348071057210e-08
1.17829457364341081e+01,6.15486825734449204e-08,5.68158667904789671e-08,6.62814983564108737e-08
1.17879469867466860e+01,6.12416329994306538e-08,5.65407907002768815e-08,6.59424752985844327e-08
1.17929482370592638e+01,6.09361152003371398e-08,5.62670730866574033e-08,6.56051573140168696e-08
1.17979494873718433e+01,6.06321215347303234e-08,5.59947069471992437e-08,6.52695361222614097e-08
1.18029507376844212e+01,6.03296443992955042e-08,5.57236853167500472e-08,6.49356034818409612e-08
1.18079519879969990e+01,6.00286762286465687e-08,5.54540012672379470e-08,6.46033511900551903e-08
1.18129532383095768e+01,5.97292094951371679e-08,5.51856479074846748e-08,6.42727710827896610e-08
1.18179544886221546e+01,5.94312367086723590e-08,5.49186183830190882e-08,6.39438550343256364e-08
1.18229557389347342e+01,5.91347504165212515e-08,5.46529058758914583e-08,6.36165949571510448e-08
1.18279569892473120e+01,5.88397432031309517e-08,5.43885036044888433e-08,6.32909828017730602e-08
1.18329582395598898e+01,5.85462076899406056e-08,5.41254048233504947e-08,6.29670105565307099e-08
1.18379594898724676e+01,5.82541365351971494e-08,5.38636028229846932e-08,6.26446702474096122e-08
1.18429607401850454e+01,5.79635224337717350e-08,5.36030909296860674e-08,6.23239539378574027e-08
1.18479619904976250e+01,5.76743581169768373e-08,5.33438625053535612e-08,6.20048537286001135e-08
1.18529632408102028e+01,5.73866363523849755e-08,5.30859109473096383e-08,6.16873617574603126e-08
1.18579644911227806e+01,5.71003499436471371e-08,5.28292296881192296e-08,6.13714701991750446e-08
1.18629657414353584e+01,5.68154917303133198e-08,5.25738121954104987e-08,6.10571712652161408e-08
1.18679669917479362e+01,5.65320545876532247e-08,5.23196519716956492e-08,6.07444572036108068e-08
1.18729682420605140e+01,5.62500314264782541e-08,5.20667425541928549e-08,6.04333202987636533e-08
1.18779694923730936e+01,5.59694151929639452e-08,5.18150775146484961e-08,6.01237528712794010e-08
1.18829707426856714e+01,5.56901988684741053e-08,5.15646504591608838e-08,5.98157472777873335e-08
1.18879719929982492e+01,5.54123754693845821e-08,5.13154550280035670e-08,5.95092959107655972e-08
1.18929732433108271e+01,5.51359380469090932e-08,5.10674848954504610e-08,5.92043911983677254e-08
1.18979744936234049e+01,5.48608796869253057e-08,5.08207337696010927e-08,5.89010256042495187e-08
1.19029757439359845e+01,5.45871935098018568e-08,5.05751953922066887e-08,5.85991916273970249e-08
1.19079769942485623e+01,5.43148726702266242e-08,5.03308635384972871e-08,5.82988818019559614e-08
1.19129782445611401e+01,5.40439103570350564e-08,5.00877320170088969e-08,5.80000886970612159e-08
1.19179794948737179e+01,5.37742997930401307e-08,4.98457946694119934e-08,5.77028049166682680e-08
1.19229807451862957e+01,5.35060342348628476e-08,4.96050453703405303e-08,5.74070230993851648e-08
1.19279819954988753e+01,5.32391069727634261e-08,4.93654780272215007e-08,5.71127359183053516e-08
1.19329832458114531e+01,5.29735113304739159e-08,4.91270865801056825e-08,5.68199360808421493e-08
1.19379844961240309e+01,5.27092406650306630e-08,4.88898650014982785e-08,5.65286163285630474e-08
1.19429857464366087e+01,5.24462883666085562e-08,4.86538072961910846e-08,5.62387694370260278e-08
1.19479869967491865e+01,5.21846478583556176e-08,4.84189075010949227e-08,5.59503882156163124e-08
1.19529882470617643e+01,5.19243125962285454e-08,4.81851596850728747e-08,5.56634655073842162e-08
1.19579894973743439e+01,5.16652760688289461e-08,4.79525579487741645e-08,5.53779941888837276e-08
1.19629907476869217e+01,5.14075317972408621e-08,4.77210964244690864e-08,5.50939671700126378e-08
1.19679919979994995e+01,5.11510733348682216e-08,4.74907692758838991e-08,5.48113773938525440e-08
1.19729932483120773e+01,5.08958942672739414e-08,4.72615706980371306e-08,5.45302178365107522e-08
1.19779944986246552e+01,5.06419882120194280e-08,4.70334949170762460e-08,5.42504815069626099e-08
1.19829957489372347e+01,5.03893488185048980e-08,4.68065361901149977e-08,5.39721614468947982e-08
1.19879969992498125e+01,5.01379697678108710e-08,4.65806888050718269e-08,5.36952507305499150e-08
1.19929982495623904e+01,4.98878447725396749e-08,4.63559470805082396e-08,5.34197424645711101e-08
1.19979994998749682e+01,4.96389675766584801e-08,4.61323053654685253e-08,5.31456297878484349e-08
1.20030007501875460e+01,4.93913319553428103e-08,4.59097580393199256e-08,5.28729058713656950e-08
1.20080020005001256e+01,4.91449317148207480e-08,4.56882995115933662e-08,5.26015639180481298e-08
1.20130032508127034e+01,4.88997606922184234e-08,4.54679242218253519e-08,5.23315971626114949e-08
1.20180045011252812e+01,4.86558127554053124e-08,4.52486266393996718e-08,5.20629988714109529e-08
1.20230057514378590e+01,4.84130818028412606e-08,4.50304012633906180e-08,5.17957623422919031e-08
1.20280070017504368e+01,4.81715617634238125e-08,4.48132426224065363e-08,5.15298809044410886e-08
1.20330082520630146e+01,4.79312465963363609e-08,4.45971452744340184e-08,5.12653479182387034e-08
1.20380095023755942e+01,4.76921302908969581e-08,4.43821038066827491e-08,5.10021567751111671e-08
1.20430107526881720e+01,4.74542068664084111e-08,4.41681128354314792e-08,5.07403008973853430e-08
1.20480120030007498e+01,4.72174703720081382e-08,4.39551670058737723e-08,5.04797737381425041e-08
1.20530132533133276e+01,4.69819148865197000e-08,4.37432609919652676e-08,5.02205687810741324e-08
1.20580145036259054e+01,4.67475345183046284e-08,4.35323894962712144e-08,4.99626795403380425e-08
1.20630157539384850e+01,4.65143234051150096e-08,4.33225472498146675e-08,4.97060995604153517e-08
1.20680170042510628e+01,4.62822757139472253e-08,4.31137290119257684e-08,4.94508224159686822e-08
1.20730182545636406e+01,4.60513856408955154e-08,4.29059295700908013e-08,4.91968417117002295e-08
1.20780195048762184e+01,4.58216474110072147e-08,4.26991437398028377e-08,4.89441510822115917e-08
1.20830207551887963e+01,4.55930552781382280e-08,4.24933663644125457e-08,4.86927441918639102e-08
1.20880220055013758e+01,4.53656035248092394e-08,4.22885923149797344e-08,4.84426147346387444e-08
1.20930232558139537e+01,4.51392864620630471e-08,4.20848164901258114e-08,4.81937564340002827e-08
1.20980245061265315e+01,4.49140984293217852e-08,4.18820338158863130e-08,4.79461630427572574e-08
1.21030257564391093e+01,4.46900337942457472e-08,4.16802392455647115e-08,4.76998283429267829e-08
1.21080270067516871e+01,4.44670869525923352e-08,4.14794277595865008e-08,4.74547461455981697e-08
1.21130282570642649e+01,4.42452523280760150e-08,4.12795943653541219e-08,4.72109102907979081e-08
1.21180295073768445e+01,4.40245243722286941e-08,4.10807340971023122e-08,4.69683146473550761e-08
1.21230307576894223e+01,4.38048975642613254e-08,4.08828420157545734e-08,4.67269531127680774e-08
1.21280320080020001e+01,4.35863664109253238e-08,4.06859132087795196e-08,4.64868196130711279e-08
1.21330332583145779e+01,4.33689254463755589e-08,4.04899427900486092e-08,4.62479081027025087e-08
1.21380345086271557e+01,4.31525692320334801e-08,4.02949258996941010e-08,4.60102125643728592e-08
1.21430357589397353e+01,4.29372923564511409e-08,4.01008577039677593e-08,4.57737270089345225e-08
1.21480370092523131e+01,4.27230894351760774e-08,3.99077333951004505e-08,4.55384454752517043e-08
1.21530382595648909e+01,4.25099551106162597e-08,3.97155481911617353e-08,4.53043620300707841e-08
1.21580395098774687e+01,4.22978840519063266e-08,3.95242973359207359e-08,4.50714707678919174e-08
1.21630407601900465e+01,4.20868709547742575e-08,3.93339760987073755e-08,4.48397658108411396e-08
1.21680420105026261e+01,4.18769105414086131e-08,3.91445797742741726e-08,4.46092413085430536e-08
1.21730432608152039e+01,4.16679975603268417e-08,3.89561036826590616e-08,4.43798914379946219e-08
1.21780445111277817e+01,4.14601267862434928e-08,3.87685431690481071e-08,4.41517104034388786e-08
1.21830457614403596e+01,4.12532930199398269e-08,3.85818936036395948e-08,4.39246924362400589e-08
1.21880470117529374e+01,4.10474910881337231e-08,3.83961503815083411e-08,4.36988317947591051e-08
1.21930482620655170e+01,4.08427158433502356e-08,3.82113089224706969e-08,4.34741227642297743e-08
1.21980495123780948e+01,4.06389621637931353e-08,3.80273646709504384e-08,4.32505596566358322e-08
1.22030507626906726e+01,4.04362249532163532e-08,3.78443130958446385e-08,4.30281368105880678e-08
1.22080520130032504e+01,4.02344991407968589e-08,3.76621496903908874e-08,4.28068485912028304e-08
1.22130532633158282e+01,4.00337796810077848e-08,3.74808699720347058e-08,4.25866893899808639e-08
1.22180545136284060e+01,3.98340615534921449e-08,3.73004694822976456e-08,4.23676536246866443e-08
1.22230557639409856e+01,3.96353397629373352e-08,3.71209437866460729e-08,4.21497357392285975e-08
1.22280570142535634e+01,3.94376093389503618e-08,3.69422884743606652e-08,4.19329302035400583e-08
1.22330582645661412e+01,3.92408653359332144e-08,3.67644991584061141e-08,4.17172315134603147e-08
1.22380595148787190e+01,3.90451028329594048e-08,3.65875714753019194e-08,4.15026341906168903e-08
1.22430607651912968e+01,3.88503169336508163e-08,3.64115010849935013e-08,4.12891327823081313e-08
1.22480620155038764e+01,3.86565027660552211e-08,3.62362836707239742e-08,4.10767218613864680e-08
1.22530632658164542e+01,3.84636554825246719e-08,3.60619149389067941e-08,4.08653960261425497e-08
1.22580645161290320e+01,3.82717702595938928e-08,3.58883906189984252e-08,4.06551499001893604e-08
1.22630657664416098e+01,3.80808422978598485e-08,3.57157064633721325e-08,4.04459781323475645e-08
1.22680670167541876e+01,3.78908668218617372e-08,3.55438582471922239e-08,4.02378753965312506e-08
1.22730682670667672e+01,3.77018390799614197e-08,3.53728417682887551e-08,4.00308363916340843e-08
1.22780695173793450e+01,3.75137543442248611e-08,3.52026528470331814e-08,3.98248558414165408e-08
1.22830707676919229e+01,3.73266079103035335e-08,3.50332873262140558e-08,3.96199284943930113e-08
1.22880720180045007e+01,3.71403950973169691e-08,3.48647410709138184e-08,3.94160491237201199e-08
1.22930732683170785e+01,3.69551112477356450e-08,3.46970099683859572e-08,3.92132125270853327e-08
1.22980745186296563e+01,3.67707517272645223e-08,3.45300899279328166e-08,3.90114135265962279e-08
1.23030757689422359e+01,3.65873119247270429e-08,3.43639768807838897e-08,3.88106469686701960e-08
1.23080770192548137e+01,3.64047872519500848e-08,3.41986667799750298e-08,3.86109077239251399e-08
1.23130782695673915e+01,3.62231731436488321e-08,3.40341556002276688e-08,3.84121906870699954e-08
1.23180795198799693e+01,3.60424650573128354e-08,3.38704393378291740e-08,3.82144907767964968e-08
1.23230807701925471e+01,3.58626584730923509e-08,3.37075140105135024e-08,3.80178029356711995e-08
1.23280820205051267e+01,3.56837488936852286e-08,3.35453756573424704e-08,3.78221221300279867e-08
1.23330832708177045e+01,3.55057318442247128e-08,3.33840203385878709e-08,3.76274433498615547e-08
1.23380845211302823e+01,3.53286028721671052e-08,3.32234441356135500e-08,3.74337616087206605e-08
1.23430857714428601e+01,3.51523575471807038e-08,3.30636431507587285e-08,3.72410719436026791e-08
1.23480870217554379e+01,3.49769914610349145e-08,3.29046135072215283e-08,3.70493694148483007e-08
1.23530882720680175e+01,3.48025002274899185e-08,3.27463513489430943e-08,3.68586491060367426e-08
1.23580895223805953e+01,3.46288794821872726e-08,3.25888528404926029e-08,3.66689061238819422e-08
1.23630907726931731e+01,3.44561248825403376e-08,3.24321141669522507e-08,3.64801355981284244e-08
1.23680920230057509e+01,3.42842321076259442e-08,3.22761315338033623e-08,3.62923326814485261e-08
1.23730932733183288e+01,3.41131968580762770e-08,3.21209011668128208e-08,3.61054925493397332e-08
1.23780945236309066e+01,3.39430148559712950e-08,3.19664193119200758e-08,3.59196104000225141e-08
1.23830957739434862e+01,3.37736818447317269e-08,3.18126822351246726e-08,3.57346814543387813e-08
1.23880970242560640e+01,3.36051935890128422e-08,3.16596862223746627e-08,3.55507009556510216e-08
1.23930982745686418e+01,3.34375458745981674e-08,3.15074275794549672e-08,3.53676641697413675e-08
1.23980995248812196e+01,3.32707345082943289e-08,3.13559026318768856e-08,3.51855663847117723e-08
1.24031007751937974e+01,3.31047553178260936e-08,3.12051077247678291e-08,3.50044029108843582e-08
1.24081020255063770e+01,3.29396041517320115e-08,3.10550392227617027e-08,3.48241690807023203e-08
1.24131032758189548e+01,3.27752768792607867e-08,3.09056935098900283e-08,3.46448602486315450e-08
1.24181045261315326e+01,3.26117693902676018e-08,3.07570669894731079e-08,3.44664717910620957e-08
1.24231057764441104e+01,3.24490775951116139e-08,3.06091560840123240e-08,3.42889991062109037e-08
1.24281070267566882e+01,3.22871974245535428e-08,3.04619572350825873e-08,3.41124376140244984e-08
1.24331082770692678e+01,3.21261248296539148e-08,3.03154669032255432e-08,3.39367827560822863e-08
1.24381095273818456e+01,3.19658557816719675e-08,3.01696815678433298e-08,3.37620299955006051e-08
1.24431107776944234e+01,3.18063862719645555e-08,3.00245977270925589e-08,3.35881748168365522e-08
1.24481120280070012e+01,3.16477123118861611e-08,2.98802118977792979e-08,3.34152127259930242e-08
1.24531132783195790e+01,3.14898299326890427e-08,2.97365206152542788e-08,3.32431392501238099e-08
1.24581145286321568e+01,3.13327351854239940e-08,2.95935204333087694e-08,3.30719499375392186e-08
1.24631157789447364e+01,3.11764241408415119e-08,2.94512079240708949e-08,3.29016403576121323e-08
1.24681170292573142e+01,3.10208928892937526e-08,2.93095796779027293e-08,3.27322061006847726e-08
1.24731182795698921e+01,3.08661375406364279e-08,2.91686323032974876e-08,3.25636427779753682e-08
1.24781195298824699e+01,3.07121542241317141e-08,2.90283624267776496e-08,3.23959460214857819e-08
1.24831207801950477e+01,3.05589390883513991e-08,2.88887666927934419e-08,3.22291114839093562e-08
1.24881220305076273e+01,3.04064883010805125e-08,2.87498417636218294e-08,3.20631348385391957e-08
1.24931232808202051e+01,3.02547980492216838e-08,2.86115843192662573e-08,3.18980117791771104e-08
1.24981245311327829e+01,3.01038645386994341e-08,2.84739910573564236e-08,3.17337380200424413e-08
1.25031257814453607e+01,2.99536839943655599e-08,2.83370586930491332e-08,3.15703092956819899e-08
1.25081270317579385e+01,2.98042526599045899e-08,2.82007839589293042e-08,3.14077213608798756e-08
1.25131282820705181e+01,2.96555667977398334e-08,2.80651636049116225e-08,3.12459699905680410e-08
1.25181295323830959e+01,2.95076226889401079e-08,2.79301943981428820e-08,3.10850509797373339e-08
1.25231307826956737e+01,2.93604166331263799e-08,2.77958731229043305e-08,3.09249601433484293e-08
1.25281320330082515e+01,2.92139449483794614e-08,2.76621965805151184e-08,3.07656933162438045e-08
1.25331332833208293e+01,2.90682039711478623e-08,2.75291615892359084e-08,3.06072463530598129e-08
1.25381345336334089e+01,2.89231900561561185e-08,2.73967649841730719e-08,3.04496151281391618e-08
1.25431357839459867e+01,2.87788995763137959e-08,2.72650036171835497e-08,3.02927955354440388e-08
1.25481370342585645e+01,2.86353289226245067e-08,2.71338743567798523e-08,3.01367834884691644e-08
1.25531382845711423e+01,2.84924745040958331e-08,2.70033740880359430e-08,2.99815749201557266e-08
1.25581395348837201e+01,2.83503327476494556e-08,2.68734997124934322e-08,2.98271657828054789e-08
1.25631407851962980e+01,2.82089000980318239e-08,2.67442481480683413e-08,2.96735520479953065e-08
1.25681420355088775e+01,2.80681730177251330e-08,2.66156163289582367e-08,2.95207297064920294e-08
1.25731432858214554e+01,2.79281479868591056e-08,2.64876012055502072e-08,2.93686947681680040e-08
1.25781445361340332e+01,2.77888215031226193e-08,2.63601997443287628e-08,2.92174432619164758e-08
1.25831457864466110e+01,2.76501900816763303e-08,2.62334089277847887e-08,2.90669712355678719e-08
1.25881470367591888e+01,2.75122502550654585e-08,2.61072257543246741e-08,2.89172747558062430e-08
1.25931482870717684e+01,2.73749985731330131e-08,2.59816472381799909e-08,2.87683499080860352e-08
1.25981495373843462e+01,2.72384316029337159e-08,2.58566704093178740e-08,2.86201927965495578e-08
1.26031507876969240e+01,2.71025459286478293e-08,2.57322923133514203e-08,2.84727995439442382e-08
1.26081520380095018e+01,2.69673381514959134e-08,2.56085100114510191e-08,2.83261662915408078e-08
1.26131532883220796e+01,2.68328048896538021e-08,2.54853205802559954e-08,2.81802891990516087e-08
1.26181545386346592e+01,2.66989427781679521e-08,2.53627211117866643e-08,2.80351644445492400e-08
1.26231557889472370e+01,2.65657484688714849e-08,2.52407087133571295e-08,2.78907882243858404e-08
1.26281570392598148e+01,2.64332186303001381e-08,2.51192805074880855e-08,2.77471567531121907e-08
1.26331582895723926e+01,2.63013499476091634e-08,2.49984336318205852e-08,2.76042662633977417e-08
1.26381595398849704e+01,2.61701391224903742e-08,2.48781652390300367e-08,2.74621130059507118e-08
1.26431607901975482e+01,2.60395828730896090e-08,2.47584724967406627e-08,2.73206932494385554e-08
1.26481620405101278e+01,2.59096779339246588e-08,2.46393525874404963e-08,2.71800032804088214e-08
1.26531632908227056e+01,2.57804210558037532e-08,2.45208027083969685e-08,2.70400394032105380e-08
1.26581645411352834e+01,2.56518090057440041e-08,2.44028200715725692e-08,2.69007979399154389e-08
1.26631657914478613e+01,2.55238385668907748e-08,2.42854019035414178e-08,2.67622752302401318e-08
1.26681670417604391e+01,2.53965065384371364e-08,2.41685454454060352e-08,2.66244676314682377e-08
1.26731682920730186e+01,2.52698097355437767e-08,2.40522479527146228e-08,2.64873715183729306e-08
1.26781695423855965e+01,2.51437449892595674e-08,2.39365066953790129e-08,2.63509832831401220e-08
1.26831707926981743e+01,2.50183091464419698e-08,2.38213189575926018e-08,2.62152993352913378e-08
1.26881720430107521e+01,2.48934990696783896e-08,2.37066820377492075e-08,2.60803161016075717e-08
1.26931732933233299e+01,2.47693116372076775e-08,2.35925932483621974e-08,2.59460300260531577e-08
1.26981745436359095e+01,2.46457437428419641e-08,2.34790499159839607e-08,2.58124375696999675e-08
1.27031757939484873e+01,2.45227922958891925e-08,2.33660493811261817e-08,2.56795352106522034e-08
1.27081770442610651e+01,2.44004542210755257e-08,2.32535889981800263e-08,2.55473194439710251e-08
1.27131782945736429e+01,2.42787264584686171e-08,2.31416661353372525e-08,2.54157867815999816e-08
1.27181795448862207e+01,2.41576059634010336e-08,2.30302781745115489e-08,2.52849337522905184e-08
1.27231807951987985e+01,2.40370897063941054e-08,2.29194225112603458e-08,2.51547569015278650e-08
1.27281820455113781e+01,2.39171746730821229e-08,2.28090965547070377e-08,2.50252527914572081e-08
1.27331832958239559e+01,2.37978578641371099e-08,2.26992977274638564e-08,2.48964180008103633e-08
1.27381845461365337e+01,2.36791362951935267e-08,2.25900234655547153e-08,2.47682491248323380e-08
1.27431857964491115e+01,2.35610069967738506e-08,2.24812712183390128e-08,2.46407427752086885e-08
1.27481870467616893e+01,2.34434670142142354e-08,2.23730384484355643e-08,2.45138955799929066e-08
1.27531882970742689e+01,2.33265134075905515e-08,2.22653226316469788e-08,2.43877041835341243e-08
1.27581895473868467e+01,2.32101432516450613e-08,2.21581212568847123e-08,2.42621652464054103e-08
1.27631907976994246e+01,2.30943536357129887e-08,2.20514318260941391e-08,2.41372754453318383e-08
1.27681920480120024e+01,2.29791416636498729e-08,2.19452518541803928e-08,2.40130314731193530e-08
1.27731932983245802e+01,2.28645044537591338e-08,2.18395788689345195e-08,2.38894300385837481e-08
1.27781945486371598e+01,2.27504391387199022e-08,2.17344104109599708e-08,2.37664678664798336e-08
1.27831957989497376e+01,2.26369428655155081e-08,2.16297440335997723e-08,2.36441416974312439e-08
1.27881970492623154e+01,2.25240127953618770e-08,2.15255773028637022e-08,2.35224482878600519e-08
1.27931982995748932e+01,2.24116461036366669e-08,2.14219077973562599e-08,2.34013844099170740e-08
1.27981995498874710e+01,2.22998399798086137e-08,2.13187331082048936e-08,2.32809468514123337e-08
1.28032008002000488e+01,2.21885916273672109e-08,2.12160508389886313e-08,2.31611324157457905e-08
1.28082020505126284e+01,2.20778982637527469e-08,2.11138586056671443e-08,2.30419379218383495e-08
1.28132033008252062e+01,2.19677571202868549e-08,2.10121540365103387e-08,2.29233602040633711e-08
1.28182045511377840e+01,2.18581654421030359e-08,2.09109347720280540e-08,2.28053961121780179e-08
1.28232058014503618e+01,2.17491204880779042e-08,2.08101984649004778e-08,2.26880425112553305e-08
1.28282070517629396e+01,2.16406195307626099e-08,2.07099427799088316e-08,2.25712962816163882e-08
1.28332083020755192e+01,2.15326598563145710e-08,2.06101653938664230e-08,2.24551543187627189e-08
1.28382095523880970e+01,2.14252387644297464e-08,2.05108639955502916e-08,2.23396135333092011e-08
1.28432108027006748e+01,2.13183535682748769e-08,2.04120362856328896e-08,2.22246708509168642e-08
1.28482120530132526e+01,2.12120015944204439e-08,2.03136799766145450e-08,2.21103232122263428e-08
1.28532133033258305e+01,2.11061801827737504e-08,2.02157927927560921e-08,2.19965675727914087e-08
1.28582145536384100e+01,2.10008866865123627e-08,2.01183724700119399e-08,2.18834009030127856e-08
1.28632158039509878e+01,2.08961184720180618e-08,2.00214167559636950e-08,2.17708201880724286e-08
1.28682170542635657e+01,2.07918729188107416e-08,1.99249234097538029e-08,2.16588224278676803e-08
1.28732183045761435e+01,2.06881474194830221e-08,1.98288902020199683e-08,2.15474046369460759e-08
1.28782195548887213e+01,2.05849393796350045e-08,1.97333149148297419e-08,2.14365638444402671e-08
1.28832208052013009e+01,2.04822462178093277e-08,1.96381953416155207e-08,2.13262970940031347e-08
1.28882220555138787e+01,2.03800653654267675e-08,1.95435292871101008e-08,2.12166014437434343e-08
1.28932233058264565e+01,2.02783942667217758e-08,1.94493145672822725e-08,2.11074739661612792e-08
1.28982245561390343e+01,2.01772303786786851e-08,1.93555490092730949e-08,2.09989117480842753e-08
1.29032258064516121e+01,2.00765711709680887e-08,1.92622304513324446e-08,2.08909118906037328e-08
1.29082270567641899e+01,1.99764141258835411e-08,1.91693567427559177e-08,2.07834715090111646e-08
1.29132283070767695e+01,1.98767567382785605e-08,1.90769257438220971e-08,2.06765877327350240e-08
1.29182295573893473e+01,1.97775965155041098e-08,1.89849353257303614e-08,2.05702577052778583e-08
1.29232308077019251e+01,1.96789309773460425e-08,1.88933833705387174e-08,2.04644785841533677e-08
1.29282320580145029e+01,1.95807576559632093e-08,1.88022677711023373e-08,2.03592475408240814e-08
1.29332333083270807e+01,1.94830740958257012e-08,1.87115864310123044e-08,2.02545617606390979e-08
1.29382345586396603e+01,1.93858778536533927e-08,1.86213372645347091e-08,2.01504184427720763e-08
1.29432358089522381e+01,1.92891664983549892e-08,1.85315181965502982e-08,2.00468148001596802e-08
1.29482370592648159e+01,1.91929376109669907e-08,1.84421271624941138e-08,1.99437480594398676e-08
1.29532383095773937e+01,1.90971887845933503e-08,1.83531621082958665e-08,1.98412154608908341e-08
1.29582395598899716e+01,1.90019176243452230e-08,1.82646209903204715e-08,1.97392142583699745e-08
1.29632408102025511e+01,1.89071217472810508e-08,1.81765017753089544e-08,1.96377417192531472e-08
1.29682420605151290e+01,1.88127987823470854e-08,1.80888024403198574e-08,1.95367951243743134e-08
1.29732433108277068e+01,1.87189463703178776e-08,1.80015209726706945e-08,1.94363717679650606e-08
1.29782445611402846e+01,1.86255621637374246e-08,1.79146553698800755e-08,1.93364689575947737e-08
1.29832458114528624e+01,1.85326438268604076e-08,1.78282036396099949e-08,1.92370840141108203e-08
1.29882470617654402e+01,1.84401890355937793e-08,1.77421637996085354e-08,1.91382142715790233e-08
1.29932483120780198e+01,1.83481954774385969e-08,1.76565338776528514e-08,1.90398570772243424e-08
1.29982495623905976e+01,1.82566608514323273e-08,1.75713119114926894e-08,1.89420097913719652e-08
1.30032508127031754e+01,1.81655828680910775e-08,1.74864959487938750e-08,1.88446697873882799e-08
1.30082520630157532e+01,1.80749592493524921e-08,1.74020840470825476e-08,1.87478344516224365e-08
1.30132533133283310e+01,1.79847877285187213e-08,1.73180742736894747e-08,1.86515011833479679e-08
1.30182545636409106e+01,1.78950660501997057e-08,1.72344647056947761e-08,1.85556673947046353e-08
1.30232558139534884e+01,1.78057919702568920e-08,1.71512534298730990e-08,1.84603305106406850e-08
1.30282570642660662e+01,1.77169632557469149e-08,1.70684385426388347e-08,1.83654879688549950e-08
1.30332583145786440e+01,1.76285776848658618e-08,1.69860181499919621e-08,1.82711372197397614e-08
1.30382595648912218e+01,1.75406330468937029e-08,1.69039903674640887e-08,1.81772757263233171e-08
1.30432608152038014e+01,1.74531271421389395e-08,1.68223533200647929e-08,1.80839009642130862e-08
1.30482620655163792e+01,1.73660577818837024e-08,1.67411051422284334e-08,1.79910104215389713e-08
1.30532633158289570e+01,1.72794227883288699e-08,1.66602439777610606e-08,1.78986015988966791e-08
1.30582645661415349e+01,1.71932199945396661e-08,1.65797679797878243e-08,1.78066720092915080e-08
1.30632658164541127e+01,1.71074472443914773e-08,1.64996753107006793e-08,1.77152191780822753e-08
1.30682670667666905e+01,1.70221023925158862e-08,1.64199641421063264e-08,1.76242406429254461e-08
1.30732683170792701e+01,1.69371833042470251e-08,1.63406326547745561e-08,1.75337339537194942e-08
1.30782695673918479e+01,1.68526878555682649e-08,1.62616790385869372e-08,1.74436966725495926e-08
1.30832708177044257e+01,1.67686139330589354e-08,1.61831014924856177e-08,1.73541263736322531e-08
1.30882720680170035e+01,1.66849594338415806e-08,1.61048982244226845e-08,1.72650206432604767e-08
1.30932733183295813e+01,1.66017222655293336e-08,1.60270674513097125e-08,1.71763770797489548e-08
1.30982745686421609e+01,1.65189003461735396e-08,1.59496073989675772e-08,1.70881932933795021e-08
1.31032758189547387e+01,1.64364916042118286e-08,1.58725163020767881e-08,1.70004669063468691e-08
1.31082770692673165e+01,1.63544939784161057e-08,1.57957924041277814e-08,1.69131955527044299e-08
1.31132783195798943e+01,1.62729054178411203e-08,1.57194339573718222e-08,1.68263768783104184e-08
1.31182795698924721e+01,1.61917238817731348e-08,1.56434392227720714e-08,1.67400085407741981e-08
1.31232808202050517e+01,1.61109473396788639e-08,1.55678064699549576e-08,1.66540882094027702e-08
1.31282820705176295e+01,1.60305737711548087e-08,1.54925339771619756e-08,1.65686135651476418e-08
1.31332833208302073e+01,1.59506011658765170e-08,1.54176200312014818e-08,1.64835823005515522e-08
1.31382845711427851e+01,1.58710275235484696e-08,1.53430629274011377e-08,1.63989921196958016e-08
1.31432858214553629e+01,1.57918508538539830e-08,1.52688609695604165e-08,1.63148407381475496e-08
1.31482870717679425e+01,1.57130691764054063e-08,1.51950124699034573e-08,1.62311258829073552e-08
1.31532883220805203e+01,1.56346805206947054e-08,1.51215157490323261e-08,1.61478452923570848e-08
1.31582895723930982e+01,1.55566829260440246e-08,1.50483691358803259e-08,1.60649967162077232e-08
1.31632908227056760e+01,1.54790744415567365e-08,1.49755709676658144e-08,1.59825779154476585e-08
1.31682920730182538e+01,1.54018531260686225e-08,1.49031195898461987e-08,1.59005866622910463e-08
1.31732933233308316e+01,1.53250170480993403e-08,1.48310133560722492e-08,1.58190207401264315e-08
1.31782945736434112e+01,1.52485642858040668e-08,1.47592506281426619e-08,1.57378779434654700e-08
1.31832958239559890e+01,1.51724929269255479e-08,1.46878297759590155e-08,1.56571560778920804e-08
1.31882970742685668e+01,1.50968010687461094e-08,1.46167491774807727e-08,1.55768529600114461e-08
1.31932983245811446e+01,1.50214868180401662e-08,1.45460072186808044e-08,1.54969664173995281e-08
1.31982995748937224e+01,1.49465482910268553e-08,1.44756022935010643e-08,1.54174942885526463e-08
1.32033008252063020e+01,1.48719836133228874e-08,1.44055328038085365e-08,1.53384344228372400e-08
1.32083020755188798e+01,1.47977909198957657e-08,1.43357971593515771e-08,1.52597846804399560e-08
1.32133033258314576e+01,1.47239683550169934e-08,1.42663937777162903e-08,1.51815429323176965e-08
1.32183045761440354e+01,1.46505140722157499e-08,1.41973210842834090e-08,1.51037070601480909e-08
1.32233058264566132e+01,1.45774262342326999e-08,1.41285775121853313e-08,1.50262749562800669e-08
1.32283070767691928e+01,1.45047030129739915e-08,1.40601615022634028e-08,1.49492445236845803e-08
1.32333083270817706e+01,1.44323425894656578e-08,1.39920715030256134e-08,1.48726136759057023e-08
1.32383095773943484e+01,1.43603431538079560e-08,1.39243059706043000e-08,1.47963803370116119e-08
1.32433108277069262e+01,1.42887029051302016e-08,1.38568633687143425e-08,1.47205424415460608e-08
1.32483120780195041e+01,1.42174200515457060e-08,1.37897421686115268e-08,1.46450979344798852e-08
1.32533133283320819e+01,1.41464928101069556e-08,1.37229408490511594e-08,1.45700447711627519e-08
1.32583145786446615e+01,1.40759194067609861e-08,1.36564578962469364e-08,1.44953809172750359e-08
1.32633158289572393e+01,1.40056980763051280e-08,1.35902918038301854e-08,1.44211043487800706e-08
1.32683170792698171e+01,1.39358270623426863e-08,1.35244410728091100e-08,1.43472130518762626e-08
1.32733183295823949e+01,1.38663046172391282e-08,1.34589042115285411e-08,1.42737050229497154e-08
1.32783195798949727e+01,1.37971290020783268e-08,1.33936797356298018e-08,1.42005782685268519e-08
1.32833208302075523e+01,1.37282984866190663e-08,1.33287661680108492e-08,1.41278308052272834e-08
1.32883220805201301e+01,1.36598113492518497e-08,1.32641620387867496e-08,1.40554606597169498e-08
1.32933233308327079e+01,1.35916658769556924e-08,1.31998658852501878e-08,1.39834658686611969e-08
1.32983245811452857e+01,1.35238603652553762e-08,1.31358762518324486e-08,1.39118444786783038e-08
1.33033258314578635e+01,1.34563931181788022e-08,1.30721916900645246e-08,1.38405945462930797e-08
1.33083270817704431e+01,1.33892624482145307e-08,1.30088107585384686e-08,1.37697141378905929e-08
1.33133283320830209e+01,1.33224666762696937e-08,1.29457320228691033e-08,1.36992013296702841e-08
1.33183295823955987e+01,1.32560041316278225e-08,1.28829540556557198e-08,1.36290542075999253e-08
1.33233308327081765e+01,1.31898731519071851e-08,1.28204754364442784e-08,1.35592708673700917e-08
1.33283320830207543e+01,1.31240720830191686e-08,1.27582947516897096e-08,1.34898494143486276e-08
1.33333333333333321e+01,1.30585992791269155e-08,1.26964105947184685e-08,1.34207879635353624e-08
1.33383345836459117e+01,1.29934531026041265e-08,1.26348215656913123e-08,1.33520846395169406e-08
1.33433358339584895e+01,1.29286319239941997e-08,1.25735262715664127e-08,1.32837375764219867e-08
1.33483370842710674e+01,1.28641341219693380e-08,1.25125233260624886e-08,1.32157449178761874e-08
1.33533383345836452e+01,1.27999580832900867e-08,1.24518113496223687e-08,1.31481048169578047e-08
1.33583395848962230e+01,1.27361022027649606e-08,1.23913889693766900e-08,1.30808154361532312e-08
1.33633408352088026e+01,1.26725648832102691e-08,1.23312548191078108e-08,1.30138749473127274e-08
1.33683420855213804e+01,1.26093445354102665e-08,1.22714075392140673e-08,1.29472815316064658e-08
1.33733433358339582e+01,1.25464395780772618e-08,1.22118457766740238e-08,1.28810333794804999e-08
1.33783445861465360e+01,1.24838484378121686e-08,1.21525681850111856e-08,1.28151286906131517e-08
1.33833458364591138e+01,1.24215695490651085e-08,1.20935734242587774e-08,1.27495656738714396e-08
1.33883470867716934e+01,1.23596013540962553e-08,1.20348601609248018e-08,1.26843425472677087e-08
1.33933483370842712e+01,1.22979423029369446e-08,1.19764270679573670e-08,1.26194575379165223e-08
1.33983495873968490e+01,1.22365908533507847e-08,1.19182728247100609e-08,1.25549088819915085e-08
1.34033508377094268e+01,1.21755454707951610e-08,1.18603961169077162e-08,1.24906948246826057e-08
1.34083520880220046e+01,1.21148046283828467e-08,1.18027956366123184e-08,1.24268136201533750e-08
1.34133533383345824e+01,1.20543668068437973e-08,1.17454700821891119e-08,1.23632635314984827e-08
1.34183545886471620e+01,1.19942304944871444e-08,1.16884181582729347e-08,1.23000428307013541e-08
1.34233558389597398e+01,1.19343941871634567e-08,1.16316385757348173e-08,1.22371497985920960e-08
1.34283570892723176e+01,1.18748563882270024e-08,1.15751300516486408e-08,1.21745827248053640e-08
1.34333583395848954e+01,1.18156156084983953e-08,1.15188913092581583e-08,1.21123399077386323e-08
1.34383595898974733e+01,1.17566703662273238e-08,1.14629210779441416e-08,1.20504196545105060e-08
1.34433608402100528e+01,1.16980191870554798e-08,1.14072180931917403e-08,1.19888202809192193e-08
1.34483620905226307e+01,1.16396606039797575e-08,1.13517810965581290e-08,1.19275401114013860e-08
1.34533633408352085e+01,1.15815931573154307e-08,1.12966088356401499e-08,1.18665774789907116e-08
1.34583645911477863e+01,1.15238153946597437e-08,1.12417000640423820e-08,1.18059307252771053e-08
1.34633658414603641e+01,1.14663258708555480e-08,1.11870535413452862e-08,1.17455982003658098e-08
1.34683670917729437e+01,1.14091231479551419e-08,1.11326680330735557e-08,1.16855782628367280e-08
1.34733683420855215e+01,1.13522057951843852e-08,1.10785423106647610e-08,1.16258692797040093e-08
1.34783695923980993e+01,1.12955723889067983e-08,1.10246751514380015e-08,1.15664696263755951e-08
1.34833708427106771e+01,1.12392215125880230e-08,1.09710653385629323e-08,1.15073776866131138e-08
1.34883720930232549e+01,1.11831517567603779e-08,1.09177116610288856e-08,1.14485918524918703e-08
1.34933733433358345e+01,1.11273617189875956e-08,1.08646129136142190e-08,1.13901105243609722e-08
1.34983745936484123e+01,1.10718500038298082e-08,1.08117678968558881e-08,1.13319321108037282e-08
1.35033758439609901e+01,1.10166152228085344e-08,1.07591754170190726e-08,1.12740550285979961e-08
1.35083770942735679e+01,1.09616559943720289e-08,1.07068342860671514e-08,1.12164777026769064e-08
1.35133783445861457e+01,1.09069709438607080e-08,1.06547433216317766e-08,1.11591985660896394e-08
1.35183795948987235e+01,1.08525587034727702e-08,1.06029013469831531e-08,1.11022160599623872e-08
1.35233808452113031e+01,1.07984179122299590e-08,1.05513071910004800e-08,1.10455286334594380e-08
1.35283820955238809e+01,1.07445472159436061e-08,1.04999596881426737e-08,1.09891347437445384e-08
1.35333833458364587e+01,1.06909452671806401e-08,1.04488576784190736e-08,1.09330328559422065e-08
1.35383845961490366e+01,1.06376107252299639e-08,1.03980000073605325e-08,1.08772214430993953e-08
1.35433858464616144e+01,1.05845422560689057e-08,1.03473855259905794e-08,1.08216989861472320e-08
1.35483870967741939e+01,1.05317385323298255e-08,1.02970130907967574e-08,1.07664639738628935e-08
1.35533883470867718e+01,1.04791982332669967e-08,1.02468815637022520e-08,1.07115149028317414e-08
1.35583895973993496e+01,1.04269200447234594e-08,1.01969898120374833e-08,1.06568502774094354e-08
1.35633908477119274e+01,1.03749026590982239e-08,1.01473367085120769e-08,1.06024686096843709e-08
1.35683920980245052e+01,1.03231447753135464e-08,1.00979211311869046e-08,1.05483684194401882e-08
1.35733933483370848e+01,1.02716450987823689e-08,1.00487419634463031e-08,1.04945482341184348e-08
1.35783945986496626e+01,1.02204023413760134e-08,9.99979809397055350e-09,1.04410065887814732e-08
1.35833958489622404e+01,1.01694152213918518e-08,9.95108841670834457e-09,1.03877420260753590e-08
1.35883970992748182e+01,1.01186824635213259e-08,9.90261183084959646e-09,1.03347530961930554e-08
1.35933983495873960e+01,1.00682027988180231e-08,9.85436724079834579e-09,1.02820383568377004e-08
1.35983995998999738e+01,1.00179749646659472e-08,9.80635355614583247e-09,1.02295963731860620e-08
1.36034008502125534e+01,9.96799770474791208e-09,9.75856969164371728e-09,1.01774257178521069e-08
1.36084021005251312e+01,9.91826976901419792e-09,9.71101456717756735e-09,1.01255249708508285e-08
1.36134033508377090e+01,9.86878991365116820e-09,9.66368710774031038e-09,1.00738927195620260e-08
1.36184046011502868e+01,9.81955690105024537e-09,9.61658624340605429e-09,1.00225275586944365e-08
1.36234058514628646e+01,9.77056949977692133e-09,9.56971090930394504e-09,9.97142809024989761e-09
1.36284071017754442e+01,9.72182648453995324e-09,9.52306004559221302e-09,9.92059292348769347e-09
1.36334083520880220e+01,9.67332663616078104e-09,9.47663259743245100e-09,9.87002067488911107e-09
1.36384096024005999e+01,9.62506874154292832e-09,9.43042751496387564e-09,9.81970996812198100e-09
1.36434108527131777e+01,9.57705159364172591e-09,9.38444375327792472e-09,9.76965943400552709e-09
1.36484121030257555e+01,9.52927399143412139e-09,9.33868027239292558e-09,9.71986771047531720e-09
1.36534133533383351e+01,9.48173473988859791e-09,9.29313603722890583e-09,9.67033344254829000e-09
1.36584146036509129e+01,9.43443264993537246e-09,9.24781001758264885e-09,9.62105528228809607e-09
1.36634158539634907e+01,9.38736653843654459e-09,9.20270118810274277e-09,9.57203188877034641e-09
1.36684171042760685e+01,9.34053522815656445e-09,9.15780852826492384e-09,9.52326192804820507e-09
1.36734183545886463e+01,9.29393754773279008e-09,9.11313102234751908e-09,9.47474407311806108e-09
1.36784196049012241e+01,9.24757233164617047e-09,9.06866765940702130e-09,9.42647700388531963e-09
1.36834208552138037e+01,9.20143842019209079e-09,9.02441743325382793e-09,9.37845940713035366e-09
1.36884221055263815e+01,9.15553465945141940e-09,8.98037934242816999e-09,9.33068997647466881e-09
1.36934233558389593e+01,9.10985990126155981e-09,8.93655239017606934e-09,9.28316741234705028e-09
1.36984246061515371e+01,9.06441300318779056e-09,8.89293558442556875e-09,9.23589042195001238e-09
1.37034258564641149e+01,9.01919282849468116e-09,8.84952793776303982e-09,9.18885771922632249e-09
1.37084271067766945e+01,8.97419824611763374e-09,8.80632846740962656e-09,9.14206802482564091e-09
1.37134283570892723e+01,8.92942813063466631e-09,8.76333619519792215e-09,9.09552006607141046e-09
1.37184296074018501e+01,8.88488136223816782e-09,8.72055014754861933e-09,9.04921257692771631e-09
1.37234308577144279e+01,8.84055682670694607e-09,8.67796935544745352e-09,9.00314429796643863e-09
1.37284321080270058e+01,8.79645341537834845e-09,8.63559285442222546e-09,8.95731397633447144e-09
1.37334333583395853e+01,8.75257002512051826e-09,8.59341968451994121e-09,8.91172036572109530e-09
1.37384346086521631e+01,8.70890555830486284e-09,8.55144889028418213e-09,8.86636222632554355e-09
1.37434358589647410e+01,8.66545892277850022e-09,8.50967952073243850e-09,8.82123832482456193e-09
1.37484371092773188e+01,8.62222903183702001e-09,8.46811062933376242e-09,8.77634743434027760e-09
1.37534383595898966e+01,8.57921480419727084e-09,8.42674127398644380e-09,8.73168833440809788e-09
1.37584396099024744e+01,8.53641516397032479e-09,8.38557051699585855e-09,8.68725981094479104e-09
1.37634408602150540e+01,8.49382904063455598e-09,8.34459742505243407e-09,8.64306065621667789e-09
1.37684421105276318e+01,8.45145536900891101e-09,8.30382106920979682e-09,8.59908966880802520e-09
1.37734433608402096e+01,8.40929308922618777e-09,8.26324052486293313e-09,8.55534565358944242e-09
1.37784446111527874e+01,8.36734114670658384e-09,8.22285487172660633e-09,8.51182742168656135e-09
1.37834458614653652e+01,8.32559849213130278e-09,8.18266319381384184e-09,8.46853379044876373e-09
1.37884471117779448e+01,8.28406408141629617e-09,8.14266457941452964e-09,8.42546358341806270e-09
1.37934483620905226e+01,8.24273687568620572e-09,8.10285812107423855e-09,8.38261563029817289e-09
1.37984496124031004e+01,8.20161584124828889e-09,8.06324291557298741e-09,8.33998876692359036e-09
1.38034508627156782e+01,8.16069994956663236e-09,8.02381806390433235e-09,8.29758183522893238e-09
1.38084521130282560e+01,8.11998817723639697e-09,7.98458267125444571e-09,8.25539368321834823e-09
1.38134533633408356e+01,8.07947950595822139e-09,7.94553584698137534e-09,8.21342316493506745e-09
1.38184546136534134e+01,8.03917292251279793e-09,7.90667670459445603e-09,8.17166914043113984e-09
1.38234558639659912e+01,7.99906741873544831e-09,7.86800436173372104e-09,8.13013047573717558e-09
1.38284571142785691e+01,7.95916199149096909e-09,7.82951794014958320e-09,8.08880604283235497e-09
1.38334583645911469e+01,7.91945564264851846e-09,7.79121656568253589e-09,8.04769471961450104e-09
1.38384596149037264e+01,7.87994737905664537e-09,7.75309936824301122e-09,8.00679538987027951e-09
1.38434608652163043e+01,7.84063621251849716e-09,7.71516548179138708e-09,7.96610694324560725e-09
1.38484621155288821e+01,7.80152115976702412e-09,7.67741404431801067e-09,7.92562827521603758e-09
1.38534633658414599e+01,7.76260124244044357e-09,7.63984419782344881e-09,7.88535828705743834e-09
1.38584646161540377e+01,7.72387548705774542e-09,7.60245508829879603e-09,7.84529588581669482e-09
1.38634658664666155e+01,7.68534292499435817e-09,7.56524586570612169e-09,7.80543998428259465e-09
1.38684671167791951e+01,7.64700259245789266e-09,7.52821568395898657e-09,7.76578950095679875e-09
1.38734683670917729e+01,7.60885353046410090e-09,7.49136370090318280e-09,7.72634336002501900e-09
1.38784696174043507e+01,7.57089478481280677e-09,7.45468907829741587e-09,7.68710049132819767e-09
1.38834708677169285e+01,7.53312540606408816e-09,7.41819098179425383e-09,7.64805983033392332e-09
1.38884721180295063e+01,7.49554444951452369e-09,7.38186858092110961e-09,7.60922031810793777e-09
1.38934733683420859e+01,7.45815097517354356e-09,7.34572104906133908e-09,7.57058090128574887e-09
1.38984746186546637e+01,7.42094404773997906e-09,7.30974756343551621e-09,7.53214053204444191e-09
1.39034758689672415e+01,7.38392273657857882e-09,7.27394730508267420e-09,7.49389816807448262e-09
1.39084771192798193e+01,7.34708611569679738e-09,7.23831945884180730e-09,7.45585277255178828e-09
1.39134783695923971e+01,7.31043326372161172e-09,7.20286321333338826e-09,7.41800331410983518e-09
1.39184796199049767e+01,7.27396326387646450e-09,7.16757776094101072e-09,7.38034876681191828e-09
1.39234808702175545e+01,7.23767520395838751e-09,7.13246229779319701e-09,7.34288811012357801e-09
1.39284821205301323e+01,7.20156817631511276e-09,7.09751602374518364e-09,7.30562032888504188e-09
1.39334833708427102e+01,7.16564127782240526e-09,7.06273814236092519e-09,7.26854441328388532e-09
1.39384846211552880e+01,7.12989360986148347e-09,7.02812786089516926e-09,7.23165935882779767e-09
1.39434858714678658e+01,7.09432427829652410e-09,6.99368439027560758e-09,7.19496416631744062e-09
1.39484871217804454e+01,7.05893239345229851e-09,6.95940694508515038e-09,7.15845784181944663e-09
1.39534883720930232e+01,7.02371707009196283e-09,6.92529474354434464e-09,7.12213939663958103e-09
1.39584896224056010e+01,6.98867742739483998e-09,6.89134700749376838e-09,7.08600784729591158e-09
1.39634908727181788e+01,6.95381258893444885e-09,6.85756296237666981e-09,7.05006221549222788e-09
1.39684921230307566e+01,6.91912168265655922e-09,6.82394183722161472e-09,7.01430152809150372e-09
1.39734933733433362e+01,6.88460384085737243e-09,6.79048286462525135e-09,6.97872481708949350e-09
1.39784946236559140e+01,6.85025820016186904e-09,6.75718528073522995e-09,6.94333111958850812e-09
1.39834958739684918e+01,6.81608390150213590e-09,6.72404832523309416e-09,6.90811947777117764e-09
1.39884971242810696e+01,6.78208009009593475e-09,6.69107124131739749e-09,6.87308893887447201e-09
1.39934983745936474e+01,6.74824591542530219e-09,6.65825327568684203e-09,6.83823855516376235e-09
1.39984996249062270e+01,6.71458053121526964e-09,6.62559367852352885e-09,6.80356738390701042e-09
1.40035008752188048e+01,6.68108309541274460e-09,6.59309170347634745e-09,6.76907448734914175e-09
1.40085021255313826e+01,6.64775277016537538e-09,6.56074660764435186e-09,6.73475893268639891e-09
1.40135033758439604e+01,6.61458872180063994e-09,6.52855765156033614e-09,6.70061979204094374e-09
1.40185046261565383e+01,6.58159012080498936e-09,6.49652409917445874e-09,6.66665614243551997e-09
1.40235058764691161e+01,6.54875614180309389e-09,6.46464521783795276e-09,6.63286706576823502e-09
1.40285071267816956e+01,6.51608596353718661e-09,6.43292027828692897e-09,6.59925164878744426e-09
1.40335083770942735e+01,6.48357876884657497e-09,6.40134855462632354e-09,6.56580898306682641e-09
1.40385096274068513e+01,6.45123374464712423e-09,6.36992932431381267e-09,6.53253816498043579e-09
1.40435108777194291e+01,6.41905008191097253e-09,6.33866186814394564e-09,6.49943829567799942e-09
1.40485121280320069e+01,6.38702697564628147e-09,6.30754547023229598e-09,6.46650848106026697e-09
1.40535133783445865e+01,6.35516362487709349e-09,6.27657941799971283e-09,6.43374783175447416e-09
1.40585146286571643e+01,6.32345923262333557e-09,6.24576300215669382e-09,6.40115546308997732e-09
1.40635158789697421e+01,6.29191300588082460e-09,6.21509551668776376e-09,6.36873049507388545e-09
1.40685171292823199e+01,6.26052415560147715e-09,6.18457625883602871e-09,6.33647205236692559e-09
1.40735183795948977e+01,6.22929189667355798e-09,6.15420452908776229e-09,6.30437926425935368e-09
1.40785196299074773e+01,6.19821544790203290e-09,6.12397963115708380e-09,6.27245126464698200e-09
1.40835208802200551e+01,6.16729403198908118e-09,6.09390087197077618e-09,6.24068719200738617e-09
1.40885221305326329e+01,6.13652687551457659e-09,6.06396756165306585e-09,6.20908618937608733e-09
1.40935233808452107e+01,6.10591320891679012e-09,6.03417901351060609e-09,6.17764740432297416e-09
1.40985246311577885e+01,6.07545226647313733e-09,6.00453454401749268e-09,6.14636998892878198e-09
1.41035258814703681e+01,6.04514328628100429e-09,5.97503347280033988e-09,6.11525309976166870e-09
1.41085271317829459e+01,6.01498551023874478e-09,5.94567512262352187e-09,6.08429589785396769e-09
1.41135283820955237e+01,5.98497818402664440e-09,5.91645881937435882e-09,6.05349754867892998e-09
1.41185296324081015e+01,5.95512055708810299e-09,5.88738389204850963e-09,6.02285722212769635e-09
1.41235308827206794e+01,5.92541188261084693e-09,5.85844967273538056e-09,5.99237409248631330e-09
1.41285321330332572e+01,5.89585141750825301e-09,5.82965549660363210e-09,5.96204733841287392e-09
1.41335333833458368e+01,5.86643842240075178e-09,5.80100070188674722e-09,5.93187614291475635e-09
1.41385346336584146e+01,5.83717216159736819e-09,5.77248462986872277e-09,5.90185969332601362e-09
1.41435358839709924e+01,5.80805190307727049e-09,5.74410662486975844e-09,5.87199718128478255e-09
1.41485371342835702e+01,5.77907691847149451e-09,5.71586603423210037e-09,5.84228780271088864e-09
1.41535383845961480e+01,5.75024648304471505e-09,5.68776220830592370e-09,5.81273075778350639e-09
1.41585396349087276e+01,5.72155987567711165e-09,5.65979450043528533e-09,5.78332525091893796e-09
1.41635408852213054e+01,5.69301637884636827e-09,5.63196226694420254e-09,5.75407049074853401e-09
1.41685421355338832e+01,5.66461527860967306e-09,5.60426486712271575e-09,5.72496569009663037e-09
1.41735433858464610e+01,5.63635586458589255e-09,5.57670166321310941e-09,5.69601006595867569e-09
1.41785446361590388e+01,5.60823742993780138e-09,5.54927202039616834e-09,5.66720283947943442e-09
1.41835458864716184e+01,5.58025927135438808e-09,5.52197530677750450e-09,5.63854323593127166e-09
1.41885471367841962e+01,5.55242068903330226e-09,5.49481089337400107e-09,5.61003048469260345e-09
1.41935483870967740e+01,5.52472098666329691e-09,5.46777815410023766e-09,5.58166381922635617e-09
1.41985496374093518e+01,5.49715947140684933e-09,5.44087646575508666e-09,5.55344247705861201e-09
1.42035508877219296e+01,5.46973545388281844e-09,5.41410520800831617e-09,5.52536569975732071e-09
1.42085521380345075e+01,5.44244824814920718e-09,5.38746376338729481e-09,5.49743273291111955e-09
1.42135533883470870e+01,5.41529717168599273e-09,5.36095151726374023e-09,5.46964282610824523e-09
1.42185546386596648e+01,5.38828154537809649e-09,5.33456785784059755e-09,5.44199523291559543e-09
1.42235558889722427e+01,5.36140069349833591e-09,5.30831217613887976e-09,5.41448921085779207e-09
1.42285571392848205e+01,5.33465394369056490e-09,5.28218386598468180e-09,5.38712402139644799e-09
1.42335583895973983e+01,5.30804062695284645e-09,5.25618232399621122e-09,5.35989892990948169e-09
1.42385596399099779e+01,5.28156007762071139e-09,5.23030694957088906e-09,5.33281320567053372e-09
1.42435608902225557e+01,5.25521163335054110e-09,5.20455714487255842e-09,5.30586612182852378e-09
1.42485621405351335e+01,5.22899463510295278e-09,5.17893231481867797e-09,5.27905695538722759e-09
1.42535633908477113e+01,5.20290842712634355e-09,5.15343186706766201e-09,5.25238498718502508e-09
1.42585646411602891e+01,5.17695235694048738e-09,5.12805521200625020e-09,5.22584950187472457e-09
1.42635658914728687e+01,5.15112577532020417e-09,5.10280176273694190e-09,5.19944978790346645e-09
1.42685671417854465e+01,5.12542803627915270e-09,5.07767093506553218e-09,5.17318513749277323e-09
1.42735683920980243e+01,5.09985849705362292e-09,5.05266214748862886e-09,5.14705484661861699e-09
1.42785696424106021e+01,5.07441651808649606e-09,5.02777482118133082e-09,5.12105821499166130e-09
1.42835708927231799e+01,5.04910146301123620e-09,5.00300837998490798e-09,5.09519454603756443e-09
1.42885721430357577e+01,5.02391269863597535e-09,4.97836225039457224e-09,5.06946314687737846e-09
1.42935733933483373e+01,4.99884959492766545e-09,4.95383586154728486e-09,5.04386332830804604e-09
1.42985746436609151e+01,4.97391152499635618e-09,4.92942864520968457e-09,5.01839440478302779e-09
1.43035758939734929e+01,4.94909786507946197e-09,4.90514003576598344e-09,4.99305569439294050e-09
1.43085771442860707e+01,4.92440799452619613e-09,4.88096947020601250e-09,4.96784651884637977e-09
1.43135783945986486e+01,4.89984129578203639e-09,4.85691638811328298e-09,4.94276620345078980e-09
1.43185796449112281e+01,4.87539715437327232e-09,4.83298023165311465e-09,4.91781407709342999e-09
1.43235808952238060e+01,4.85107495889166861e-09,4.80916044556086256e-09,4.89298947222247465e-09
1.43285821455363838e+01,4.82687410097912249e-09,4.78545647713011813e-09,4.86829172482812684e-09
1.43335833958489616e+01,4.80279397531248086e-09,4.76186777620105667e-09,4.84372017442390505e-09
1.43385846461615394e+01,4.77883397958838715e-09,4.73839379514879972e-09,4.81927416402797457e-09
1.43435858964741190e+01,4.75499351450821753e-09,4.71503398887184206e-09,4.79495304014459300e-09
1.43485871467866968e+01,4.73127198376311558e-09,4.69178781478057119e-09,4.77075615274565997e-09
1.43535883970992746e+01,4.70766879401903270e-09,4.66865473278576541e-09,4.74668285525230000e-09
1.43585896474118524e+01,4.68418335490191582e-09,4.64563420528723333e-09,4.72273250451659832e-09
1.43635908977244302e+01,4.66081507898293640e-09,4.62272569716246330e-09,4.69890446080340950e-09
1.43685921480370080e+01,4.63756338176380055e-09,4.59992867575535554e-09,4.67519808777224557e-09
1.43735933983495876e+01,4.61442768166211208e-09,4.57724261086497248e-09,4.65161275245925167e-09
1.43785946486621654e+01,4.59140739999686702e-09,4.55466697473441652e-09,4.62814782525931752e-09
1.43835958989747432e+01,4.56850196097392673e-09,4.53220124203966306e-09,4.60480267990819040e-09
1.43885971492873210e+01,4.54571079167164725e-09,4.50984488987853750e-09,4.58157669346475700e-09
1.43935983995998988e+01,4.52303332202654509e-09,4.48759739775970465e-09,4.55846924629338552e-09
1.43985996499124784e+01,4.50046898481902756e-09,4.46545824759171355e-09,4.53547972204634157e-09
1.44036009002250562e+01,4.47801721565923887e-09,4.44342692367213904e-09,4.51260750764633870e-09
1.44086021505376340e+01,4.45567745297289713e-09,4.42150291267669279e-09,4.48985199326910146e-09
1.44136034008502119e+01,4.43344913798727283e-09,4.39968570364846663e-09,4.46721257232607903e-09
1.44186046511627897e+01,4.41133171471721693e-09,4.37797478798720070e-09,4.44468864144723316e-09
1.44236059014753693e+01,4.38932462995123361e-09,4.35636965943858885e-09,4.42227960046387837e-09
1.44286071517879471e+01,4.36742733323768209e-09,4.33486981408368493e-09,4.39998485239167925e-09
1.44336084021005249e+01,4.34563927687096185e-09,4.31347475032828592e-09,4.37780380341363779e-09
1.44386096524131027e+01,4.32395991587784270e-09,4.29218396889243583e-09,4.35573586286324956e-09
1.44436109027256805e+01,4.30238870800382284e-09,4.27099697279994618e-09,4.33378044320769950e-09
1.44486121530382601e+01,4.28092511369956566e-09,4.24991326736797596e-09,4.31193696003115535e-09
1.44536134033508379e+01,4.25956859610742739e-09,4.22893236019668366e-09,4.29020483201817112e-09
1.44586146536634157e+01,4.23831862104798816e-09,4.20805376115886842e-09,4.26858348093710790e-09
1.44636159039759935e+01,4.21717465700672112e-09,4.18727698238973537e-09,4.24707233162370688e-09
1.44686171542885713e+01,4.19613617512068727e-09,4.16660153827666173e-09,4.22567081196471281e-09
1.44736184046011491e+01,4.17520264916530883e-09,4.14602694544903328e-09,4.20437835288158438e-09
1.44786196549137287e+01,4.15437355554120381e-09,4.12555272276812208e-09,4.18319438831428555e-09
1.44836209052263065e+01,4.13364837326111414e-09,4.10517839131703547e-09,4.16211835520519281e-09
1.44886221555388843e+01,4.11302658393682951e-09,4.08490347439065502e-09,4.14114969348300401e-09
1.44936234058514621e+01,4.09250767176625697e-09,4.06472749748569800e-09,4.12028784604681595e-09
1.44986246561640399e+01,4.07209112352050527e-09,4.04464998829077379e-09,4.09953225875023674e-09
1.45036259064766195e+01,4.05177642853104703e-09,4.02467047667650988e-09,4.07888238038558418e-09
1.45086271567891973e+01,4.03156307867696861e-09,4.00478849468574230e-09,4.05833766266819492e-09
1.45136284071017752e+01,4.01145056837222322e-09,3.98500357652369698e-09,4.03789756022074945e-09
1.45186296574143530e+01,3.99143839455300732e-09,3.96531525854827206e-09,4.01756153055774258e-09
1.45236309077269308e+01,3.97152605666517758e-09,3.94572307926035243e-09,3.99732903407000273e-09
1.45286321580395104e+01,3.95171305665171989e-09,3.92622657929415320e-09,3.97719953400928658e-09
1.45336334083520882e+01,3.93199889894032014e-09,3.90682530140765005e-09,3.95717249647299024e-09
1.45386346586646660e+01,3.91238309043092843e-09,3.88751879047298810e-09,3.93724739038886875e-09
1.45436359089772438e+01,3.89286514048345055e-09,3.86830659346700073e-09,3.91742368749990037e-09
1.45486371592898216e+01,3.87344456090547518e-09,3.84918825946174833e-09,3.89770086234920204e-09
1.45536384096023994e+01,3.85412086594005142e-09,3.83016333961508673e-09,3.87807839226501612e-09
1.45586396599149790e+01,3.83489357225354580e-09,3.81123138716130853e-09,3.85855575734578307e-09
1.45636409102275568e+01,3.81576219892357285e-09,3.79239195740182985e-09,3.83913244044531586e-09
1.45686421605401346e+01,3.79672626742692495e-09,3.77364460769586800e-09,3.81980792715798190e-09
1.45736434108527124e+01,3.77778530162763108e-09,3.75498889745122920e-09,3.80058170580403296e-09
1.45786446611652902e+01,3.75893882776504381e-09,3.73642438811510945e-09,3.78145326741497817e-09
1.45836459114778698e+01,3.74018637444198165e-09,3.71795064316493357e-09,3.76242210571902973e-09
1.45886471617904476e+01,3.72152747261295951e-09,3.69956722809926442e-09,3.74348771712665460e-09
1.45936484121030254e+01,3.70296165557242577e-09,3.68127371042870603e-09,3.72464960071614550e-09
1.45986496624156032e+01,3.68448845894311022e-09,3.66306965966690097e-09,3.70590725821931948e-09
1.46036509127281811e+01,3.66610742066440135e-09,3.64495464732153887e-09,3.68726019400726382e-09
1.46086521630407606e+01,3.64781808098078604e-09,3.62692824688541257e-09,3.66870791507615951e-09
1.46136534133533385e+01,3.62961998243037331e-09,3.60899003382754160e-09,3.65024993103320502e-09
1.46186546636659163e+01,3.61151266983341676e-09,3.59113958558428169e-09,3.63188575408255182e-09
1.46236559139784941e+01,3.59349569028094950e-09,3.57337648155052561e-09,3.61361489901137338e-09
1.46286571642910719e+01,3.57556859312345593e-09,3.55570030307092884e-09,3.59543688317598302e-09
1.46336584146036497e+01,3.55773092995959645e-09,3.53811063343117125e-09,3.57735122648802165e-09
1.46386596649162293e+01,3.53998225462498343e-09,3.52060705784925435e-09,3.55935745140071251e-09
1.46436609152288071e+01,3.52232212318105356e-09,3.50318916346687748e-09,3.54145508289522964e-09
1.46486621655413849e+01,3.50475009390391872e-09,3.48585653934078140e-09,3.52364364846705604e-09
1.46536634158539627e+01,3.48726572727334707e-09,3.46860877643420059e-09,3.50592267811249355e-09
1.46586646661665405e+01,3.46986858596176366e-09,3.45144546760832388e-09,3.48829170431520344e-09
1.46636659164791201e+01,3.45255823482330224e-09,3.43436620761378853e-09,3.47075026203281595e-09
1.46686671667916979e+01,3.43533424088294896e-09,3.41737059308225125e-09,3.45329788868364666e-09
1.46736684171042757e+01,3.41819617332567525e-09,3.40045822251793323e-09,3.43593412413341728e-09
1.46786696674168535e+01,3.40114360348568493e-09,3.38362869628926429e-09,3.41865851068210558e-09
1.46836709177294313e+01,3.38417610483568772e-09,3.36688161662053545e-09,3.40147059305083998e-09
1.46886721680420109e+01,3.36729325297622569e-09,3.35021658758359320e-09,3.38436991836885817e-09
1.46936734183545887e+01,3.35049462562508002e-09,3.33363321508959581e-09,3.36735603616056424e-09
1.46986746686671665e+01,3.33377980260667398e-09,3.31713110688075101e-09,3.35042849833259695e-09
1.47036759189797444e+01,3.31714836584158547e-09,3.30070987252214969e-09,3.33358685916102124e-09
1.47086771692923222e+01,3.30059989933608863e-09,3.28436912339361115e-09,3.31683067527856612e-09
1.47136784196049000e+01,3.28413398917174292e-09,3.26810847268156260e-09,3.30015950566192324e-09
1.47186796699174796e+01,3.26775022349503760e-09,3.25192753537095808e-09,3.28357291161911713e-09
1.47236809202300574e+01,3.25144819250711410e-09,3.23582592823726017e-09,3.26707045677696803e-09
1.47286821705426352e+01,3.23522748845347871e-09,3.21980326983839773e-09,3.25065170706855970e-09
1.47336834208552130e+01,3.21908770561382913e-09,3.20385918050682246e-09,3.23431623072083580e-09
1.47386846711677908e+01,3.20302844029189956e-09,3.18799328234156840e-09,3.21806359824223071e-09
1.47436859214803704e+01,3.18704929080535629e-09,3.17220519920034824e-09,3.20189338241036435e-09
1.47486871717929482e+01,3.17114985747577849e-09,3.15649455669171861e-09,3.18580515825983836e-09
1.47536884221055260e+01,3.15532974261862033e-09,3.14086098216721452e-09,3.16979850307002614e-09
1.47586896724181038e+01,3.13958855053329230e-09,3.12530410471358451e-09,3.15387299635300009e-09
1.47636909227306816e+01,3.12392588749325405e-09,3.10982355514502682e-09,3.13802821984148128e-09
1.47686921730432612e+01,3.10834136173616473e-09,3.09441896599546554e-09,3.12226375747686393e-09
1.47736934233558390e+01,3.09283458345410285e-09,3.07908997151088347e-09,3.10657919539732222e-09
1.47786946736684168e+01,3.07740516478378356e-09,3.06383620764163808e-09,3.09097412192592904e-09
1.47836959239809946e+01,3.06205271979688446e-09,3.04865731203486917e-09,3.07544812755889975e-09
1.47886971742935724e+01,3.04677686449037784e-09,3.03355292402690125e-09,3.06000080495385444e-09
1.47936984246061520e+01,3.03157721677692881e-09,3.01852268463569756e-09,3.04463174891816005e-09
1.47986996749187298e+01,3.01645339647535540e-09,3.00356623655336007e-09,3.02934055639735072e-09
1.48037009252313077e+01,3.00140502530108914e-09,2.98868322413861698e-09,3.01412682646356130e-09
1.48087021755438855e+01,2.98643172685673399e-09,2.97387329340939422e-09,2.99899016030407375e-09
1.48137034258564633e+01,2.97153312662264478e-09,2.95913609203539281e-09,2.98393016120989676e-09
1.48187046761690411e+01,2.95670885194756435e-09,2.94447126933070908e-09,2.96894643456441962e-09
1.48237059264816207e+01,2.94195853203929211e-09,2.92987847624647614e-09,2.95403858783210808e-09
1.48287071767941985e+01,2.92728179795543245e-09,2.91535736536356770e-09,2.93920623054729721e-09
1.48337084271067763e+01,2.91267828259413777e-09,2.90090759088528372e-09,2.92444897430299182e-09
1.48387096774193541e+01,2.89814762068494330e-09,2.88652880863011553e-09,2.90976643273977107e-09
1.48437109277319319e+01,2.88368944877962883e-09,2.87222067602452196e-09,2.89515822153473570e-09
1.48487121780445115e+01,2.86930340524312015e-09,2.85798285209573298e-09,2.88062395839050731e-09
1.48537134283570893e+01,2.85498913024446654e-09,2.84381499746461601e-09,2.86616326302431708e-09
1.48587146786696671e+01,2.84074626574780844e-09,2.82971677433851797e-09,2.85177575715709892e-09
1.48637159289822449e+01,2.82657445550344340e-09,2.81568784650419159e-09,2.83746106450269522e-09
1.48687171792948227e+01,2.81247334503891039e-09,2.80172787932072969e-09,2.82321881075709109e-09
1.48737184296074023e+01,2.79844258165011698e-09,2.78783653971252460e-09,2.80904862358770937e-09
1.48787196799199801e+01,2.78448181439253945e-09,2.77401349616229048e-09,2.79495013262278842e-09
1.48837209302325579e+01,2.77059069407241407e-09,2.76025841870406372e-09,2.78092296944076443e-09
1.48887221805451357e+01,2.75676887323802241e-09,2.74657097891628109e-09,2.76696676755976373e-09
1.48937234308577136e+01,2.74301600617099595e-09,2.73295084991486659e-09,2.75308116242712531e-09
1.48987246811702914e+01,2.72933174887767086e-09,2.71939770634635675e-09,2.73926579140898498e-09
1.49037259314828709e+01,2.71571575908047536e-09,2.70591122438104121e-09,2.72552029377990951e-09
1.49087271817954488e+01,2.70216769620938992e-09,2.69249108170616664e-09,2.71184431071261319e-09
1.49137284321080266e+01,2.68868722139340122e-09,2.67913695751912117e-09,2.69823748526768128e-09
1.49187296824206044e+01,2.67527399745204346e-09,2.66584853252069200e-09,2.68469946238339491e-09
1.49237309327331822e+01,2.66192768888695981e-09,2.65262548890833225e-09,2.67122988886558736e-09
1.49287321830457618e+01,2.64864796187350697e-09,2.63946751036945532e-09,2.65782841337755862e-09
1.49337334333583396e+01,2.63543448425242465e-09,2.62637428207478522e-09,2.64449468643006409e-09
1.49387346836709174e+01,2.62228692552149757e-09,2.61334549067168415e-09,2.63122836037131099e-09
1.49437359339834952e+01,2.60920495682730886e-09,2.60038082427756064e-09,2.61802908937705709e-09
1.49487371842960730e+01,2.59618825095701092e-09,2.58747997247328028e-09,2.60489652944074155e-09
1.49537384346086526e+01,2.58323648233013418e-09,2.57464262629660574e-09,2.59183033836366262e-09
1.49587396849212304e+01,2.57034932699046344e-09,2.56186847823568891e-09,2.57883017574523796e-09
1.49637409352338082e+01,2.55752646259790744e-09,2.54915722222254449e-09,2.56589570297327039e-09
1.49687421855463860e+01,2.54476756842045294e-09,2.53650855362659753e-09,2.55302658321430835e-09
1.49737434358589638e+01,2.53207232532614019e-09,2.52392216924823888e-09,2.54022248140404151e-09
1.49787446861715416e+01,2.51944041577508067e-09,2.51139776731241081e-09,2.52748306423775053e-09
1.49837459364841212e+01,2.50687152381150702e-09,2.49893504746221291e-09,2.51480800016080113e-09
1.49887471867966990e+01,2.49436533505589295e-09,2.48653371075256714e-09,2.50219695935921875e-09
1.49937484371092768e+01,2.48192153669705859e-09,2.47419345964385472e-09,2.48964961375026247e-09
1.49987496874218547e+01,2.46953981748436649e-09,2.46191399799563329e-09,2.47716563697309969e-09
1.50037509377344325e+01,2.45721986771993243e-09,2.44969503106035612e-09,2.46474470437950875e-09
1.50087521880470121e+01,2.44496137925087272e-09,2.43753626547711576e-09,2.45238649302462967e-09
1.50137534383595899e+01,2.43276404546161632e-09,2.42543740926544345e-09,2.44009068165778919e-09
1.50187546886721677e+01,2.42062756126620800e-09,2.41339817181908419e-09,2.42785695071333180e-09
1.50237559389847455e+01,2.40855162310069532e-09,2.40141826389984791e-09,2.41568498230154272e-09
1.50287571892973233e+01,2.39653592891553100e-09,2.38949739763146020e-09,2.40357446019960180e-09
1.50337584396099029e+01,2.38458017816801500e-09,2.37763528649344736e-09,2.39152506984258264e-09
1.50387596899224807e+01,2.37268407181479317e-09,2.36583164531505994e-09,2.37953649831452640e-09
1.50437609402350585e+01,2.36084731230435146e-09,2.35408619026918594e-09,2.36760843433951697e-09
1.50487621905476363e+01,2.34906960356959114e-09,2.34239863886633143e-09,2.35574056827285084e-09
1.50537634408602141e+01,2.33735065102042014e-09,2.33076870994860525e-09,2.34393259209223502e-09
1.50587646911727937e+01,2.32569016153637833e-09,2.31919612368372943e-09,2.33218419938902724e-09
1.50637659414853715e+01,2.31408784345932403e-09,2.30768060155909672e-09,2.32049508535955135e-09
1.50687671917979493e+01,2.30254340658611465e-09,2.29622186637581487e-09,2.30886494679641443e-09
1.50737684421105271e+01,2.29105656216136227e-09,2.28481964224281051e-09,2.29729348207991404e-09
1.50787696924231049e+01,2.27962702287020906e-09,2.27347365457094540e-09,2.28578039116947273e-09
1.50837709427356828e+01,2.26825450283114113e-09,2.26218363006716001e-09,2.27432537559512224e-09
1.50887721930482623e+01,2.25693871758883091e-09,2.25094929672863277e-09,2.26292813844902906e-09
1.50937734433608401e+01,2.24567938410704167e-09,2.23977038383699354e-09,2.25158838437708980e-09
1.50987746936734180e+01,2.23447622076152402e-09,2.22864662195251681e-09,2.24030581957053122e-09
1.51037759439859958e+01,2.22332894733298368e-09,2.21757774290837569e-09,2.22908015175759168e-09
1.51087771942985736e+01,2.21223728500007404e-09,2.20656347980491201e-09,2.21791109019523607e-09
1.51137784446111532e+01,2.20120095633241428e-09,2.19560356700391845e-09,2.20679834566091011e-09
1.51187796949237310e+01,2.19021968528366758e-09,2.18469774012297195e-09,2.19574163044436322e-09
1.51237809452363088e+01,2.17929319718461263e-09,2.17384573602975303e-09,2.18474065833947224e-09
1.51287821955488866e+01,2.16842121873629002e-09,2.16304729283642426e-09,2.17379514463615578e-09
1.51337834458614644e+01,2.15760347800316022e-09,2.15230214989401455e-09,2.16290480611230589e-09
1.51387846961740440e+01,2.14683970440629963e-09,2.14161004778682949e-09,2.15206936102576976e-09
1.51437859464866218e+01,2.13612962871664949e-09,2.13097072832690384e-09,2.14128852910639515e-09
1.51487871967991996e+01,2.12547298304825583e-09,2.12038393454843872e-09,2.13056203154807294e-09
1.51537884471117774e+01,2.11486950085158534e-09,2.10984941070229926e-09,2.11988959100087142e-09
1.51587896974243552e+01,2.10431891690685630e-09,2.09936690225052291e-09,2.10927093156318969e-09
1.51637909477369330e+01,2.09382096731740208e-09,2.08893615586084682e-09,2.09870577877395735e-09
1.51687921980495126e+01,2.08337538950306818e-09,2.07855691940126003e-09,2.08819385960487633e-09
1.51737934483620904e+01,2.07298192219366012e-09,2.06822894193459827e-09,2.07773490245272197e-09
1.51787946986746682e+01,2.06264030542238390e-09,2.05795197371311926e-09,2.06732863713164853e-09
1.51837959489872460e+01,2.05235028051936133e-09,2.04772576617314557e-09,2.05697479486557709e-09
1.51887971992998239e+01,2.04211159010515321e-09,2.03755007192970480e-09,2.04667310828060162e-09
1.51937984496124034e+01,2.03192397808431970e-09,2.02742464477119639e-09,2.03642331139744301e-09
1.51987996999249813e+01,2.02178718963903079e-09,2.01734923965410305e-09,2.02622513962395853e-09
1.52038009502375591e+01,2.01170097122266804e-09,2.00732361269767814e-09,2.01607832974765794e-09
1.52088022005501369e+01,2.00166507055349833e-09,1.99734752117870223e-09,2.00598261992829442e-09
1.52138034508627147e+01,1.99167923660836160e-09,1.98742072352623874e-09,1.99593774969048446e-09
1.52188047011752943e+01,1.98174321961638516e-09,1.97754297931641238e-09,1.98594345991635795e-09
1.52238059514878721e+01,1.97185677105275497e-09,1.96771404926723013e-09,1.97599949283827982e-09
1.52288072018004499e+01,1.96201964363247418e-09,1.95793369523338539e-09,1.96610559203156297e-09
1.52338084521130277e+01,1.95223159130419441e-09,1.94820168020112234e-09,1.95626150240726649e-09
1.52388097024256055e+01,1.94249236924405783e-09,1.93851776828310334e-09,1.94646697020501232e-09
1.52438109527381833e+01,1.93280173384957143e-09,1.92888172471330105e-09,1.93672174298584181e-09
1.52488122030507629e+01,1.92315944273351325e-09,1.91929331584191175e-09,1.92702556962511474e-09
1.52538134533633407e+01,1.91356525471788147e-09,1.90975230913030365e-09,1.91737820030545929e-09
1.52588147036759185e+01,1.90401892982784283e-09,1.90025847314595545e-09,1.90777938650973020e-09
1.52638159539884963e+01,1.89452022928574172e-09,1.89081157755744816e-09,1.89822888101403528e-09
1.52688172043010741e+01,1.88506891550512757e-09,1.88141139312946560e-09,1.88872643788078955e-09
1.52738184546136537e+01,1.87566475208480655e-09,1.87205769171781021e-09,1.87927181245180290e-09
1.52788197049262315e+01,1.86630750380294257e-09,1.86275024626446195e-09,1.86986476134142319e-09
1.52838209552388093e+01,1.85699693661115344e-09,1.85348883079262053e-09,1.86050504242968635e-09
1.52888222055513872e+01,1.84773281762867082e-09,1.84427322040180728e-09,1.85119241485553435e-09
1.52938234558639650e+01,1.83851491513651165e-09,1.83510319126296619e-09,1.84192663901005712e-09
1.52988247061765446e+01,1.82934299857167987e-09,1.82597852061359013e-09,1.83270747652976962e-09
1.53038259564891224e+01,1.82021683852140962e-09,1.81689898675287816e-09,1.82353469028994109e-09
1.53088272068017002e+01,1.81113620671741096e-09,1.80786436903688924e-09,1.81440804439793268e-09
1.53138284571142780e+01,1.80210087603017247e-09,1.79887444787374359e-09,1.80532730418660135e-09
1.53188297074268558e+01,1.79311062046327522e-09,1.78992900471882689e-09,1.79629223620772354e-09
1.53238309577394336e+01,1.78416521514774204e-09,1.78102782207002363e-09,1.78730260822546046e-09
1.53288322080520132e+01,1.77526443633640886e-09,1.77217068346296291e-09,1.77835818920985480e-09
1.53338334583645910e+01,1.76640806139834050e-09,1.76335737346630229e-09,1.76945874933037871e-09
1.53388347086771688e+01,1.75759586881324503e-09,1.75458767767700102e-09,1.76060405994948903e-09
1.53438359589897466e+01,1.74882763816594318e-09,1.74586138271564197e-09,1.75179389361624439e-09
1.53488372093023244e+01,1.74010315014085375e-09,1.73717827622176113e-09,1.74302802405994637e-09
1.53538384596149040e+01,1.73142218651650487e-09,1.72853814684919557e-09,1.73430622618381417e-09
1.53588397099274818e+01,1.72278453016008699e-09,1.71994078426146527e-09,1.72562827605870871e-09
1.53638409602400596e+01,1.71418996502200404e-09,1.71138597912714630e-09,1.71699395091686178e-09
1.53688422105526374e+01,1.70563827613048250e-09,1.70287352311529381e-09,1.70840302914567118e-09
1.53738434608652152e+01,1.69712924958618975e-09,1.69440320889086752e-09,1.69985529028151197e-09
1.53788447111777948e+01,1.68866267255688242e-09,1.68597483011017935e-09,1.69135051500358549e-09
1.53838459614903726e+01,1.68023833327209446e-09,1.67758818141637325e-09,1.68288848512781568e-09
1.53888472118029505e+01,1.67185602101782166e-09,1.66924305843489560e-09,1.67446898360074772e-09
1.53938484621155283e+01,1.66351552613126408e-09,1.66093925776901517e-09,1.66609179449351298e-09
1.53988497124281061e+01,1.65521663999557823e-09,1.65267657699534520e-09,1.65775670299581125e-09
1.54038509627406857e+01,1.64695915503465652e-09,1.64445481465938779e-09,1.64946349540992524e-09
1.54088522130532635e+01,1.63874286470794704e-09,1.63627377027110888e-09,1.64121195914478521e-09
1.54138534633658413e+01,1.63056756350526901e-09,1.62813324430050497e-09,1.63300188271003306e-09
1.54188547136784191e+01,1.62243304694168527e-09,1.62003303817321684e-09,1.62483305571015371e-09
1.54238559639909969e+01,1.61433911155238453e-09,1.61197295426614831e-09,1.61670526883862075e-09
1.54288572143035747e+01,1.60628555488759152e-09,1.60395279590310563e-09,1.60861831387207742e-09
1.54338584646161543e+01,1.59827217550750154e-09,1.59597236735045450e-09,1.60057198366454858e-09
1.54388597149287321e+01,1.59029877297725162e-09,1.58803147381280557e-09,1.59256607214169766e-09
1.54438609652413099e+01,1.58236514786189186e-09,1.58012992142869649e-09,1.58460037429508723e-09
1.54488622155538877e+01,1.57447110172140750e-09,1.57226751726631501e-09,1.57667468617650000e-09
1.54538634658664655e+01,1.56661643710575312e-09,1.56444406931922949e-09,1.56878880489227675e-09
1.54588647161790451e+01,1.55880095754990961e-09,1.55665938650213531e-09,1.56094252859768390e-09
1.54638659664916229e+01,1.55102446756898457e-09,1.54891327864663751e-09,1.55313565649133164e-09
1.54688672168042007e+01,1.54328677265330179e-09,1.54120555649701684e-09,1.54536798880958675e-09
1.54738684671167785e+01,1.53558767926355063e-09,1.53353603170604984e-09,1.53763932682105142e-09
1.54788697174293564e+01,1.52792699482594101e-09,1.52590451683082659e-09,1.52994947282105542e-09
1.54838709677419359e+01,1.52030452772738344e-09,1.51831082532858897e-09,1.52229823012617790e-09
1.54888722180545138e+01,1.51272008731070856e-09,1.51075477155260077e-09,1.51468540306881634e-09
1.54938734683670916e+01,1.50517348386988041e-09,1.50323617074800678e-09,1.50711079699175404e-09
1.54988747186796694e+01,1.49766452864526395e-09,1.49575483904773829e-09,1.49957421824278962e-09
1.55038759689922472e+01,1.49019303381889918e-09,1.48831059346842140e-09,1.49207547416937696e-09
1.55088772193048250e+01,1.48275881250980601e-09,1.48090325190630754e-09,1.48461437311330448e-09
1.55138784696174046e+01,1.47536167876930311e-09,1.47353263313321407e-09,1.47719072440539214e-09
1.55188797199299824e+01,1.46800144757637295e-09,1.46619855679250332e-09,1.46980433836024258e-09
1.55238809702425602e+01,1.46067793483301247e-09,1.45890084339504352e-09,1.46245502627098142e-09
1.55288822205551380e+01,1.45339095735964261e-09,1.45163931431522071e-09,1.45514260040406450e-09
1.55338834708677158e+01,1.44614033289052346e-09,1.44441379178695177e-09,1.44786687399409515e-09
1.55388847211802954e+01,1.43892588006919135e-09,1.43722409889971226e-09,1.44062766123867043e-09
1.55438859714928732e+01,1.43174741844393371e-09,1.43007005959459905e-09,1.43342477729326837e-09
1.55488872218054510e+01,1.42460476846326073e-09,1.42295149866038079e-09,1.42625803826614067e-09
1.55538884721180288e+01,1.41749775147142364e-09,1.41586824172959104e-09,1.41912726121325624e-09
1.55588897224306066e+01,1.41042618970394425e-09,1.40882011527462820e-09,1.41203226413326029e-09
1.55638909727431862e+01,1.40338990628316510e-09,1.40180694660386751e-09,1.40497286596246270e-09
1.55688922230557640e+01,1.39638872521383754e-09,1.39482856385780910e-09,1.39794888656986598e-09
1.55738934733683418e+01,1.38942247137870079e-09,1.38788479600520821e-09,1.39096014675219337e-09
1.55788947236809197e+01,1.38249097053411676e-09,1.38097547283925817e-09,1.38400646822897534e-09
1.55838959739934975e+01,1.37559404930570497e-09,1.37410042497376759e-09,1.37708767363764235e-09
1.55888972243060753e+01,1.36873153518400840e-09,1.36725948383936217e-09,1.37020358652865462e-09
1.55938984746186549e+01,1.36190325652017552e-09,1.36045248167969888e-09,1.36335403136065215e-09
1.55988997249312327e+01,1.35510904252167680e-09,1.35367925154770765e-09,1.35653883349564594e-09
1.56039009752438105e+01,1.34834872324801720e-09,1.34693962730182608e-09,1.34975781919420832e-09
1.56089022255563883e+01,1.34162212960649751e-09,1.34023344360227629e-09,1.34301081561071873e-09
1.56139034758689661e+01,1.33492909334797997e-09,1.33356053590734113e-09,1.33629765078861880e-09
1.56189047261815457e+01,1.32826944706267982e-09,1.32692074046966177e-09,1.32961815365569787e-09
1.56239059764941235e+01,1.32164302417598494e-09,1.32031389433255794e-09,1.32297215401941194e-09
1.56289072268067013e+01,1.31504965894427813e-09,1.31373983532634637e-09,1.31635948256220989e-09
1.56339084771192791e+01,1.30848918645079816e-09,1.30719840206469213e-09,1.30977997083690419e-09
1.56389097274318569e+01,1.30196144260151417e-09,1.30068943394096981e-09,1.30323345126205854e-09
1.56439109777444365e+01,1.29546626412101873e-09,1.29421277112463720e-09,1.29671975711740027e-09
1.56489122280570143e+01,1.28900348854845274e-09,1.28776825455763701e-09,1.29023872253926847e-09
1.56539134783695921e+01,1.28257295423342761e-09,1.28135572595079023e-09,1.28379018251606499e-09
1.56589147286821699e+01,1.27617450033199260e-09,1.27497502778023049e-09,1.27737397288375470e-09
1.56639159789947477e+01,1.26980796680260824e-09,1.26862600328383999e-09,1.27098993032137649e-09
1.56689172293073256e+01,1.26347319440214347e-09,1.26230849645770397e-09,1.26463789234658298e-09
1.56739184796199051e+01,1.25717002468189107e-09,1.25602235205257931e-09,1.25831769731120283e-09
1.56789197299324830e+01,1.25089829998361269e-09,1.24976741557038785e-09,1.25202918439683753e-09
1.56839209802450608e+01,1.24465786343558146e-09,1.24354353326070279e-09,1.24577219361046012e-09
1.56889222305576386e+01,1.23844855894866936e-09,1.23735055211727573e-09,1.23954656578006298e-09
1.56939234808702164e+01,1.23227023121243783e-09,1.23118831987456233e-09,1.23335214255031333e-09
1.56989247311827960e+01,1.22612272569125368e-09,1.22505668500426817e-09,1.22718876637823919e-09
1.57039259814953738e+01,1.22000588862043076e-09,1.21895549671191768e-09,1.22105628052894384e-09
1.57089272318079516e+01,1.21391956700237090e-09,1.21288460493341568e-09,1.21495452907132613e-09
1.57139284821205294e+01,1.20786360860274673e-09,1.20684386033164914e-09,1.20888335687384432e-09
1.57189297324331072e+01,1.20183786194669165e-09,1.20083311429308917e-09,1.20284260960029413e-09
1.57239309827456868e+01,1.19584217631500722e-09,1.19485221892440860e-09,1.19683213370560585e-09
1.57289322330582646e+01,1.18987640174040468e-09,1.18890102704912760e-09,1.19085177643168175e-09
1.57339334833708424e+01,1.18394038900373853e-09,1.18297939220424852e-09,1.18490138580322854e-09
1.57389347336834202e+01,1.17803398963028367e-09,1.17708716863692911e-09,1.17898081062363823e-09
1.57439359839959980e+01,1.17215705588602048e-09,1.17122421130116146e-09,1.17308990047087949e-09
1.57489372343085776e+01,1.16630944077393568e-09,1.16539037585445975e-09,1.16722850569341162e-09
1.57539384846211554e+01,1.16049099803035609e-09,1.15958551865457959e-09,1.16139647740613259e-09
1.57589397349337332e+01,1.15470158212127569e-09,1.15380949675622572e-09,1.15559366748632566e-09
1.57639409852463110e+01,1.14894104823872432e-09,1.14806216790779658e-09,1.14981992856965207e-09
1.57689422355588889e+01,1.14320925229714466e-09,1.14234339054813455e-09,1.14407511404615477e-09
1.57739434858714667e+01,1.13750605092978752e-09,1.13665302380329044e-09,1.13835907805628461e-09
1.57789447361840462e+01,1.13183130148512339e-09,1.13099092748329931e-09,1.13267167548694747e-09
1.57839459864966241e+01,1.12618486202328344e-09,1.12535696207898326e-09,1.12701276196758362e-09
1.57889472368092019e+01,1.12056659131249606e-09,1.11975098875874544e-09,1.12138219386624667e-09
1.57939484871217797e+01,1.11497634882556347e-09,1.11417286936540012e-09,1.11577982828572682e-09
1.57989497374343575e+01,1.10941399473634456e-09,1.10862246641300560e-09,1.11020552305968353e-09
1.58039509877469371e+01,1.10387938991625405e-09,1.10309964308371040e-09,1.10465913674879771e-09
1.58089522380595149e+01,1.09837239593079286e-09,1.09760426322462586e-09,1.09914052863695987e-09
1.58139534883720927e+01,1.09289287503607151e-09,1.09213619134468827e-09,1.09364955872745474e-09
1.58189547386846705e+01,1.08744069017537417e-09,1.08669529261156004e-09,1.08818608773918831e-09
1.58239559889972483e+01,1.08201570497572799e-09,1.08128143284852938e-09,1.08274997710292659e-09
1.58289572393098279e+01,1.07661778374448966e-09,1.07589447853142643e-09,1.07734108895755289e-09
1.58339584896224057e+01,1.07124679146596026e-09,1.07053429678556327e-09,1.07195928614635726e-09
1.58389597399349835e+01,1.06590259379799541e-09,1.06520075538266549e-09,1.06660443221332532e-09
1.58439609902475613e+01,1.06058505706865376e-09,1.05989372273783855e-09,1.06127639139946896e-09
1.58489622405601391e+01,1.05529404827285064e-09,1.05461306790653756e-09,1.05597502863916371e-09
1.58539634908727169e+01,1.05002943506903237e-09,1.04935866058155182e-09,1.05070020955651291e-09
1.58589647411852965e+01,1.04479108577586340e-09,1.04413037109000069e-09,1.04545180046172612e-09
1.58639659914978743e+01,1.03957886936893975e-09,1.03892807039035246e-09,1.04022966834752704e-09
1.58689672418104522e+01,1.03439265547750192e-09,1.03375163006943860e-09,1.03503368088556524e-09
1.58739684921230300e+01,1.02923231438118065e-09,1.02860092233949787e-09,1.02986370642286342e-09
1.58789697424356078e+01,1.02409771700674933e-09,1.02347582003522451e-09,1.02471961397827415e-09
1.58839709927481874e+01,1.01898873492489641e-09,1.01837619661083194e-09,1.01960127323896088e-09
1.58889722430607652e+01,1.01390524034701794e-09,1.01330192613713532e-09,1.01450855455690056e-09
1.58939734933733430e+01,1.00884710612201085e-09,1.00825288329863035e-09,1.00944132894539136e-09
1.58989747436859208e+01,1.00381420573310111e-09,1.00322894339060412e-09,1.00439946807559810e-09
1.59039759939984986e+01,9.98806413294675394e-10,9.98229982316246635e-10,9.99382844273104152e-10
1.59089772443110782e+01,9.93823603549133289e-10,9.93255876583780043e-10,9.94391330514486536e-10
1.59139784946236560e+01,9.88865651863758045e-10,9.88306503303602816e-10,9.89424800423913274e-10
1.59189797449362338e+01,9.83932434227591073e-10,9.83381740185435350e-10,9.84483128269746795e-10
1.59239809952488116e+01,9.79023827248337057e-10,9.78481465535493079e-10,9.79566188961181035e-10
1.59289822455613894e+01,9.74139708149274430e-10,9.73605558253661443e-10,9.74673858044887418e-10
1.59339834958739672e+01,9.69279954766185295e-10,9.68753897830688643e-10,9.69806011701681947e-10
1.59389847461865468e+01,9.64444445544298369e-10,9.63926364345386881e-10,9.64962526743209857e-10
1.59439859964991246e+01,9.59633059535254888e-10,9.59122838461856129e-10,9.60143280608653646e-10
1.59489872468117024e+01,9.54845676394073266e-10,9.54343201426700877e-10,9.55348151361445656e-10
1.59539884971242802e+01,9.50082176376146017e-10,9.49587335066279340e-10,9.50577017686012695e-10
1.59589897474368581e+01,9.45342440334242672e-10,9.44855121783953087e-10,9.45829758884532258e-10
1.59639909977494376e+01,9.40626349715528206e-10,9.40146444557352585e-10,9.41106254873703826e-10
1.59689922480620154e+01,9.35933786558604006e-10,9.35461186935659088e-10,9.36406386181548924e-10
1.59739934983745933e+01,9.31264633490547601e-10,9.30799233036886203e-10,9.31730033944209101e-10
1.59789947486871711e+01,9.26618773723984129e-10,9.26160467545187221e-10,9.27077079902781036e-10
1.59839959989997489e+01,9.21996091054162152e-10,9.21544775708166979e-10,9.22447406400157326e-10
1.59889972493123285e+01,9.17396469856046531e-10,9.16952043334206139e-10,9.17840896377886923e-10
1.59939984996249063e+01,9.12819795081433009e-10,9.12382156789805838e-10,9.13257433373060181e-10
1.59989997499374841e+01,9.08265952256059908e-10,9.07835002996926540e-10,9.08696901515193277e-10
1.60040010002500637e+01,9.03734827476750216e-10,9.03310469430354504e-10,9.04159185523145929e-10
1.60090022505626415e+01,8.99226307408567640e-10,8.98808444115080342e-10,8.99644170702054938e-10
1.60140035008752193e+01,8.94740279281972032e-10,8.94328815623673551e-10,8.95151742940270513e-10
1.60190047511877971e+01,8.90276630890004496e-10,8.89871473073685265e-10,8.90681788706323727e-10
1.60240060015003749e+01,8.85835250585480453e-10,8.85436306125056288e-10,8.86234195045904618e-10
1.60290072518129527e+01,8.81416027278195631e-10,8.81023204977534841e-10,8.81808849578856422e-10
1.60340085021255305e+01,8.77018850432149016e-10,8.76632060368110341e-10,8.77405640496187691e-10
1.60390097524381083e+01,8.72643610062776857e-10,8.72262763568454408e-10,8.73024456557099306e-10
1.60440110027506861e+01,8.68290196734201987e-10,8.67915206382376050e-10,8.68665187086027925e-10
1.60490122530632640e+01,8.63958501556496474e-10,8.63589281143287178e-10,8.64327721969705769e-10
1.60540135033758453e+01,8.59648416182955435e-10,8.59284880711677329e-10,8.60011951654233541e-10
1.60590147536884231e+01,8.55359832807398782e-10,8.55001898472613822e-10,8.55717767142183742e-10
1.60640160040010009e+01,8.51092644161456511e-10,8.50740228333223302e-10,8.51445059989689719e-10
1.60690172543135787e+01,8.46846743511898152e-10,8.46499764720215681e-10,8.47193722303580623e-10
1.60740185046261566e+01,8.42622024657959220e-10,8.42280402577402180e-10,8.42963646738516261e-10
1.60790197549387344e+01,8.38418381928685859e-10,8.38082037363229504e-10,8.38754726494142214e-10
1.60840210052513122e+01,8.34235710180291173e-10,8.33904565048324462e-10,8.34566855312257883e-10
1.60890222555638900e+01,8.30073904793525517e-10,8.29747882113049129e-10,8.30399927474001904e-10
1.60940235058764678e+01,8.25932861671059502e-10,8.25611885545067280e-10,8.26253837797051723e-10
1.60990247561890456e+01,8.21812477234880758e-10,8.21496472836922925e-10,8.22128481632838590e-10
1.61040260065016234e+01,8.17712648423702476e-10,8.17401541983627525e-10,8.18023754863777427e-10
1.61090272568142048e+01,8.13633272690383229e-10,8.13326991480257340e-10,8.13939553900509117e-10
1.61140285071267826e+01,8.09574247999373461e-10,8.09272720319574981e-10,8.09875775679171941e-10
1.61190297574393604e+01,8.05535472824145546e-10,8.05238627989632854e-10,8.05832317658658238e-10
1.61240310077519382e+01,8.01516846144667159e-10,8.01224614471417354e-10,8.01809077817916964e-10
1.61290322580645160e+01,7.97518267444870003e-10,7.97230580236486951e-10,7.97805954653253054e-10
1.61340335083770938e+01,7.93539636710136421e-10,7.93256426244626621e-10,7.93822847175646220e-10
1.61390347586896716e+01,7.89580854424798207e-10,7.89302053941511365e-10,7.89859654908085049e-10
1.61440360090022494e+01,7.85641821569646794e-10,7.85367365256380077e-10,7.85916277882913510e-10
1.61490372593148273e+01,7.81722439619456673e-10,7.81452262599720989e-10,7.81992616639192358e-10
1.61540385096274051e+01,7.77822610540521433e-10,7.77556648860966732e-10,7.78088572220076134e-10
1.61590397599399829e+01,7.73942236788201164e-10,7.73680427406200461e-10,7.74204046170201867e-10
1.61640410102525642e+01,7.70081221304480316e-10,7.69823502075869215e-10,7.70338940533091417e-10
1.61690422605651420e+01,7.66239467515550364e-10,7.65985777182520964e-10,7.66493157848579763e-10
1.61740435108777199e+01,7.62416879329378826e-10,7.62167157508526546e-10,7.62666601150231106e-10
1.61790447611902977e+01,7.58613361133315820e-10,7.58367548303836358e-10,7.58859173962795282e-10
1.61840460115028755e+01,7.54828817791699891e-10,7.54586855283735593e-10,7.55070780299664188e-10
1.61890472618154533e+01,7.51063154643479451e-10,7.50824984626612921e-10,7.51301324660345981e-10
1.61940485121280311e+01,7.47316277499843428e-10,7.47081842971736406e-10,7.47550712027950449e-10
1.61990497624406089e+01,7.43588092641866692e-10,7.43357337417042971e-10,7.43818847866690413e-10
1.62040510127531867e+01,7.39878506818165209e-10,7.39651375516935924e-10,7.40105638119394493e-10
1.62090522630657645e+01,7.36187427242564214e-10,7.35963865280093242e-10,7.36410989205035186e-10
1.62140535133783459e+01,7.32514761591774252e-10,7.32294715167282881e-10,7.32734808016265624e-10
1.62190547636909237e+01,7.28860418003092337e-10,7.28643834089200838e-10,7.29077001916983836e-10
1.62240560140035015e+01,7.25224305072088636e-10,7.25011131404293907e-10,7.25437478739883366e-10
1.62290572643160793e+01,7.21606331850331419e-10,7.21396516916618317e-10,7.21816146784044520e-10
1.62340585146286571e+01,7.18006407843108374e-10,7.17799900873693508e-10,7.18212914812523240e-10
1.62390597649412349e+01,7.14424443007164068e-10,7.14221193964370896e-10,7.14627692049957241e-10
1.62440610152538127e+01,7.10860347748447224e-10,7.10660307316710300e-10,7.11060388180184148e-10
1.62490622655663906e+01,7.07314032919869986e-10,7.07117152495867009e-10,7.07510913343872964e-10
1.62540635158789684e+01,7.03785409819077745e-10,7.03591641501987849e-10,7.03979178136167641e-10
1.62590647661915462e+01,7.00274390186231253e-10,7.00083686768118827e-10,7.00465093604343678e-10
1.62640660165041240e+01,6.96780886201798366e-10,6.96593201158119298e-10,6.96968571245477434e-10
1.62690672668167053e+01,6.93304810484354881e-10,6.93120097964585424e-10,6.93489523004124339e-10
1.62740685171292832e+01,6.89846076088409255e-10,6.89664290906795255e-10,6.90027861270023256e-10
1.62790697674418610e+01,6.86404596502213371e-10,6.86225694128638192e-10,6.86583498875788549e-10
1.62840710177544388e+01,6.82980285645607004e-10,6.82804222196577538e-10,6.83156349094636469e-10
1.62890722680670166e+01,6.79573057867864573e-10,6.79399790097613150e-10,6.79746325638115995e-10
1.62940735183795944e+01,6.76182827945550153e-10,6.76012313237251644e-10,6.76353342653848663e-10
1.62990747686921722e+01,6.72809511080388420e-10,6.72641707437490346e-10,6.72977314723286494e-10
1.63040760190047500e+01,6.69453022897141997e-10,6.69287888934807349e-10,6.69618156859476644e-10
1.63090772693173278e+01,6.66113279441501009e-10,6.65950774378161184e-10,6.66275784504840834e-10
1.63140785196299056e+01,6.62790197177984320e-10,6.62630280827002275e-10,6.62950113528966366e-10
1.63190797699424834e+01,6.59483692987848936e-10,6.59326325749289878e-10,6.59641060226407994e-10
1.63240810202550648e+01,6.56193684167009438e-10,6.56038827019518534e-10,6.56348541314500342e-10
1.63290822705676426e+01,6.52920088423977890e-10,6.52767702916763643e-10,6.53072473931192137e-10
1.63340835208802204e+01,6.49662823877792579e-10,6.49512872122714433e-10,6.49812775632870725e-10
1.63390847711927982e+01,6.46421809055978291e-10,6.46274253719737529e-10,6.46569364392219052e-10
1.63440860215053760e+01,6.43196962892506895e-10,6.43051767188938867e-10,6.43342158596074922e-10
1.63490872718179538e+01,6.39988204725768995e-10,6.39845332408236263e-10,6.40131077043301728e-10
1.63540885221305317e+01,6.36795454296556955e-10,6.36654869650441487e-10,6.36936038942672423e-10
1.63590897724431095e+01,6.33618631746057120e-10,6.33480299581351237e-10,6.33756963910763002e-10
1.63640910227556873e+01,6.30457657613852695e-10,6.30321543257846382e-10,6.30593771969859009e-10
1.63690922730682651e+01,6.27312452835935618e-10,6.27178522125999782e-10,6.27446383545871454e-10
1.63740935233808464e+01,6.24182938742727216e-10,6.24051158019191769e-10,6.24314719466262664e-10
1.63790947736934243e+01,6.21069037057119549e-10,6.20939373156244850e-10,6.21198700957994247e-10
1.63840960240060021e+01,6.17970669892503199e-10,6.17843090139543737e-10,6.18098249645462662e-10
1.63890972743185799e+01,6.14887759750829400e-10,6.14762231953188868e-10,6.15013287548469933e-10
1.63940985246311577e+01,6.11820229520668433e-10,6.11696721961144664e-10,6.11943737080192202e-10
1.63990997749437355e+01,6.08768002475281054e-10,6.08646483905400497e-10,6.08889521045161611e-10
1.64041010252563133e+01,6.05731002270699542e-10,6.05611441904138900e-10,6.05850562637260185e-10
1.64091022755688911e+01,6.02709152943817945e-10,6.02591520449913185e-10,6.02826785437722706e-10
1.64141035258814689e+01,5.99702378910492457e-10,5.99586644407833642e-10,5.99818113413151273e-10
1.64191047761940467e+01,5.96710604963650072e-10,5.96596739013760354e-10,5.96824470913539789e-10
1.64241060265066245e+01,5.93733756271408504e-10,5.93621729872507497e-10,5.93845782670309510e-10
1.64291072768192059e+01,5.90771758375201487e-10,5.90661542956050832e-10,5.90881973794352141e-10
1.64341085271317837e+01,5.87824537187925064e-10,5.87716104601755995e-10,5.87932969774094132e-10
1.64391097774443615e+01,5.84892018992072189e-10,5.84785341510593127e-10,5.84998696473551252e-10
1.64441110277569393e+01,5.81974130437896802e-10,5.81869180745381389e-10,5.82079080130412216e-10
1.64491122780695171e+01,5.79070798541577176e-10,5.78967549729030378e-10,5.79174047354123974e-10
1.64541135283820950e+01,5.76181950683391053e-10,5.76080376242793226e-10,5.76283525123988879e-10
1.64591147786946728e+01,5.73307514605897709e-10,5.73207588424525073e-10,5.73407440787270346e-10
1.64641160290072506e+01,5.70447418412132634e-10,5.70349114766954050e-10,5.70545722057311218e-10
1.64691172793198284e+01,5.67601590563807582e-10,5.67504884115955684e-10,5.67698297011659480e-10
1.64741185296324062e+01,5.64769959879521694e-10,5.64674825668838042e-10,5.64865094090205347e-10
1.64791197799449876e+01,5.61952455532979750e-10,5.61858868972633194e-10,5.62046042093326307e-10
1.64841210302575654e+01,5.59149007051227481e-10,5.59056943922404280e-10,5.59241070180050681e-10
1.64891222805701432e+01,5.56359544312877888e-10,5.56268980759543180e-10,5.56450107866212595e-10
1.64941235308827210e+01,5.53583997546364546e-10,5.53494910070094222e-10,5.53673085022634870e-10
1.64991247811952988e+01,5.50822297328195016e-10,5.50734662783076671e-10,5.50909931873313360e-10
1.65041260315078766e+01,5.48074374581213861e-10,5.47988170168816606e-10,5.48160578993611117e-10
1.65091272818204544e+01,5.45340160572875297e-10,5.45255363837287084e-10,5.45424957308463509e-10
1.65141285321330322e+01,5.42619586913524093e-10,5.42536175736456054e-10,5.42702998090592132e-10
1.65191297824456100e+01,5.39912585554684661e-10,5.39830538150641091e-10,5.39994632958728231e-10
1.65241310327581878e+01,5.37219088787358507e-10,5.37138383698872514e-10,5.37299793875844500e-10
1.65291322830707657e+01,5.34539029240332130e-10,5.34459645333265282e-10,5.34618413147398977e-10
1.65341335333833470e+01,5.31872339878488332e-10,5.31794256337393796e-10,5.31950423419582869e-10
1.65391347836959248e+01,5.29218954001138420e-10,5.29142150324687268e-10,5.29295757677589571e-10
1.65441360340085026e+01,5.26578805240341573e-10,5.26503261236810519e-10,5.26654349243872628e-10
1.65491372843210804e+01,5.23951827559252662e-10,5.23877523342073411e-10,5.24026131776431914e-10
1.65541385346336583e+01,5.21337955250469225e-10,5.21264871233837903e-10,5.21411039267100547e-10
1.65591397849462361e+01,5.18737122934386622e-10,5.18665239828932971e-10,5.18809006039840273e-10
1.65641410352588139e+01,5.16149265557564147e-10,5.16078564366079548e-10,5.16219966749048746e-10
1.65691422855713917e+01,5.13574318391097134e-10,5.13504780404320847e-10,5.13643856377873422e-10
1.65741435358839695e+01,5.11012217028997652e-10,5.10943823821460334e-10,5.11080610236534969e-10
1.65791447861965473e+01,5.08462897386584391e-10,5.08395630812508491e-10,5.08530163960660290e-10
1.65841460365091251e+01,5.05926295698879179e-10,5.05860137888134848e-10,5.05992453509623510e-10
1.65891472868217065e+01,5.03402348519010106e-10,5.03337281873126946e-10,5.03467415164893267e-10
1.65941485371342843e+01,5.00890992716632543e-10,5.00826999904865122e-10,5.00954985528399965e-10
1.65991497874468621e+01,4.98392165476338056e-10,4.98329229431786122e-10,4.98455101520889990e-10
1.66041510377594399e+01,4.95905804296091864e-10,4.95843908211872877e-10,4.95967700380310851e-10
1.66091522880720177e+01,4.93431846985666571e-10,4.93370974311141278e-10,4.93492719660191865e-10
1.66141535383845955e+01,4.90970231665086968e-10,4.90910366102136571e-10,4.91030097228037365e-10
1.66191547886971733e+01,4.88520896763082785e-10,4.88462022262436882e-10,4.88579771263728687e-10
1.66241560390097511e+01,4.86083781015547863e-10,4.86025881773163775e-10,4.86141680257931951e-10
1.66291572893223289e+01,4.83658823464008011e-10,4.83601883917498910e-10,4.83715763010517112e-10
1.66341585396349068e+01,4.81245963454096819e-10,4.81189968279209493e-10,4.81301958628984145e-10
1.66391597899474881e+01,4.78845140634035922e-10,4.78790074741177442e-10,4.78900206526894403e-10
1.66441610402600659e+01,4.76456294953132944e-10,4.76402143483944480e-10,4.76510446422321408e-10
1.66491622905726437e+01,4.74079366660269306e-10,4.74026114984247822e-10,4.74132618336290789e-10
1.66541635408852216e+01,4.71714296302412027e-10,4.71661930013578498e-10,4.71766662591245556e-10
1.66591647911977994e+01,4.69361024723125006e-10,4.69309529636738651e-10,4.69412519809511360e-10
1.66641660415103772e+01,4.67019493061089917e-10,4.66968855210408235e-10,4.67070130911771598e-10
1.66691672918229550e+01,4.64689642748633312e-10,4.64639848381716479e-10,4.64739437115550146e-10
1.66741685421355328e+01,4.62371415510262153e-10,4.62322451086822233e-10,4.62420379933702072e-10
1.66791697924481106e+01,4.60064753361205794e-10,4.60016605549499496e-10,4.60112901172912093e-10
1.66841710427606884e+01,4.57769598605966047e-10,4.57722254279730582e-10,4.57816942932201513e-10
1.66891722930732662e+01,4.55485893836873692e-10,4.55439340072305395e-10,4.55532447601441989e-10
1.66941735433858476e+01,4.53213581932651360e-10,4.53167806005426341e-10,4.53259357859876378e-10
1.66991747936984254e+01,4.50952606056990724e-10,4.50907595439327034e-10,4.50997616674654414e-10
1.67041760440110032e+01,4.48702909657121692e-10,4.48658652014882274e-10,4.48747167299361111e-10
1.67091772943235810e+01,4.46464436462404073e-10,4.46420919652240510e-10,4.46507953272567636e-10
1.67141785446361588e+01,4.44237130482918478e-10,4.44194342549454288e-10,4.44279918416382668e-10
1.67191797949487366e+01,4.42020936008066006e-10,4.41978865181119537e-10,4.42063006835012475e-10
1.67241810452613144e+01,4.39815797605174807e-10,4.39774432297020961e-10,4.39857162913328653e-10
1.67291822955738922e+01,4.37621660118113261e-10,4.37580988920783470e-10,4.37662331315443051e-10
1.67341835458864701e+01,4.35438468665910758e-10,4.35398480348531018e-10,4.35478456983290499e-10
1.67391847961990479e+01,4.33266168641384736e-10,4.33226852147550802e-10,4.33305485135218671e-10
1.67441860465116292e+01,4.31104705709773451e-10,4.31066050154962955e-10,4.31143361264583947e-10
1.67491872968242070e+01,4.28954025807382968e-10,4.28916020476403979e-10,4.28992031138361958e-10
1.67541885471367848e+01,4.26814075140225678e-10,4.26776709484701142e-10,4.26851440795750214e-10
1.67591897974493627e+01,4.24684800182680931e-10,4.24648063818568475e-10,4.24721536546793387e-10
1.67641910477619405e+01,4.22566147676154752e-10,4.22530030381301432e-10,4.22602264971008071e-10
1.67691922980745183e+01,4.20458064627747608e-10,4.20422556339479301e-10,4.20493572916015914e-10
1.67741935483870961e+01,4.18360498308929114e-10,4.18325589121673872e-10,4.18395407496184357e-10
1.67791947986996739e+01,4.16273396254218888e-10,4.16239076417163686e-10,4.16307716091274089e-10
1.67841960490122517e+01,4.14196706259874170e-10,4.14162966174655219e-10,4.14230446345093121e-10
1.67891972993248295e+01,4.12130376382584798e-10,4.12097206601010104e-10,4.12163546164159492e-10
1.67941985496374073e+01,4.10074354938173030e-10,4.10041746159977583e-10,4.10106963716368477e-10
1.67991997999499887e+01,4.08028590500299940e-10,4.07996533570932436e-10,4.08060647429667443e-10
1.68042010502625665e+01,4.05993031899184885e-10,4.05961517807626143e-10,4.06024545990743627e-10
1.68092023005751443e+01,4.03967628220316560e-10,4.03936648096928747e-10,4.03998608343704374e-10
1.68142035508877221e+01,4.01952328803185543e-10,4.01921873917592056e-10,4.01982783688779029e-10
1.68192048012002999e+01,3.99947083240015918e-10,3.99917144999011468e-10,3.99977021481020368e-10
1.68242060515128777e+01,3.97951841374503879e-10,3.97922411319994132e-10,3.97981271429013627e-10
1.68292073018254555e+01,3.95966553300563932e-10,3.95937623107534936e-10,3.95995483493592927e-10
1.68342085521380334e+01,3.93991169361079844e-10,3.93962730835595897e-10,3.94019607886563792e-10
1.68392098024506112e+01,3.92025640146663006e-10,3.91997685223893718e-10,3.92053595069432294e-10
1.68442110527631890e+01,3.90069916494416819e-10,3.90042437236691796e-10,3.90097395752141842e-10
1.68492123030757668e+01,3.88123949486706427e-10,3.88096938081598123e-10,3.88150960891814732e-10
1.68542135533883481e+01,3.86187690449934280e-10,3.86161139208368301e-10,3.86214241691500260e-10
1.68592148037009260e+01,3.84261090953327694e-10,3.84234992307720093e-10,3.84287189598935294e-10
1.68642160540135038e+01,3.82344102807719946e-10,3.82318449310141090e-10,3.82369756305298801e-10
1.68692173043260816e+01,3.80436678064349677e-10,3.80411462384714787e-10,3.80461893743984568e-10
1.68742185546386594e+01,3.78538769013660706e-10,3.78513983937946196e-10,3.78563554089375216e-10
1.68792198049512372e+01,3.76650328184108453e-10,3.76625966612593968e-10,3.76674689755622939e-10
1.68842210552638150e+01,3.74771308340972528e-10,3.74747363286508204e-10,3.74795253395436852e-10
1.68892223055763928e+01,3.72901662485175566e-10,3.72878127071474422e-10,3.72925197898876710e-10
1.68942235558889706e+01,3.71041343852107337e-10,3.71018211312062064e-10,3.71064476392152610e-10
1.68992248062015484e+01,3.69190305910455220e-10,3.69167569584479477e-10,3.69213042236430962e-10
1.69042260565141298e+01,3.67348502361038906e-10,3.67326155695432451e-10,3.67370849026645361e-10
1.69092273068267076e+01,3.65515887135657833e-10,3.65493923680995224e-10,3.65537850590320441e-10
1.69142285571392854e+01,3.63692414395930541e-10,3.63670827805473314e-10,3.63714000986387767e-10
1.69192298074518632e+01,3.61878038532154046e-10,3.61856822560285740e-10,3.61899254504022351e-10
1.69242310577644410e+01,3.60072714162161088e-10,3.60051862662845069e-10,3.60093565661477107e-10
1.69292323080770188e+01,3.58276396130185501e-10,3.58255903055444966e-10,3.58296889204926035e-10
1.69342335583895967e+01,3.56489039505732329e-10,3.56468898904152594e-10,3.56509180107312064e-10
1.69392348087021745e+01,3.54710599582454471e-10,3.54690805597706866e-10,3.54730393567202076e-10
1.69442360590147523e+01,3.52941031877033914e-10,3.52921578746421238e-10,3.52960485007646591e-10
1.69492373093273301e+01,3.51180292128069695e-10,3.51161174181092659e-10,3.51199410075046732e-10
1.69542385596399079e+01,3.49428336294970097e-10,3.49409547951915018e-10,3.49447124638025176e-10
1.69592398099524893e+01,3.47685120556850690e-10,3.47666656327397242e-10,3.47703584786304138e-10
1.69642410602650671e+01,3.45950601311442454e-10,3.45932455793292254e-10,3.45968746829592654e-10
1.69692423105776449e+01,3.44224735173994212e-10,3.44206903051519053e-10,3.44242567296469371e-10
1.69742435608902227e+01,3.42507478976192127e-10,3.42489955019102164e-10,3.42525002933282090e-10
1.69792448112028005e+01,3.40798789765079040e-10,3.40781568827110417e-10,3.40816010703047663e-10
1.69842460615153783e+01,3.39098624801979758e-10,3.39081701819601415e-10,3.39115547784358101e-10
1.69892473118279561e+01,3.37406941561432284e-10,3.37390311552571683e-10,3.37423571570292884e-10
1.69942485621405339e+01,3.35723697730124112e-10,3.35707355792911684e-10,3.35740039667336540e-10
1.69992498124531117e+01,3.34048851205833855e-10,3.34032792517365948e-10,3.34064909894301761e-10
1.70042510627656895e+01,3.32382360096378082e-10,3.32366579911498009e-10,3.32398140281258155e-10
1.70092523130782709e+01,3.30724182718562253e-10,3.30708676368659121e-10,3.30739689068465385e-10
1.70142535633908487e+01,3.29074277597143172e-10,3.29059040488968704e-10,3.29089514705317639e-10
1.70192548137034265e+01,3.27432603463784257e-10,3.27417631078286727e-10,3.27447575849281786e-10
1.70242560640160043e+01,3.25799119256027771e-10,3.25784407147203203e-10,3.25813831364852339e-10
1.70292573143285821e+01,3.24173784116267412e-10,3.24159327910027896e-10,3.24188240322506928e-10
1.70342585646411599e+01,3.22556557390725139e-10,3.22542352783783583e-10,3.22570761997666696e-10
1.70392598149537378e+01,3.20947398628435398e-10,3.20933441387207031e-10,3.20961355869663765e-10
1.70442610652663156e+01,3.19346267580233012e-10,3.19332553539752919e-10,3.19359981620713105e-10
1.70492623155788934e+01,3.17753124197745986e-10,3.17739649260602661e-10,3.17766599134889312e-10
1.70542635658914712e+01,3.16167928632394466e-10,3.16154688767679295e-10,3.16181168497109637e-10
1.70592648162040490e+01,3.14590641234393722e-10,3.14577632476665973e-10,3.14603649992121471e-10
1.70642660665166304e+01,3.13021222551761124e-10,3.13008441000028291e-10,3.13034004103493958e-10
1.70692673168292082e+01,3.11459633329334120e-10,3.11447075146047415e-10,3.11472191512620824e-10
1.70742685671417860e+01,3.09905834507781497e-10,3.09893495917846132e-10,3.09918173097716862e-10
1.70792698174543638e+01,3.08359787222631030e-10,3.08347664512431484e-10,3.08371909932830577e-10
1.70842710677669416e+01,3.06821452803295842e-10,3.06809542319735452e-10,3.06833363286856231e-10
1.70892723180795194e+01,3.05290792772107837e-10,3.05279090921662665e-10,3.05302494622553009e-10
1.70942735683920972e+01,3.03767768843354610e-10,3.03756272091141513e-10,3.03779265595567707e-10
1.70992748187046750e+01,3.02252342922322240e-10,3.02241047791180858e-10,3.02263638053463622e-10
1.71042760690172528e+01,3.00744477104342430e-10,3.00733380173930819e-10,3.00755574034754040e-10
1.71092773193298306e+01,2.99244133673844094e-10,2.99233231579747802e-10,2.99255035767940385e-10
1.71142785696424085e+01,2.97751275103410267e-10,2.97740564536264901e-10,2.97761985670555634e-10
1.71192798199549898e+01,2.96265864052838429e-10,2.96255341757465299e-10,2.96276386348211558e-10
1.71242810702675676e+01,2.94787863368210543e-10,2.94777526142765140e-10,2.94798200593655946e-10
1.71292823205801454e+01,2.93317236080957623e-10,2.93307080776091056e-10,2.93327391385824189e-10
1.71342835708927232e+01,2.91853945406939129e-10,2.91843968924971934e-10,2.91863921888906325e-10
1.71392848212053011e+01,2.90397954745521803e-10,2.90388154039630403e-10,2.90407755451413203e-10
1.71442860715178789e+01,2.88949227678664490e-10,2.88939599752079561e-10,2.88958855605249419e-10
1.71492873218304567e+01,2.87507727970006901e-10,2.87498269875224185e-10,2.87517186064789617e-10
1.71542885721430345e+01,2.86073419563963279e-10,2.86064128401965986e-10,2.86082710725960572e-10
1.71592898224556123e+01,2.84646266584820929e-10,2.84637139504313817e-10,2.84655393665328042e-10
1.71642910727681901e+01,2.83226233335842364e-10,2.83217267532497711e-10,2.83235199139187016e-10
1.71692923230807715e+01,2.81813284298371740e-10,2.81804477014086283e-10,2.81822091582657197e-10
1.71742935733933493e+01,2.80407384130950452e-10,2.80398732653113895e-10,2.80416035608787009e-10
1.71792948237059271e+01,2.79008497668426978e-10,2.78999999329201313e-10,2.79016996007652643e-10
1.71842960740185049e+01,2.77616589921081518e-10,2.77608242096691305e-10,2.77624937745471731e-10
1.71892973243310827e+01,2.76231626073749595e-10,2.76223426183783044e-10,2.76239825963716146e-10
1.71942985746436605e+01,2.74853571484951449e-10,2.74845516991672104e-10,2.74861625978230793e-10
1.71992998249562383e+01,2.73482391686025459e-10,2.73474480093694271e-10,2.73490303278356646e-10
1.72043010752688161e+01,2.72118052380265965e-10,2.72110281234473552e-10,2.72125823526058378e-10
1.72093023255813939e+01,2.70760519442065482e-10,2.70752886329074776e-10,2.70768152555056187e-10
1.72143035758939718e+01,2.69409758916061046e-10,2.69402261462159665e-10,2.69417256369962427e-10
1.72193048262065496e+01,2.68065737016285221e-10,2.68058372887147866e-10,2.68073101145422576e-10
1.72243060765191309e+01,2.66728420125319374e-10,2.66721187025379948e-10,2.66735653225258799e-10
1.72293073268317087e+01,2.65397774793457548e-10,2.65390670465290684e-10,2.65404879121624412e-10
1.72343085771442865e+01,2.64073767737863313e-10,2.64066789961575413e-10,2.64080745514151213e-10
1.72393098274568644e+01,2.62756365841741545e-10,2.62749512434371229e-10,2.62763219249111861e-10
1.72443110777694422e+01,2.61445536153508819e-10,2.61438804968436370e-10,2.61452267338581267e-10
1.72493123280820200e+01,2.60141245885969535e-10,2.60134634812335290e-10,2.60147856959603780e-10
1.72543135783945978e+01,2.58843462415495565e-10,2.58836969377627605e-10,2.58849955453363525e-10
1.72593148287071756e+01,2.57552153281210338e-10,2.57545776238060405e-10,2.57558530324360270e-10
1.72643160790197534e+01,2.56267286184177018e-10,2.56261023128765479e-10,2.56273549239588558e-10
1.72693173293323312e+01,2.54988828986590555e-10,2.54982677945459733e-10,2.54994980027721377e-10
1.72743185796449090e+01,2.53716749710973506e-10,2.53710708743649346e-10,2.53722790678297665e-10
1.72793198299574904e+01,2.52451016539376053e-10,2.52445083737838156e-10,2.52456949340913949e-10
1.72843210802700682e+01,2.51191597812582941e-10,2.51185771300742613e-10,2.51197424324423269e-10
1.72893223305826460e+01,2.49938462029316750e-10,2.49932739962503219e-10,2.49944184096130281e-10
1.72943235808952238e+01,2.48691577845453312e-10,2.48685958409907856e-10,2.48697197280998769e-10
1.72993248312078016e+01,2.47450914073236975e-10,2.47445395485614699e-10,2.47456432660859251e-10
1.73043260815203794e+01,2.46216439680500316e-10,2.46211020187379637e-10,2.46221859173620995e-10
1.73093273318329572e+01,2.44988123789888087e-10,2.44982801667288020e-10,2.44993445912488153e-10
1.73143285821455351e+01,2.43765935678084888e-10,2.43760709230989419e-10,2.43771162125180358e-10
1.73193298324581129e+01,2.42549844775046772e-10,2.42544712336936929e-10,2.42554977213156614e-10
1.73243310827706907e+01,2.41339820663236300e-10,2.41334780595629160e-10,2.41344860730843441e-10
1.73293323330832720e+01,2.40135833076861289e-10,2.40130883768856316e-10,2.40140782384866262e-10
1.73343335833958498e+01,2.38937851901120980e-10,2.38932991768953402e-10,2.38942712033288558e-10
1.73393348337084277e+01,2.37745847171447522e-10,2.37741074658048425e-10,2.37750619684846619e-10
1.73443360840210055e+01,2.36559789072760160e-10,2.36555102647323667e-10,2.36564475498196653e-10
1.73493373343335833e+01,2.35379647938718605e-10,2.35375046096275618e-10,2.35384249781161592e-10
1.73543385846461611e+01,2.34205394250980843e-10,2.34200875511979353e-10,2.34209912989982332e-10
1.73593398349587389e+01,2.33036998638464981e-10,2.33032561548357151e-10,2.33041435728572811e-10
1.73643410852713167e+01,2.31874431876614298e-10,2.31870075005449616e-10,2.31878788747778980e-10
1.73693423355838945e+01,2.30717664886666687e-10,2.30713386828691846e-10,2.30721942944641528e-10
1.73743435858964723e+01,2.29566668734927128e-10,2.29562468108191796e-10,2.29570869361662459e-10
1.73793448362090501e+01,2.28421414632043872e-10,2.28417290078012849e-10,2.28425539186074896e-10
1.73843460865216315e+01,2.27281873932287666e-10,2.27277824115458956e-10,2.27285923749116376e-10
1.73893473368342093e+01,2.26148018132838378e-10,2.26144041740367316e-10,2.26151994525309439e-10
1.73943485871467871e+01,2.25019818873067449e-10,2.25015914614396667e-10,2.25023723131738231e-10
1.73993498374593649e+01,2.23897247933831533e-10,2.23893414540326637e-10,2.23901081327336430e-10
1.74043510877719427e+01,2.22780277236765823e-10,2.22776513461356938e-10,2.22784041012174708e-10
1.74093523380845205e+01,2.21668878843582034e-10,2.21665183460410836e-10,2.21672574226753233e-10
1.74143535883970983e+01,2.20563024955369283e-10,2.20559396759441628e-10,2.20566653151296938e-10
1.74193548387096762e+01,2.19462687911898788e-10,2.19459125718742756e-10,2.19466250105054819e-10
1.74243560890222540e+01,2.18367840190932373e-10,2.18364342836261707e-10,2.18371337545603040e-10
1.74293573393348318e+01,2.17278454407533584e-10,2.17275020746916401e-10,2.17281888068150767e-10
1.74343585896474131e+01,2.16194503313382287e-10,2.16191132221915019e-10,2.16197874404849554e-10
1.74393598399599909e+01,2.15115959796096047e-10,2.15112650168082492e-10,2.15119269424109602e-10
1.74443610902725688e+01,2.14042796878547472e-10,2.14039547627182941e-10,2.14046046129912003e-10
1.74493623405851466e+01,2.12974987718192257e-10,2.12971797775252630e-10,2.12978177661131884e-10
1.74543635908977244e+01,2.11912505606397409e-10,2.11909373921933158e-10,2.11915637290861660e-10
1.74593648412103022e+01,2.10855323967772990e-10,2.10852249509808059e-10,2.10858398425737921e-10
1.74643660915228800e+01,2.09803416359507295e-10,2.09800398113742606e-10,2.09806434605271984e-10
1.74693673418354578e+01,2.08756756470705628e-10,2.08753793440227424e-10,2.08759719501183832e-10
1.74743685921480356e+01,2.07715318121732118e-10,2.07712409326724827e-10,2.07718226916739410e-10
1.74793698424606134e+01,2.06679075263554858e-10,2.06676219741018584e-10,2.06681930786091133e-10
1.74843710927731912e+01,2.05648001977094573e-10,2.05645198780566958e-10,2.05650805173622188e-10
1.74893723430857726e+01,2.04622072472575283e-10,2.04619320671857893e-10,2.04624824273292674e-10
1.74943735933983504e+01,2.03601261088882338e-10,2.03598559769771255e-10,2.03603962407993421e-10
1.74993748437109282e+01,2.02585542292916126e-10,2.02582890556937024e-10,2.02588194028895228e-10
1.75043760940235060e+01,2.01574890678956387e-10,2.01572287643103604e-10,2.01577493714809171e-10
1.75093773443360838e+01,2.00569280968026061e-10,2.00566725764505966e-10,2.00571836171546155e-10
1.75143785946486616e+01,1.99568688007258750e-10,1.99566179783237095e-10,1.99571196231280405e-10
1.75193798449612395e+01,1.98573086769270011e-10,1.98570624686623385e-10,1.98575548851916637e-10
1.75243810952738173e+01,1.97582452351530898e-10,1.97580035586602142e-10,1.97584869116459654e-10
1.75293823455863951e+01,1.96596759975745477e-10,1.96594387719102947e-10,1.96599132232388006e-10
1.75343835958989729e+01,1.95615984987230730e-10,1.95613656443431442e-10,1.95618313531030018e-10
1.75393848462115507e+01,1.94640102854300175e-10,1.94637817241656744e-10,1.94642388466943606e-10
1.75443860965241321e+01,1.93669089167649321e-10,1.93666845718000575e-10,1.93671332617298068e-10
1.75493873468367099e+01,1.92702919639748080e-10,1.92700717598233367e-10,1.92705121681262793e-10
1.75543885971492877e+01,1.91741570104228935e-10,1.91739408729066157e-10,1.91743731479391713e-10
1.75593898474618655e+01,1.90785016515285558e-10,1.90782895077552535e-10,1.90787137953018581e-10
1.75643910977744433e+01,1.89833234947070204e-10,1.89831152730489789e-10,1.89835317163650619e-10
1.75693923480870211e+01,1.88886201593095844e-10,1.88884157893824241e-10,1.88888245292367448e-10
1.75743935983995989e+01,1.87943892765640156e-10,1.87941886892058911e-10,1.87945898639221401e-10
1.75793948487121767e+01,1.87006284895153335e-10,1.87004316167664402e-10,1.87008253622642269e-10
1.75843960990247545e+01,1.86073354529668556e-10,1.86071422280492904e-10,1.86075286778844208e-10
1.75893973493373323e+01,1.85145078334215261e-10,1.85143181907194479e-10,1.85146974761236042e-10
1.75943985996499137e+01,1.84221433090234889e-10,1.84219571840636207e-10,1.84223294339833571e-10
1.75993998499624915e+01,1.83302395695002808e-10,1.83300568989327136e-10,1.83304222400678480e-10
1.76044011002750693e+01,1.82387943161046467e-10,1.82386150376839567e-10,1.82389735945253367e-10
1.76094023505876471e+01,1.81478052615572913e-10,1.81476293141239618e-10,1.81479812089906207e-10
1.76144036009002249e+01,1.80572701299896326e-10,1.80570974534517737e-10,1.80574428065274916e-10
1.76194048512128028e+01,1.79671866568868512e-10,1.79670171922022208e-10,1.79673561215714815e-10
1.76244061015253806e+01,1.78775525890312585e-10,1.78773862781895667e-10,1.78777188998729504e-10
1.76294073518379584e+01,1.77883656844459383e-10,1.77882024704514474e-10,1.77885288984404292e-10
1.76344086021505362e+01,1.76996237123386708e-10,1.76994635391930680e-10,1.76997838854842736e-10
1.76394098524631140e+01,1.76113244530461219e-10,1.76111672657316756e-10,1.76114816403605682e-10
1.76444111027756918e+01,1.75234656979783465e-10,1.75233114424413344e-10,1.75236199535153587e-10
1.76494123530882732e+01,1.74360452495634611e-10,1.74358938726978668e-10,1.74361966264290555e-10
1.76544136034008510e+01,1.73490609211929485e-10,1.73489123708244246e-10,1.73492094715614725e-10
1.76594148537134288e+01,1.72625105371665705e-10,1.72623647620366602e-10,1.72626563122964808e-10
1.76644161040260066e+01,1.71763919326381976e-10,1.71762488823888148e-10,1.71765349828875805e-10
1.76694173543385844e+01,1.70907029535616292e-10,1.70905625787197967e-10,1.70908433284034617e-10
1.76744186046511622e+01,1.70054414566366713e-10,1.70053037085994923e-10,1.70055792046738502e-10
1.76794198549637400e+01,1.69206053092555610e-10,1.69204701402754538e-10,1.69207404782356681e-10
1.76844211052763178e+01,1.68361923894496085e-10,1.68360597526197689e-10,1.68363250262794482e-10
1.76894223555888956e+01,1.67522005858361284e-10,1.67520704350762397e-10,1.67523307365960170e-10
1.76944236059014735e+01,1.66686277975656183e-10,1.66685000876077873e-10,1.66687555075234493e-10
1.76994248562140548e+01,1.65854719342691640e-10,1.65853466206440886e-10,1.65855972478942393e-10
1.77044261065266326e+01,1.65027309160063883e-10,1.65026079550297557e-10,1.65028538769830210e-10
1.77094273568392104e+01,1.64204026732130655e-10,1.64202820219721671e-10,1.64205233244539639e-10
1.77144286071517882e+01,1.63384851466495897e-10,1.63383667629901616e-10,1.63386035303090178e-10
1.77194298574643661e+01,1.62569762873494318e-10,1.62568601298627091e-10,1.62570924448361545e-10
1.77244311077769439e+01,1.61758740565678592e-10,1.61757600845778376e-10,1.61759880285578808e-10
1.77294323580895217e+01,1.60951764257309607e-10,1.60950645992818749e-10,1.60952882521800465e-10
1.77344336084020995e+01,1.60148813763849045e-10,1.60147716562289112e-10,1.60149910965408978e-10
1.77394348587146773e+01,1.59349869001454435e-10,1.59348792477305003e-10,1.59350945525603868e-10
1.77444361090272551e+01,1.58554909986476878e-10,1.58553853761056394e-10,1.58555966211897362e-10
1.77494373593398329e+01,1.57763916834961246e-10,1.57762880536309854e-10,1.57764953133612639e-10
1.77544386096524143e+01,1.56976869762148092e-10,1.56975853024912316e-10,1.56977886499383868e-10
1.77594398599649921e+01,1.56193749081981216e-10,1.56192751547300612e-10,1.56194746616661821e-10
1.77644411102775699e+01,1.55414535206611852e-10,1.55413556522007545e-10,1.55415513891216159e-10
1.77694423605901477e+01,1.54639208645910938e-10,1.54638248465175918e-10,1.54640168826645959e-10
1.77744436109027255e+01,1.53867750006981031e-10,1.53866807990072333e-10,1.53868692023889728e-10
1.77794448612153033e+01,1.53100139993671264e-10,1.53099215806603912e-10,1.53101064180738615e-10
1.77844461115278811e+01,1.52336359406094821e-10,1.52335452720837574e-10,1.52337266091352068e-10
1.77894473618404589e+01,1.51576389140148472e-10,1.51575499634521176e-10,1.51577278645775769e-10
1.77944486121530367e+01,1.50820210187034979e-10,1.50819337544607755e-10,1.50821082829462203e-10
1.77994498624656146e+01,1.50067803632787336e-10,1.50066947542781372e-10,1.50068659722793301e-10
1.78044511127781924e+01,1.49319150657796016e-10,1.49318310814986007e-10,1.49319990500606025e-10
1.78094523630907737e+01,1.48574232536337470e-10,1.48573408640955722e-10,1.48575056431719218e-10
1.78144536134033515e+01,1.47833030636108043e-10,1.47832222393750093e-10,1.47833838878465992e-10
1.78194548637159293e+01,1.47095526417754544e-10,1.47094733539286441e-10,1.47096319296222647e-10
1.78244561140285072e+01,1.46361701434412813e-10,1.46360923635879918e-10,1.46362479232945708e-10
1.78294573643410850e+01,1.45631537331245763e-10,1.45630774333782977e-10,1.45632300328708549e-10
1.78344586146536628e+01,1.44905015844984323e-10,1.44904267374727991e-10,1.44905764315240655e-10
1.78394598649662406e+01,1.44182118803470444e-10,1.44181384591471553e-10,1.44182853015469336e-10
1.78444611152788184e+01,1.43462828125202722e-10,1.43462107907341622e-10,1.43463548343063822e-10
1.78494623655913962e+01,1.42747125818884210e-10,1.42746419335786815e-10,1.42747832301981605e-10
1.78544636159039740e+01,1.42034993982972100e-10,1.42034300979927397e-10,1.42035686986016802e-10
1.78594648662165554e+01,1.41326414805229801e-10,1.41325735032108765e-10,1.41327094578350836e-10
1.78644661165291332e+01,1.40621370562283263e-10,1.40620703773459213e-10,1.40622037351107313e-10
1.78694673668417110e+01,1.39919843619174635e-10,1.39919189573444753e-10,1.39920497664904516e-10
1.78744686171542888e+01,1.39221816428923210e-10,1.39221174889431593e-10,1.39222457968414828e-10
1.78794698674668666e+01,1.38527271532086042e-10,1.38526642266247854e-10,1.38527900797924231e-10
1.78844711177794444e+01,1.37836191556321217e-10,1.37835574335748219e-10,1.37836808776894214e-10
1.78894723680920222e+01,1.37148559215953375e-10,1.37147953816380671e-10,1.37149164615526079e-10
1.78944736184046000e+01,1.36464357311541281e-10,1.36463763512755323e-10,1.36464951110327238e-10
1.78994748687171779e+01,1.35783568729447633e-10,1.35782986315215396e-10,1.35784151143679871e-10
1.79044761190297557e+01,1.35106176441411081e-10,1.35105605199410500e-10,1.35106747683411661e-10
1.79094773693423335e+01,1.34432163504120270e-10,1.34431603225871769e-10,1.34432723782368771e-10
1.79144786196549148e+01,1.33761513058789432e-10,1.33760963539588634e-10,1.33762062577990230e-10
1.79194798699674926e+01,1.33094208330738916e-10,1.33093669369590522e-10,1.33094747291887310e-10
1.79244811202800705e+01,1.32430232628972428e-10,1.32429704028525180e-10,1.32430761229419675e-10
1.79294823705926483e+01,1.31769569345761655e-10,1.31769050912244463e-10,1.31770087779278848e-10
1.79344836209052261e+01,1.31112201956230272e-10,1.31111693499389268e-10,1.31112710413071277e-10
1.79394848712178039e+01,1.30458114017940738e-10,1.30457615350977523e-10,1.30458612684903952e-10
1.79444861215303817e+01,1.29807289170482927e-10,1.29806800109993931e-10,1.29807778230971922e-10
1.79494873718429595e+01,1.29159711135064885e-10,1.29159231500981523e-10,1.29160190769148247e-10
1.79544886221555373e+01,1.28515363714105828e-10,1.28514893329635873e-10,1.28515834098575784e-10
1.79594898724681151e+01,1.27874230790830774e-10,1.27873769482400661e-10,1.27874692099260886e-10
1.79644911227806965e+01,1.27236296328867132e-10,1.27235843926065223e-10,1.27236748731669041e-10
1.79694923730932743e+01,1.26601544371845364e-10,1.26601100707366211e-10,1.26601988036324517e-10
1.79744936234058521e+01,1.25969959042997069e-10,1.25969523952586591e-10,1.25970394133407547e-10
1.79794948737184299e+01,1.25341524544759882e-10,1.25341097867161493e-10,1.25341951222358271e-10
1.79844961240310077e+01,1.24716225158381637e-10,1.24715806735283282e-10,1.24716643581479993e-10
1.79894973743435855e+01,1.24094045243527333e-10,1.24093634919509503e-10,1.24094455567545163e-10
1.79944986246561633e+01,1.23474969237887949e-10,1.23474566860372398e-10,1.23475371615403499e-10
1.79994998749687412e+01,1.22858981656791154e-10,1.22858587075990700e-10,1.22859376237591609e-10
1.80045011252813190e+01,1.22246067092813984e-10,1.22245680161683028e-10,1.22246454023944940e-10
1.80095023755938968e+01,1.21636210215397472e-10,1.21635830789583434e-10,1.21636589641211510e-10
1.80145036259064746e+01,1.21029395770463204e-10,1.21029023708258775e-10,1.21029767832667633e-10
1.80195048762190559e+01,1.20425608580031339e-10,1.20425243742327487e-10,1.20425973417735192e-10
1.80245061265316338e+01,1.19824833541842693e-10,1.19824475792082600e-10,1.19825191291602787e-10
1.80295073768442116e+01,1.19227055628978339e-10,1.19226704833111958e-10,1.19227406424844719e-10
1.80345086271567894e+01,1.18632259889485666e-10,1.18631915915925262e-10,1.18632603863046070e-10
1.80395098774693672e+01,1.18040431446003699e-10,1.18040094165579977e-10,1.18040768726427420e-10
1.80445111277819450e+01,1.17451555495391197e-10,1.17451224781310269e-10,1.17451886209472125e-10
1.80495123780945228e+01,1.16865617308356288e-10,1.16865293036157353e-10,1.16865941580555222e-10
1.80545136284071006e+01,1.16282602229088020e-10,1.16282284276601802e-10,1.16282920181574239e-10
1.80595148787196784e+01,1.15702495674889900e-10,1.15702183922197749e-10,1.15702807427582050e-10
1.80645161290322562e+01,1.15125283135814984e-10,1.15124977465208712e-10,1.15125588806421255e-10
1.80695173793448340e+01,1.14550950174303098e-10,1.14550650470245556e-10,1.14551249878360641e-10
1.80745186296574154e+01,1.13979482424819220e-10,1.13979188573905431e-10,1.13979776275733009e-10
1.80795198799699932e+01,1.13410865593495822e-10,1.13410577484414909e-10,1.13411153702576735e-10
1.80845211302825710e+01,1.12845085457772921e-10,1.12844802981270636e-10,1.12845367934275206e-10
1.80895223805951488e+01,1.12282127866043877e-10,1.12281850914885779e-10,1.12282404817201975e-10
1.80945236309077266e+01,1.11721978737301139e-10,1.11721707206236379e-10,1.11722250268365899e-10
1.80995248812203045e+01,1.11164624060783972e-10,1.11164357846509803e-10,1.11164890275058142e-10
1.81045261315328823e+01,1.10610049895627975e-10,1.10609788896754761e-10,1.10610310894501189e-10
1.81095273818454601e+01,1.10058242370516503e-10,1.10057986487533396e-10,1.10058498253499610e-10
1.81145286321580379e+01,1.09509187683333601e-10,1.09508936818574805e-10,1.09509438548092398e-10
1.81195298824706157e+01,1.08962872100818823e-10,1.08962626158430454e-10,1.08963118043207192e-10
1.81245311327831971e+01,1.08419281958223383e-10,1.08419040844130862e-10,1.08419523072315905e-10
1.81295323830957749e+01,1.07878403658969747e-10,1.07878167280845824e-10,1.07878640037093671e-10
1.81345336334083527e+01,1.07340223674309513e-10,1.07339991941542755e-10,1.07340455407076271e-10
1.81395348837209305e+01,1.06804728542986232e-10,1.06804501366650174e-10,1.06804955719322290e-10
1.81445361340335083e+01,1.06271904870898593e-10,1.06271682163721326e-10,1.06272127578075861e-10
1.81495373843460861e+01,1.05741739330765297e-10,1.05741521007099659e-10,1.05741957654430934e-10
1.81545386346586639e+01,1.05214218661791687e-10,1.05214004637585894e-10,1.05214432685997481e-10
1.81595398849712417e+01,1.04689329669338082e-10,1.04689119862106961e-10,1.04689539476569203e-10
1.81645411352838195e+01,1.04167059224589736e-10,1.04166853553386402e-10,1.04167264895793071e-10
1.81695423855963973e+01,1.03647394264228520e-10,1.03647192649616555e-10,1.03647595878840484e-10
1.81745436359089751e+01,1.03130321790106075e-10,1.03130124154132199e-10,1.03130519426079951e-10
1.81795448862215565e+01,1.02615828868918400e-10,1.02615635135085648e-10,1.02616022602751153e-10
1.81845461365341343e+01,1.02103902631883753e-10,1.02103712725125058e-10,1.02104092538642449e-10
1.81895473868467121e+01,1.01594530274418693e-10,1.01594344121070984e-10,1.01594716427766402e-10
1.81945486371592899e+01,1.01087699055819110e-10,1.01087516583597853e-10,1.01087881528040368e-10
1.81995498874718677e+01,1.00583396298941340e-10,1.00583217436915513e-10,1.00583575160967168e-10
1.82045511377844456e+01,1.00081609389884935e-10,1.00081434068452458e-10,1.00081784711317412e-10
1.82095523880970234e+01,9.95823257776772632e-11,9.95821539285408326e-11,9.95824976268136937e-11
1.82145536384096012e+01,9.90855329739595436e-11,9.90853645301029377e-11,9.90857014178161494e-11
1.82195548887221790e+01,9.85912185526744555e-11,9.85910534483391938e-11,9.85913836570097171e-11
1.82245561390347568e+01,9.80993701497553637e-11,9.80992083204178429e-11,9.80995319790928845e-11
1.82295573893473346e+01,9.76099754628170310e-11,9.76098168451660231e-11,9.76101340804680388e-11
1.82345586396599160e+01,9.71230222508475834e-11,9.71228667827621089e-11,9.71231777189330580e-11
1.82395598899724938e+01,9.66384983339037076e-11,9.66383459544313731e-11,9.66386507133760420e-11
1.82445611402850716e+01,9.61563915928039343e-11,9.61562422421395817e-11,9.61565409434682869e-11
1.82495623905976494e+01,9.56766899688268859e-11,9.56765435882916537e-11,9.56768363493621181e-11
1.82545636409102272e+01,9.51993814634092648e-11,9.51992379954299994e-11,9.51995249313885302e-11
1.82595648912228050e+01,9.47244541378458196e-11,9.47243135259348739e-11,9.47245947497567652e-11
1.82645661415353828e+01,9.42518961129906551e-11,9.42517583017260106e-11,9.42520339242552996e-11
1.82695673918479606e+01,9.37816955689601715e-11,9.37815605039659732e-11,9.37818306339543699e-11
1.82745686421605384e+01,9.33138407448373600e-11,9.33137083727647105e-11,9.33139731169100095e-11
1.82795698924731163e+01,9.28483199383776494e-11,9.28481902068858037e-11,9.28484496698694951e-11
1.82845711427856976e+01,9.23851215057159167e-11,9.23849943634538126e-11,9.23852486479780208e-11
1.82895723930982754e+01,9.19242338610764692e-11,9.19241092576645422e-11,9.19243584644883962e-11
1.82945736434108532e+01,9.14656454764813992e-11,9.14655233624937595e-11,9.14657675904690389e-11
1.82995748937234310e+01,9.10093448814634358e-11,9.10092252084103423e-11,9.10094645545165294e-11
1.83045761440360089e+01,9.05553206627787969e-11,9.05552033830894674e-11,9.05554379424681265e-11
1.83095773943485867e+01,9.01035614641216955e-11,9.01034465311273753e-11,9.01036763971160158e-11
1.83145786446611645e+01,8.96540559858402551e-11,8.96539433537576346e-11,8.96541686179228756e-11
1.83195798949737423e+01,8.92067929846538980e-11,8.92066826085687890e-11,8.92069033607390070e-11
1.83245811452863201e+01,8.87617612733721428e-11,8.87616531092234905e-11,8.87618694375207952e-11
1.83295823955988979e+01,8.83189497206147719e-11,8.83188437251788995e-11,8.83190557160506444e-11
1.83345836459114757e+01,8.78783472505333686e-11,8.78782433814085455e-11,8.78784511196581917e-11
1.83395848962240571e+01,8.74399428425340568e-11,8.74398410581253121e-11,8.74400446269428014e-11
1.83445861465366349e+01,8.70037255310029542e-11,8.70036257905071874e-11,8.70038252714987211e-11
1.83495873968492127e+01,8.65696844050302178e-11,8.65695866684215548e-11,8.65697821416388809e-11
1.83545886471617905e+01,8.61378086081381850e-11,8.61377128361535932e-11,8.61379043801227768e-11
1.83595898974743683e+01,8.57080873380096582e-11,8.57079934921348717e-11,8.57081811838844447e-11
1.83645911477869461e+01,8.52805098462176492e-11,8.52804178886732485e-11,8.52806018037620499e-11
1.83695923980995239e+01,8.48550654379564680e-11,8.48549753316842964e-11,8.48551555442286396e-11
1.83745936484121017e+01,8.44317434717744272e-11,8.44316551804242395e-11,8.44318317631246150e-11
1.83795948987246796e+01,8.40105333593074251e-11,8.40104468472237043e-11,8.40106198713911460e-11
1.83845961490372574e+01,8.35914245650142222e-11,8.35913397972233455e-11,8.35915093328050989e-11
1.83895973993498387e+01,8.31744066059126996e-11,8.31743235481102075e-11,8.31744896637151917e-11
1.83945986496624165e+01,8.27594690513186640e-11,8.27593876698568913e-11,8.27595504327804367e-11
1.83995998999749943e+01,8.23466015225833084e-11,8.23465217844591316e-11,8.23466812607074853e-11
1.84046011502875722e+01,8.19357936928347308e-11,8.19357155656775869e-11,8.19358718199918747e-11
1.84096024006001500e+01,8.15270352867193629e-11,8.15269587387794750e-11,8.15271118346592507e-11
1.84146036509127278e+01,8.11203160801450141e-11,8.11202410802818240e-11,8.11203910800082043e-11
1.84196049012253056e+01,8.07156259000249886e-11,8.07155524176958085e-11,8.07156993823541687e-11
1.84246061515378834e+01,8.03129546240237658e-11,8.03128826292726246e-11,8.03130266187749069e-11
1.84296074018504612e+01,7.99122921803038185e-11,7.99122216437505147e-11,7.99123627168571223e-11
1.84346086521630390e+01,7.95136285472735686e-11,7.95135594401029164e-11,7.95136976544442207e-11
1.84396099024756168e+01,7.91169537533368415e-11,7.91168860472881121e-11,7.91170214593855710e-11
1.84446111527881982e+01,7.87222578766431355e-11,7.87221915439997036e-11,7.87223242092865675e-11
1.84496124031007760e+01,7.83295310448405271e-11,7.83294660584196998e-11,7.83295960312613545e-11
1.84546136534133538e+01,7.79387634348271033e-11,7.79386997679700902e-11,7.79388271016841165e-11
1.84596149037259316e+01,7.75499452725064136e-11,7.75498828990685559e-11,7.75500076459442714e-11
1.84646161540385094e+01,7.71630668325426114e-11,7.71630057268837140e-11,7.71631279382015088e-11
1.84696174043510872e+01,7.67781184381173145e-11,7.67780585750922372e-11,7.67781783011423919e-11
1.84746186546636650e+01,7.63950904606874615e-11,7.63950318156367740e-11,7.63951491057381490e-11
1.84796199049762429e+01,7.60139733197445627e-11,7.60139158684854718e-11,7.60140307710036536e-11
1.84846211552888207e+01,7.56347574825749990e-11,7.56347012013923529e-11,7.56348137637576452e-11
1.84896224056013985e+01,7.52574334640216520e-11,7.52573783296592031e-11,7.52574885983841009e-11
1.84946236559139763e+01,7.48819918262465801e-11,7.48819378158983127e-11,7.48820458365948475e-11
1.84996249062265576e+01,7.45084231784947298e-11,7.45083702697964072e-11,7.45084760871930523e-11
1.85046261565391355e+01,7.41367181768601662e-11,7.41366663478810073e-11,7.41367700058393250e-11
1.85096274068517133e+01,7.37668675240506241e-11,7.37668167532851610e-11,7.37669182948160873e-11
1.85146286571642911e+01,7.33988619691561690e-11,7.33988122355161943e-11,7.33989117027961436e-11
1.85196299074768689e+01,7.30326923074174049e-11,7.30326435902241143e-11,7.30327410246106955e-11
1.85246311577894467e+01,7.26683493799954026e-11,7.26683016589716783e-11,7.26683971010191269e-11
1.85296324081020245e+01,7.23058240737424925e-11,7.23057773290053165e-11,7.23058708184796685e-11
1.85346336584146023e+01,7.19451073209742992e-11,7.19450615330273089e-11,7.19451531089212895e-11
1.85396349087271801e+01,7.15861900992430421e-11,7.15861452489692016e-11,7.15862349495168825e-11
1.85446361590397579e+01,7.12290634311118055e-11,7.12290194997662458e-11,7.12291073624573652e-11
1.85496374093523393e+01,7.08737183839297396e-11,7.08736753531327272e-11,7.08737614147267520e-11
1.85546386596649171e+01,7.05201460696096132e-11,7.05201039213396226e-11,7.05201882178796039e-11
1.85596399099774949e+01,7.01683376444040360e-11,7.01682963609909513e-11,7.01683789278171208e-11
1.85646411602900727e+01,6.98182843086852729e-11,6.98182438728037315e-11,6.98183247445668144e-11
1.85696424106026505e+01,6.94699773067248007e-11,6.94699377013876664e-11,6.94700169120619351e-11
1.85746436609152283e+01,6.91234079264744024e-11,6.91233691350263289e-11,6.91234467179224759e-11
1.85796449112278061e+01,6.87785674993482051e-11,6.87785295054593418e-11,6.87786054932370684e-11
1.85846461615403840e+01,6.84354474000058683e-11,6.84354101876656692e-11,6.84354846123460674e-11
1.85896474118529618e+01,6.80940390461368448e-11,6.80940025996480067e-11,6.80940754926256828e-11
1.85946486621655396e+01,6.77543338982457272e-11,6.77542982022182318e-11,6.77543695942732226e-11
1.85996499124781174e+01,6.74163234594386288e-11,6.74162884987838745e-11,6.74163584200933831e-11
1.86046511627906987e+01,6.70799992752104170e-11,6.70799650351354805e-11,6.70800335152853535e-11
1.86096524131032766e+01,6.67453529332342346e-11,6.67453193992362617e-11,6.67453864672322076e-11
1.86146536634158544e+01,6.64123760631496126e-11,6.64123432210102474e-11,6.64124089052889778e-11
1.86196549137284322e+01,6.60810603363540848e-11,6.60810281721340802e-11,6.60810925005740893e-11
1.86246561640410100e+01,6.57513974657945708e-11,6.57513659658284250e-11,6.57514289657607166e-11
1.86296574143535878e+01,6.54233792057602703e-11,6.54233483566510307e-11,6.54234100548695099e-11
1.86346586646661656e+01,6.50969973516761525e-11,6.50969671402902331e-11,6.50970275630620720e-11
1.86396599149787434e+01,6.47722437398979704e-11,6.47722141533601756e-11,6.47722733264357651e-11
1.86446611652913212e+01,6.44491102475079338e-11,6.44490812731964698e-11,6.44491392218193978e-11
1.86496624156038990e+01,6.41275887921115985e-11,6.41275604176532392e-11,6.41276171665699577e-11
1.86546636659164804e+01,6.38076713316354519e-11,6.38076435449007827e-11,6.38076991183701211e-11
1.86596649162290582e+01,6.34893498641266711e-11,6.34893226532253713e-11,6.34893770750279708e-11
1.86646661665416360e+01,6.31726164275516137e-11,6.31725897808279460e-11,6.31726430742752814e-11
1.86696674168542138e+01,6.28574630995975403e-11,6.28574370056257752e-11,6.28574891935693054e-11
1.86746686671667916e+01,6.25438819974743492e-11,6.25438564450543966e-11,6.25439075498943018e-11
1.86796699174793694e+01,6.22318652777172297e-11,6.22318402558702702e-11,6.22318902995641892e-11
1.86846711677919473e+01,6.19214051359906070e-11,6.19213806339548659e-11,6.19214296380263482e-11
1.86896724181045251e+01,6.16124938068929537e-11,6.16124698141195128e-11,6.16125177996663946e-11
1.86946736684171029e+01,6.13051235637623891e-11,6.13051000699110902e-11,6.13051470576136881e-11
1.86996749187296807e+01,6.09992867184836493e-11,6.09992637134190741e-11,6.09993097235482245e-11
1.87046761690422585e+01,6.06949756212955603e-11,6.06949530950830758e-11,6.06949981475080448e-11
1.87096774193548399e+01,6.03921826605996757e-11,6.03921606035015825e-11,6.03922047176977689e-11
1.87146786696674177e+01,6.00909002627706190e-11,6.00908786652423256e-11,6.00909218602989124e-11
1.87196799199799955e+01,5.97911208919654189e-11,5.97910997446517581e-11,5.97911420392790797e-11
1.87246811702925733e+01,5.94928370499358554e-11,5.94928163436673880e-11,5.94928577562043228e-11
1.87296824206051511e+01,5.91960412758407287e-11,5.91960210016301502e-11,5.91960615500513072e-11
1.87346836709177289e+01,5.89007261460591878e-11,5.89007062950978260e-11,5.89007459970205495e-11
1.87396849212303067e+01,5.86068842740050928e-11,5.86068648376594569e-11,5.86069037103507286e-11
1.87446861715428845e+01,5.83145083099422440e-11,5.83144892797506124e-11,5.83145273401338755e-11
1.87496874218554623e+01,5.80235909408005404e-11,5.80235723084696455e-11,5.80236095731314353e-11
1.87546886721680401e+01,5.77341248899930763e-11,5.77341066473948475e-11,5.77341431325913051e-11
1.87596899224806180e+01,5.74461029172341225e-11,5.74460850564024680e-11,5.74461207780657769e-11
1.87646911727931993e+01,5.71595178183578123e-11,5.71595003314854849e-11,5.71595353052301397e-11
1.87696924231057771e+01,5.68743624251388050e-11,5.68743453045743064e-11,5.68743795457033036e-11
1.87746936734183549e+01,5.65906296051117146e-11,5.65906128433562907e-11,5.65906463668671385e-11
1.87796949237309327e+01,5.63083122613935443e-11,5.63082958510981993e-11,5.63083286716888892e-11
1.87846961740435106e+01,5.60274033325060102e-11,5.60273872664686054e-11,5.60274193985434150e-11
1.87896974243560884e+01,5.57478957921988418e-11,5.57478800633612325e-11,5.57479115210364512e-11
1.87946986746686662e+01,5.54697826492741028e-11,5.54697672507193271e-11,5.54697980478288786e-11
1.87996999249812440e+01,5.51930569474112875e-11,5.51930418723608329e-11,5.51930720224617421e-11
1.88047011752938218e+01,5.49177117649933417e-11,5.49176970068044439e-11,5.49177265231822396e-11
1.88097024256063996e+01,5.46437402149335234e-11,5.46437257670964971e-11,5.46437546627705498e-11
1.88147036759189810e+01,5.43711354445029421e-11,5.43711213006386155e-11,5.43711495883672686e-11
1.88197049262315588e+01,5.40998906351599848e-11,5.40998767890171345e-11,5.40999044813028350e-11
1.88247061765441366e+01,5.38299990023784957e-11,5.38299854478313387e-11,5.38300125569256527e-11
1.88297074268567144e+01,5.35614537954789405e-11,5.35614405265247046e-11,5.35614670644331763e-11
1.88347086771692922e+01,5.32942482974593705e-11,5.32942353082158776e-11,5.32942612867028635e-11
1.88397099274818700e+01,5.30283758248273118e-11,5.30283631095306121e-11,5.30283885401240115e-11
1.88447111777944478e+01,5.27638297274327192e-11,5.27638172804347847e-11,5.27638421744306537e-11
1.88497124281070256e+01,5.25006033883015584e-11,5.25005912040680145e-11,5.25006155725351023e-11
1.88547136784196034e+01,5.22386902234703180e-11,5.22386782965782009e-11,5.22387021503624351e-11
1.88597149287321812e+01,5.19780836818213359e-11,5.19780720069569214e-11,5.19780953566857505e-11
1.88647161790447591e+01,5.17187772449189335e-11,5.17187658168755913e-11,5.17187886729622757e-11
1.88697174293573404e+01,5.14607644268461834e-11,5.14607532405222771e-11,5.14607756131700897e-11
1.88747186796699182e+01,5.12040387740434408e-11,5.12040278244402534e-11,5.12040497236466283e-11
1.88797199299824960e+01,5.09485938651457773e-11,5.09485831473654948e-11,5.09486045829260598e-11
1.88847211802950739e+01,5.06944233108231404e-11,5.06944128200668809e-11,5.06944338015793999e-11
1.88897224306076517e+01,5.04415207536203334e-11,5.04415104851861762e-11,5.04415310220544906e-11
1.88947236809202295e+01,5.01898798677980091e-11,5.01898698170791010e-11,5.01898899185169173e-11
1.88997249312328073e+01,4.99394943591744587e-11,4.99394845216571335e-11,4.99395041966917838e-11
1.89047261815453851e+01,4.96903579649681433e-11,4.96903483362300932e-11,4.96903675937061934e-11
1.89097274318579629e+01,4.94424644536410862e-11,4.94424550293495585e-11,4.94424738779326138e-11
1.89147286821705407e+01,4.91958076247429678e-11,4.91957984006529944e-11,4.91958168488329411e-11
1.89197299324831221e+01,4.89503813087558942e-11,4.89503722807085532e-11,4.89503903368032352e-11
1.89247311827956999e+01,4.87061793669407611e-11,4.87061705308614900e-11,4.87061882030200322e-11
1.89297324331082777e+01,4.84631956911826744e-11,4.84631870430795900e-11,4.84632043392857588e-11
1.89347336834208555e+01,4.82214242038388587e-11,4.82214157398011352e-11,4.82214326678765823e-11
1.89397349337334333e+01,4.79808588575864500e-11,4.79808505737826965e-11,4.79808671413902034e-11
1.89447361840460111e+01,4.77414936352713020e-11,4.77414855279480057e-11,4.77415017425945984e-11
1.89497374343585889e+01,4.75033225497573625e-11,4.75033146152373435e-11,4.75033304842773815e-11
1.89547386846711667e+01,4.72663396437770691e-11,4.72663318784579624e-11,4.72663474090961758e-11
1.89597399349837445e+01,4.70305389897821989e-11,4.70305313901349805e-11,4.70305465894294172e-11
1.89647411852963224e+01,4.67959146897957188e-11,4.67959072523632262e-11,4.67959221272282113e-11
1.89697424356089002e+01,4.65624608752641986e-11,4.65624535966597347e-11,4.65624681538686625e-11
1.89747436859214815e+01,4.63301717069108634e-11,4.63301645838167812e-11,4.63301788300049457e-11
1.89797449362340593e+01,4.60990413745902300e-11,4.60990344037565626e-11,4.60990483454238973e-11
1.89847461865466371e+01,4.58690640971417662e-11,4.58690572753848701e-11,4.58690709188986624e-11
1.89897474368592150e+01,4.56402341222459301e-11,4.56402274464471921e-11,4.56402407980446681e-11
1.89947486871717928e+01,4.54125457262801750e-11,4.54125391933846814e-11,4.54125522591756686e-11
1.89997499374843706e+01,4.51859932141757642e-11,4.51859868211910728e-11,4.51859996071604555e-11
1.90047511877969484e+01,4.49605709192752816e-11,4.49605646632701422e-11,4.49605771752804209e-11
1.90097524381095262e+01,4.47362732031909779e-11,4.47362670812941238e-11,4.47362793250878319e-11
1.90147536884221040e+01,4.45130944556636583e-11,4.45130884650626173e-11,4.45131004462646992e-11
1.90197549387346818e+01,4.42910290944224108e-11,4.42910232323623225e-11,4.42910349564824991e-11
1.90247561890472596e+01,4.40700715650449487e-11,4.40700658288274207e-11,4.40700773012624768e-11
1.90297574393598410e+01,4.38502163408185404e-11,4.38502107278005109e-11,4.38502219538365700e-11
1.90347586896724188e+01,4.36314579226023746e-11,4.36314524301950073e-11,4.36314634150097418e-11
1.90397599399849966e+01,4.34137908386891301e-11,4.34137854643567353e-11,4.34137962130215249e-11
1.90447611902975744e+01,4.31972096446686659e-11,4.31972043859276337e-11,4.31972149034096981e-11
1.90497624406101522e+01,4.29817089232917363e-11,4.29817037777094966e-11,4.29817140688739761e-11
1.90547636909227300e+01,4.27672832843344628e-11,4.27672782495284575e-11,4.27672883191404681e-11
1.90597649412353078e+01,4.25539273644635550e-11,4.25539224381002365e-11,4.25539322908268735e-11
1.90647661915478857e+01,4.23416358271021076e-11,4.23416310068959501e-11,4.23416406473082651e-11
1.90697674418604635e+01,4.21304033622961394e-11,4.21303986460086887e-11,4.21304080785835901e-11
1.90747686921730413e+01,4.19202246865818052e-11,4.19202200720207290e-11,4.19202293011428815e-11
1.90797699424856226e+01,4.17110945428530278e-11,4.17110900278711719e-11,4.17110990578348836e-11
1.90847711927982004e+01,4.15030077002306800e-11,4.15030032827251834e-11,4.15030121177361766e-11
1.90897724431107783e+01,4.12959589539307920e-11,4.12959546318421817e-11,4.12959632760194023e-11
1.90947736934233561e+01,4.10899431251350008e-11,4.10899388964463261e-11,4.10899473538236754e-11
1.90997749437359339e+01,4.08849550608608114e-11,4.08849509235967845e-11,4.08849591981248383e-11
1.91047761940485117e+01,4.06809896338328096e-11,4.06809855860589587e-11,4.06809936816066605e-11
1.91097774443610895e+01,4.04780417423542994e-11,4.04780377821761547e-11,4.04780457025324441e-11
1.91147786946736673e+01,4.02761063101797628e-11,4.02761024357420552e-11,4.02761101846174705e-11
1.91197799449862451e+01,4.00751782863878875e-11,4.00751744958737405e-11,4.00751820769020344e-11
1.91247811952988229e+01,3.98752526452552081e-11,3.98752489368853757e-11,3.98752563536250405e-11
1.91297824456114007e+01,3.96763243861304139e-11,3.96763207581625112e-11,3.96763280140983166e-11
1.91347836959239821e+01,3.94783885333091344e-11,3.94783849840369075e-11,3.94783920825813613e-11
1.91397849462365599e+01,3.92814401359100106e-11,3.92814366636625934e-11,3.92814436081574277e-11
1.91447861965491377e+01,3.90854742677500817e-11,3.90854708708912787e-11,3.90854776646088847e-11
1.91497874468617155e+01,3.88904860272220652e-11,3.88904827041496469e-11,3.88904893502944834e-11
1.91547886971742933e+01,3.86964705371716688e-11,3.86964672863166998e-11,3.86964737880266378e-11
1.91597899474868711e+01,3.85034229447755559e-11,3.85034197646017098e-11,3.85034261249494021e-11
1.91647911977994490e+01,3.83113384214199891e-11,3.83113353104228763e-11,3.83113415324171018e-11
1.91697924481120268e+01,3.81202121625800548e-11,3.81202091192865959e-11,3.81202152058735136e-11
1.91747936984246046e+01,3.79300393876994772e-11,3.79300364106672567e-11,3.79300423647316977e-11
1.91797949487371824e+01,3.77408153400710515e-11,3.77408124278876843e-11,3.77408182522544187e-11
1.91847961990497602e+01,3.75525352867176721e-11,3.75525324380002156e-11,3.75525381354351286e-11
1.91897974493623416e+01,3.73651945182738003e-11,3.73651917316681340e-11,3.73651973048794666e-11
1.91947986996749194e+01,3.71787883488682113e-11,3.71787856230484681e-11,3.71787910746879546e-11
1.91997999499874972e+01,3.69933121160060051e-11,3.69933094496739831e-11,3.69933147823380270e-11
1.92048012003000750e+01,3.68087611804525030e-11,3.68087585723371101e-11,3.68087637885678960e-11
1.92098024506126528e+01,3.66251309261170493e-11,3.66251283749737404e-11,3.66251334772603581e-11
1.92148037009252306e+01,3.64424167599375991e-11,3.64424142645478468e-11,3.64424192553273514e-11
1.92198049512378084e+01,3.62606141117658316e-11,3.62606116709365959e-11,3.62606165525950674e-11
1.92248062015503862e+01,3.60797184342527918e-11,3.60797160468159837e-11,3.60797208216895999e-11
1.92298074518629640e+01,3.58997252027351856e-11,3.58997228675471763e-11,3.58997275379231949e-11
1.92348087021755418e+01,3.57206299151222112e-11,3.57206276310633147e-11,3.57206321991811076e-11
1.92398099524881232e+01,3.55424280917827847e-11,3.55424258577567930e-11,3.55424303258087765e-11
1.92448112028007010e+01,3.53651152754340646e-11,3.53651130903677365e-11,3.53651174605003927e-11
1.92498124531132788e+01,3.51886870310291295e-11,3.51886848938717455e-11,3.51886891681865136e-11
1.92548137034258566e+01,3.50131389456466274e-11,3.50131368553695107e-11,3.50131410359237441e-11
1.92598149537384344e+01,3.48384666283801915e-11,3.48384645839762756e-11,3.48384686727841075e-11
1.92648162040510122e+01,3.46646657102286843e-11,3.46646637107120539e-11,3.46646677097453147e-11
1.92698174543635901e+01,3.44917318439868800e-11,3.44917298883923381e-11,3.44917337995814218e-11
1.92748187046761679e+01,3.43196607041367226e-11,3.43196587915193769e-11,3.43196626167540682e-11
1.92798199549887457e+01,3.41484479867391594e-11,3.41484461161739895e-11,3.41484498573043294e-11
1.92848212053013235e+01,3.39780894093264912e-11,3.39780875799079603e-11,3.39780912387450221e-11
1.92898224556139013e+01,3.38085807107952261e-11,3.38085789216368616e-11,3.38085824999535906e-11
1.92948237059264827e+01,3.36399176512993737e-11,3.36399159015333792e-11,3.36399194010653682e-11
1.92998249562390605e+01,3.34720960121449534e-11,3.34720943009218401e-11,3.34720977233680666e-11
1.93048262065516383e+01,3.33051115956836372e-11,3.33051099221718174e-11,3.33051132691954571e-11
1.93098274568642161e+01,3.31389602252083313e-11,3.31389585885937816e-11,3.31389618618228810e-11
1.93148287071767939e+01,3.29736377448485501e-11,3.29736361443344306e-11,3.29736393453626697e-11
1.93198299574893717e+01,3.28091400194664506e-11,3.28091384542727558e-11,3.28091415846601454e-11
1.93248312078019495e+01,3.26454629345534278e-11,3.26454614039166313e-11,3.26454644651902243e-11
1.93298324581145273e+01,3.24826023961272150e-11,3.24826008992999397e-11,3.24826038929544903e-11
1.93348337084271051e+01,3.23205543306294234e-11,3.23205528668801121e-11,3.23205557943787348e-11
1.93398349587396829e+01,3.21593146848236952e-11,3.21593132534362614e-11,3.21593161162111290e-11
1.93448362090522643e+01,3.19988794256942254e-11,3.19988780259677629e-11,3.19988808254206879e-11
1.93498374593648421e+01,3.18392445403452983e-11,3.18392431715937447e-11,3.18392459090968519e-11
1.93548387096774199e+01,3.16804060359002550e-11,3.16804046974520948e-11,3.16804073743484151e-11
1.93598399599899977e+01,3.15223599394020701e-11,3.15223586306000243e-11,3.15223612482041159e-11
1.93648412103025755e+01,3.13651022977138641e-11,3.13651010179146123e-11,3.13651035775131158e-11
1.93698424606151534e+01,3.12086291774200292e-11,3.12086279259938996e-11,3.12086304288461587e-11
1.93748437109277312e+01,3.10529366647278531e-11,3.10529354410585574e-11,3.10529378883971488e-11
1.93798449612403090e+01,3.08980208653695951e-11,3.08980196688539376e-11,3.08980220618852526e-11
1.93848462115528868e+01,3.07438779045051112e-11,3.07438767345527177e-11,3.07438790744575048e-11
1.93898474618654646e+01,3.05905039266249256e-11,3.05905027826579975e-11,3.05905050705918538e-11
1.93948487121780424e+01,3.04378950954537865e-11,3.04378939769068100e-11,3.04378962140007629e-11
1.93998499624906238e+01,3.02860475938546159e-11,3.02860465001741233e-11,3.02860486875351086e-11
1.94048512128032016e+01,3.01349576237334428e-11,3.01349565543777600e-11,3.01349586930891256e-11
1.94098524631157794e+01,2.99846214059437918e-11,2.99846203603827865e-11,2.99846224515047972e-11
1.94148537134283572e+01,2.98350351801925533e-11,2.98350341579074088e-11,2.98350362024776978e-11
1.94198549637409350e+01,2.96861952049458330e-11,2.96861942054287960e-11,2.96861962044628699e-11
1.94248562140535128e+01,2.95380977573353902e-11,2.95380967800895450e-11,2.95380987345812355e-11
1.94298574643660906e+01,2.93907391330654576e-11,2.93907381776045060e-11,2.93907400885264092e-11
1.94348587146786684e+01,2.92441156463201803e-11,2.92441147121682220e-11,2.92441165804721387e-11
1.94398599649912462e+01,2.90982236296713244e-11,2.90982227163626244e-11,2.90982245429800245e-11
1.94448612153038241e+01,2.89530594339866149e-11,2.89530585410654031e-11,2.89530603269078267e-11
1.94498624656164019e+01,2.88086194283384514e-11,2.88086185553587160e-11,2.88086203013181869e-11
1.94548637159289832e+01,2.86648999999129449e-11,2.86648991464382220e-11,2.86649008533876678e-11
1.94598649662415610e+01,2.85218975539200062e-11,2.85218967195231798e-11,2.85218983883168325e-11
1.94648662165541388e+01,2.83796085135028188e-11,2.83796076977659301e-11,2.83796093292397075e-11
1.94698674668667167e+01,2.82380293196487293e-11,2.82380285221627795e-11,2.82380301171346791e-11
1.94748687171792945e+01,2.80971564311001963e-11,2.80971556514649657e-11,2.80971572107354269e-11
1.94798699674918723e+01,2.79569863242661558e-11,2.79569855620900131e-11,2.79569870864422985e-11
1.94848712178044501e+01,2.78175154931339173e-11,2.78175147480336420e-11,2.78175162382341925e-11
1.94898724681170279e+01,2.76787404491814692e-11,2.76787397207820771e-11,2.76787411775808612e-11
1.94948737184296057e+01,2.75406577212902115e-11,2.75406570092247769e-11,2.75406584333556460e-11
1.94998749687421835e+01,2.74032638556581310e-11,2.74032631595676220e-11,2.74032645517486399e-11
1.95048762190547649e+01,2.72665554157133316e-11,2.72665547352464388e-11,2.72665560961802244e-11
1.95098774693673427e+01,2.71305289820284601e-11,2.71305283168414414e-11,2.71305296472154787e-11
1.95148787196799205e+01,2.69951811522345759e-11,2.69951805019910920e-11,2.69951818024780598e-11
1.95198799699924983e+01,2.68605085409364716e-11,2.68605079053074305e-11,2.68605091765655126e-11
1.95248812203050761e+01,2.67265077796278676e-11,2.67265071582912733e-11,2.67265084009644620e-11
1.95298824706176539e+01,2.65931755166071757e-11,2.65931749092479756e-11,2.65931761239663758e-11
1.95348837209302317e+01,2.64605084168936561e-11,2.64605078232036027e-11,2.64605090105837094e-11
1.95398849712428095e+01,2.63285031621440080e-11,2.63285025818215099e-11,2.63285037424665060e-11
1.95448862215553874e+01,2.61971564505693545e-11,2.61971558833193281e-11,2.61971570178193809e-11
1.95498874718679652e+01,2.60664649968526764e-11,2.60664644423864226e-11,2.60664655513189302e-11
1.95548887221805430e+01,2.59364255320666236e-11,2.59364249901016861e-11,2.59364260740315611e-11
1.95598899724931243e+01,2.58070348035916700e-11,2.58070342738517027e-11,2.58070353333316374e-11
1.95648912228057021e+01,2.56782895750350980e-11,2.56782890572497323e-11,2.56782900928204637e-11
1.95698924731182800e+01,2.55501866261495471e-11,2.55501861200542758e-11,2.55501871322448183e-11
1.95748937234308578e+01,2.54227227527527869e-11,2.54227222580888318e-11,2.54227232474167420e-11
1.95798949737434356e+01,2.52958947666475004e-11,2.52958942831616926e-11,2.52958952501333083e-11
1.95848962240560134e+01,2.51696994955415351e-11,2.51696990229861952e-11,2.51696999680968749e-11
1.95898974743685912e+01,2.50441337829685645e-11,2.50441333211013901e-11,2.50441342448357388e-11
1.95948987246811690e+01,2.49191944882091251e-11,2.49191940367930741e-11,2.49191949396251762e-11
1.95998999749937468e+01,2.47948784862120602e-11,2.47948780450152343e-11,2.47948789274088861e-11
1.96049012253063246e+01,2.46711826675163732e-11,2.46711822363119214e-11,2.46711830987208250e-11
1.96099024756189060e+01,2.45481039381733313e-11,2.45481035167393301e-11,2.45481043596073325e-11
1.96149037259314838e+01,2.44256392196694596e-11,2.44256388077888128e-11,2.44256396315501063e-11
1.96199049762440616e+01,2.43037854488489963e-11,2.43037850463093319e-11,2.43037858513886608e-11
1.96249062265566394e+01,2.41825395778376243e-11,2.41825391844311939e-11,2.41825399712440548e-11
1.96299074768692172e+01,2.40618985739661602e-11,2.40618981894897455e-11,2.40618989584425750e-11
1.96349087271817950e+01,2.39418594196946962e-11,2.39418590439495024e-11,2.39418597954398900e-11
1.96399099774943728e+01,2.38224191125371230e-11,2.38224187453286949e-11,2.38224194797455512e-11
1.96449112278069506e+01,2.37035746649860118e-11,2.37035743061241332e-11,2.37035750238478903e-11
1.96499124781195285e+01,2.35853231044379250e-11,2.35853227537365322e-11,2.35853234551393179e-11
1.96549137284321063e+01,2.34676614731190420e-11,2.34676611303961326e-11,2.34676618158419515e-11
1.96599149787446841e+01,2.33505868280111676e-11,2.33505864930887200e-11,2.33505871629336152e-11
1.96649162290572654e+01,2.32340962407780586e-11,2.32340959134819383e-11,2.32340965680741789e-11
1.96699174793698432e+01,2.31181867976924959e-11,2.31181864778523781e-11,2.31181871175326137e-11
1.96749187296824211e+01,2.30028555995629177e-11,2.30028552870122030e-11,2.30028559121136324e-11
1.96799199799949989e+01,2.28880997616612252e-11,2.28880994562369655e-11,2.28881000670854848e-11
1.96849212303075767e+01,2.27739164136505560e-11,2.27739161151933673e-11,2.27739167121077448e-11
1.96899224806201545e+01,2.26603026995134718e-11,2.26603024078674627e-11,2.26603029911594810e-11
1.96949237309327323e+01,2.25472557774805391e-11,2.25472554924932370e-11,2.25472560624678413e-11
1.96999249812453101e+01,2.24347728199592504e-11,2.24347725414815268e-11,2.24347730984369739e-11
1.97049262315578879e+01,2.23228510134632802e-11,2.23228507413492769e-11,2.23228512855772836e-11
1.97099274818704657e+01,2.22114875585421335e-11,2.22114872926491972e-11,2.22114878244350698e-11
1.97149287321830435e+01,2.21006796697111159e-11,2.21006794098997278e-11,2.21006799295225040e-11
1.97199299824956249e+01,2.19904245753815695e-11,2.19904243215152739e-11,2.19904248292478651e-11
1.97249312328082027e+01,2.18807195177918874e-11,2.18807192697372270e-11,2.18807197658465477e-11
1.97299324831207805e+01,2.17715617529380530e-11,2.17715615105645079e-11,2.17715619953115982e-11
1.97349337334333583e+01,2.16629485505053139e-11,2.16629483136852397e-11,2.16629487873253882e-11
1.97399349837459361e+01,2.15548771937998099e-11,2.15548769624083669e-11,2.15548774251912529e-11
1.97449362340585139e+01,2.14473449796806409e-11,2.14473447535957457e-11,2.14473452057655361e-11
1.97499374843710918e+01,2.13403492184922288e-11,2.13403489975944831e-11,2.13403494393899745e-11
1.97549387346836696e+01,2.12338872339970639e-11,2.12338870181697027e-11,2.12338874498244251e-11
1.97599399849962474e+01,2.11279563633087483e-11,2.11279561524375851e-11,2.11279565741799114e-11
1.97649412353088252e+01,2.10225539568254047e-11,2.10225537507987734e-11,2.10225541628520359e-11
1.97699424856214065e+01,2.09176773781633146e-11,2.09176771768720113e-11,2.09176775794546180e-11
1.97749437359339844e+01,2.08133240040912837e-11,2.08133238074285179e-11,2.08133242007540495e-11
1.97799449862465622e+01,2.07094912244645798e-11,2.07094910323259233e-11,2.07094914166032363e-11
1.97849462365591400e+01,2.06061764421599483e-11,2.06061762544432798e-11,2.06061766298766169e-11
1.97899474868717178e+01,2.05033770730105617e-11,2.05033768896160218e-11,2.05033772564051017e-11
1.97949487371842956e+01,2.04010905457413929e-11,2.04010903665713322e-11,2.04010907249114536e-11
1.97999499874968734e+01,2.02993143019049117e-11,2.02993141268638393e-11,2.02993144769459840e-11
1.98049512378094512e+01,2.01980457958170688e-11,2.01980456248116135e-11,2.01980459668225240e-11
1.98099524881220290e+01,2.00972824944936449e-11,2.00972823274325034e-11,2.00972826615547863e-11
1.98149537384346068e+01,1.99970218775868743e-11,1.99970217143807693e-11,1.99970220407929793e-11
1.98199549887471846e+01,1.98972614373224179e-11,1.98972612778840528e-11,1.98972615967607830e-11
1.98249562390597660e+01,1.97979986784365585e-11,1.97979985226805720e-11,1.97979988341925450e-11
1.98299574893723438e+01,1.96992311181140753e-11,1.96992309659570031e-11,1.96992312702711476e-11
1.98349587396849216e+01,1.96009562859257303e-11,1.96009561372859657e-11,1.96009564345654949e-11
1.98399599899974994e+01,1.95031717237667207e-11,1.95031715785644668e-11,1.95031718689689747e-11
1.98449612403100772e+01,1.94058749857951739e-11,1.94058748439524074e-11,1.94058751276379405e-11
1.98499624906226551e+01,1.93090636383709358e-11,1.93090634998113751e-11,1.93090637769304964e-11
1.98549637409352329e+01,1.92127352599947115e-11,1.92127351246437715e-11,1.92127353953456515e-11
1.98599649912478107e+01,1.91168874412474944e-11,1.91168873090322474e-11,1.91168875734627413e-11
1.98649662415603885e+01,1.90215177847303104e-11,1.90215176555794542e-11,1.90215179138811666e-11
1.98699674918729663e+01,1.89266239050042381e-11,1.89266237788480633e-11,1.89266240311604130e-11
1.98749687421855477e+01,1.88322034285306872e-11,1.88322033053010386e-11,1.88322035517603358e-11
1.98799699924981255e+01,1.87382539936122899e-11,1.87382538732425311e-11,1.87382541139820488e-11
1.98849712428107033e+01,1.86447732503334352e-11,1.86447731327584191e-11,1.86447733679084512e-11
1.98899724931232811e+01,1.85517588605017452e-11,1.85517587456577790e-11,1.85517589753457113e-11
1.98949737434358589e+01,1.84592084975895493e-11,1.84592083854143650e-11,1.84592086097647335e-11
1.98999749937484367e+01,1.83671198466756614e-11,1.83671197371083805e-11,1.83671199562429423e-11
1.99049762440610145e+01,1.82754906043875033e-11,1.82754904973686108e-11,1.82754907114063959e-11
1.99099774943735923e+01,1.81843184788434799e-11,1.81843183743147920e-11,1.81843185833721678e-11
1.99149787446861701e+01,1.80936011895956417e-11,1.80936010875002769e-11,1.80936012916910066e-11
1.99199799949987479e+01,1.80033364675726777e-11,1.80033363678550274e-11,1.80033365672903281e-11
1.99249812453113258e+01,1.79135220550231207e-11,1.79135219576288236e-11,1.79135221524174178e-11
1.99299824956239071e+01,1.78241557054588438e-11,1.78241556103347600e-11,1.78241558005829275e-11
1.99349837459364849e+01,1.77352351835991030e-11,1.77352350906932817e-11,1.77352352765049242e-11
1.99399849962490627e+01,1.76467582653142664e-11,1.76467581745759233e-11,1.76467583560526095e-11
1.99449862465616405e+01,1.75587227375704090e-11,1.75587226489498971e-11,1.75587228261909209e-11
1.99499874968742184e+01,1.74711263983739209e-11,1.74711263118227144e-11,1.74711264849251274e-11
1.99549887471867962e+01,1.73839670567164253e-11,1.73839669721870840e-11,1.73839671412457665e-11
1.99599899974993740e+01,1.72972425325199553e-11,1.72972424499661087e-11,1.72972426150738018e-11
1.99649912478119518e+01,1.72109506565824536e-11,1.72109505759587716e-11,1.72109507372061355e-11
1.99699924981245296e+01,1.71250892705235018e-11,1.71250891917856753e-11,1.71250893492613282e-11
1.99749937484371074e+01,1.70396562267303208e-11,1.70396561498350392e-11,1.70396563036256025e-11
1.99799949987496852e+01,1.69546493883040821e-11,1.69546493132090104e-11,1.69546494633991538e-11
1.99849962490622666e+01,1.68700666290063696e-11,1.68700665556701263e-11,1.68700667023426130e-11
1.99899974993748444e+01,1.67859058332062605e-11,1.67859057615883943e-11,1.67859059048241266e-11
1.99949987496874222e+01,1.67021648958270390e-11,1.67021648258880167e-11,1.67021649657660613e-11
2.00000000000000000e+01,1.66188417222937713e-11,1.66188416539949480e-11,1.66188417905925946e-11
